tree
version=v4
num_class=1
num_tree_per_iteration=1
label_index=0
max_feature_idx=12
objective=binary sigmoid:1
feature_names=Column_0 Column_1 Column_2 Column_3 Column_4 Column_5 Column_6 Column_7 Column_8 Column_9 Column_10 Column_11 Column_12
feature_infos=[0:1] [0:1] [0:1] [0:1] [0:1] [0:1] none [0:74] [0:151] [0:12] [0:27] [0:1] [0:1]
tree_sizes=3334 3352 3349 3348 3350 3369 3368 3370 3379 3386 3381 3387 3387 3379 3380 3385 3395 3392 3383 3387 3397 3388 3400 3394 3398 3398 3401 3405 3394 3415 3415 3412 3408 3400 3406 3412 3419 3399 3418 3416 3433 3405 3399 3410 3419 3408 3425 3415 3425 3426 3417 3424 3416 3416 3418 3431 3431 3433 3431 3433 3427 3418 3435 3440 3428 3433 3429 3430 3443 3424 3422 3434 3439 3438 3449 3438 3458 3455 3440 3431 3428 3453 3471 3259 2735 3440 3446 3479 3467 3451 3428 3467 894 3260 3420 3429 3478 3455 1110 3458

Tree=0
num_leaves=31
num_cat=0
split_feature=4 1 4 2 3 5 8 1 11 3 5 4 8 2 2 5 4 3 5 3 8 7 7 8 4 7 2 2 2 3
split_gain=46293.4 2856.78 455.168 532.791 354.293 344.489 201.091 169.424 430.852 359.399 166.248 100.543 85.5899 57.7226 47.4264 181.924 70.3788 47.4347 28.9144 22.4284 94.9162 17.5158 12.6468 12.6448 72.62 10.9589 10.3925 10.1135 5.10976 8.22337
threshold=0.27151675485008825 0.64583333333333337 0.35450268817204306 0.2561121049493143 0.26201372997711675 0.13392857142857145 24.500000000000004 0.44949494949494956 1.0000000180025095e-35 0.12310606060606062 0.21111111111111114 0.13004065040650412 24.500000000000004 0.3465463108320252 0.17108013937282232 0.18333333333333338 0.62988330796549985 0.37980769230769235 0.36666666666666675 0.16064516129032261 47.500000000000007 15.500000000000002 19.500000000000004 21.500000000000004 0.12015037593984963 15.500000000000002 0.6195238095238097 0.59761904761904772 0.50471698113207564 0.29705882352941182
decision_type=2 2 2 2 2 2 2 2 2 2 2 2 2 2 2 2 2 2 2 2 2 2 2 2 2 2 2 2 2 2
left_child=1 4 3 10 7 11 13 19 9 -9 -2 -3 21 -6 15 16 22 25 -8 26 -21 -12 -4 24 -7 -17 -1 -10 29 -5
right_child=2 5 14 28 6 23 18 8 27 -11 12 -13 -14 -15 -16 17 -18 -19 -20 20 -22 -23 -24 -25 -26 -27 -28 -29 -30 -31
leaf_value=-1.391671996271628 -1.3835393249939962 -1.3864799506140943 -1.3331499605546879 -0.98926928993007279 -1.3678971735862475 -1.2911013978926513 -1.127704896045461 -1.3885281283007722 -1.0290808367867856 -0.95806454264996488 -1.3195807177568624 -0.92027157527637793 -0.81982139362118867 -0.9424454819792798 -0.8106685803745719 -1.1898415939310121 -0.86149178843775553 -0.81832684138086553 -0.82187983155525735 -1.3781155863973285 -1.1443684412260167 -1.0430148781866353 -1.1151022148164689 -0.81930460911872172 -0.81011732907486489 -0.94874682259377585 -1.2176880400204628 -0.91971617571569797 -0.81011732907486489 -0.81011732907486489
leaf_weight=6674.3510437458754 34.006369024515152 17.00318451225758 10.133210971951486 4.4654828011989576 20.438171282410625 3.9502347856760052 3.7784854471683529 260.88724519312382 20.094672605395317 20.953419297933578 6.8699735403060931 6.3547255247831336 10.304960310459135 3.7784854471683493 1632.6492118537426 3.9502347856760016 5.8394775092601767 158.3528901040554 17.003184512257576 273.76844558119774 18.548928558826447 3.4349867701530457 3.606736108660697 87.076914623379707 15.285691127181051 3.6067361086606979 3.4349867701530448 14.598693773150442 53.585793614387512 6.0112268477678299
leaf_count=38861 198 99 59 26 119 23 22 1519 117 122 40 37 60 22 9506 23 34 922 99 1594 108 20 21 507 89 21 20 85 312 35
internal_value=-1.26411 -1.37719 -0.828498 -1.01824 -1.38542 -0.911914 -1.10568 -1.38715 -1.31559 -1.35653 -1.24772 -1.25964 -1.02361 -1.30151 -0.816112 -0.864029 -1.15231 -0.830008 -0.877484 -1.3904 -1.36328 -1.22739 -1.27591 -0.835514 -0.908891 -1.07477 -1.39158 -0.983061 -0.822605 -0.886477
internal_weight=9398.12 7461.31 1936.82 118.679 7331.64 129.671 44.9983 7286.64 316.534 281.841 54.6163 23.3579 20.6099 24.2167 1818.14 185.489 19.5794 165.91 20.7817 6970.1 292.317 10.305 13.7399 106.313 19.2359 7.55697 6677.79 34.6934 64.0625 10.4767
internal_count=54720 43443 11277 691 42688 755 262 42426 1843 1641 318 136 120 141 10586 1080 114 966 121 40583 1702 60 80 619 112 44 38881 202 373 61
is_linear=0
shrinkage=1


Tree=1
num_leaves=31
num_cat=0
split_feature=4 1 4 2 3 5 2 11 3 5 8 8 4 11 1 3 2 2 5 4 3 7 3 8 4 3 7 8 7 1
split_gain=31915.1 1982.84 374.303 475.314 209.33 200.399 148.479 163.032 176.061 147.173 101.599 67.6386 55.6255 49.5156 170.159 32.3378 23.8303 20.14 90.8781 43.8045 22.2748 11.6322 10.5523 7.25534 37.4641 7.12282 6.46009 5.91181 5.52167 4.49586
threshold=0.25108695652173918 0.64583333333333337 0.35450268817204306 0.23582887700534763 0.26201372997711675 0.13392857142857145 0.59761904761904772 1.0000000180025095e-35 0.10762548262548265 0.21111111111111114 29.500000000000004 21.500000000000004 0.13004065040650412 1.0000000180025095e-35 0.44949494949494956 0.17519181585677754 0.24509048902579902 0.17108013937282232 0.18333333333333338 0.52803983228511542 0.37980769230769235 15.500000000000002 0.31698564593301443 21.500000000000004 0.12015037593984963 0.6043478260869567 14.500000000000002 53.500000000000007 18.500000000000004 0.41428571428571431
decision_type=2 2 2 2 2 2 2 2 2 2 2 2 2 2 2 2 2 2 2 2 2 2 2 2 2 2 2 2 2 2
left_child=1 4 3 9 6 12 13 8 -8 -2 16 22 -3 15 -15 -1 -6 18 19 28 26 -13 -11 24 -7 -21 -20 -9 -4 -5
right_child=2 5 17 29 10 23 7 27 -10 11 -12 21 -14 14 -16 -17 -18 -19 20 25 -22 -23 -24 -25 -26 -27 -28 -29 -30 -31
leaf_value=-0.12430967549839556 -0.11710110028832399 -0.11868152037144426 -0.11042608081766087 0.25757401802740593 -0.10375881898037838 -0.024683600354001335 -0.12050945028228643 0.32759195750881087 0.32857447282482843 -0.053282997686774053 0.30343480189588135 0.14334510397511677 0.23646826448656955 -0.10638784657854844 0.18595486485431256 -0.084957492763638523 0.17950264302094324 0.32449673282555597 0.055934051692046897 0.15204998807559816 0.32003239657419347 0.33254609351093434 0.14319211359039924 0.31907529332609336 0.32481718161040463 0.3182487917819693 0.23283358597114981 0.21464796243389017 0.038460502202856038 0.32507188161595707
leaf_weight=6267.8506356030703 48.918403998017311 15.838236764073374 6.274128735065462 11.093293160200117 13.523013398051264 3.8905520141124752 65.098859444260597 9.2193475067615527 10.081850886344908 10.760099768638609 16.825884938240051 4.2637573629617718 6.1119925975799552 162.35454413294792 22.69276861846447 216.01740814745426 3.8058436810970298 2025.1505361199379 3.756150618195532 4.9116940796375257 195.84214636683464 13.660237476229666 3.6645671576261512 102.3428510427475 14.489734113216398 5.4288589656352997 4.5833381116390228 9.3188033998012525 4.1309759914875031 89.348234370350838
leaf_count=39288 304 99 38 56 83 23 406 46 51 64 81 22 30 1018 117 1322 20 9506 21 27 922 65 21 482 68 26 23 46 23 422
internal_value=-0.00155022 -0.110795 0.310195 0.172137 -0.118539 0.25815 -0.119786 0.00520767 -0.0602866 -0.00766786 0.128403 0.15782 -0.0197909 -0.121543 -0.0705372 -0.122999 -0.0415476 0.321344 0.292955 0.0935426 0.313217 0.287539 -0.00336876 0.308686 0.250838 0.239305 0.153157 0.270817 -0.051316 0.317617
internal_weight=9371.25 6939.46 2431.79 181.709 6796.79 142.673 6762.63 93.7189 75.1807 81.2671 34.1547 32.3487 21.9502 6668.92 185.047 6483.87 17.3289 2250.08 224.927 20.7457 204.182 17.924 14.4247 120.723 18.3803 10.3406 8.33949 18.5382 10.4051 100.442
internal_count=54720 43180 11540 954 42478 702 42294 549 457 476 184 172 129 41745 1135 40610 103 10586 1080 114 966 87 85 573 91 53 44 92 61 478
is_linear=0
shrinkage=0.1


Tree=2
num_leaves=31
num_cat=0
split_feature=4 1 4 2 1 5 5 3 11 5 3 8 4 8 4 2 5 4 3 8 3 7 2 7 7 3 8 4 1 1
split_gain=24453.7 1626.96 229.84 281.484 186.058 270.21 133.66 129.065 180.794 105.699 76.7441 64.9047 44.2907 44.1689 29.7184 19.9031 89.0495 42.3737 18.3131 83.2872 17.6767 11.0969 10.0785 8.50292 6.72026 4.68624 4.29369 25.146 3.84332 11.4116
threshold=0.25108695652173918 0.64583333333333337 0.33514492753623193 0.23582887700534763 0.44949494949494956 0.21111111111111114 0.13392857142857145 0.15075757575757578 1.0000000180025095e-35 0.21111111111111114 0.267948717948718 24.500000000000004 0.086057110304066098 12.500000000000002 0.1937129690585912 0.17108013937282232 0.18333333333333338 0.52803983228511542 0.16064516129032261 47.500000000000007 0.37980769230769235 15.500000000000002 0.62645348837209314 21.500000000000004 15.500000000000002 0.6043478260869567 21.500000000000004 0.12015037593984963 0.41428571428571431 0.11805555555555557
decision_type=2 2 2 2 2 2 2 2 2 2 2 2 2 2 2 2 2 2 2 2 2 2 2 2 2 2 2 2 2 2
left_child=1 4 3 9 10 14 12 8 -7 -2 18 -12 -3 -11 -6 16 17 23 22 -20 24 -15 -1 -4 -18 -19 27 -8 29 -5
right_child=2 6 15 28 5 7 26 -9 -10 13 11 -13 -14 21 -16 -17 20 25 19 -21 -22 -23 -24 -25 -26 -27 -28 -29 -30 -31
leaf_value=-0.12116860661853586 -0.11296492636659286 -0.12219815060769323 -0.11408930871188615 0.30014340927744415 -0.12024322239295429 -0.09944485182342902 -0.022549156335350738 0.29313973752714634 0.17746944259047603 -0.028427675697681138 -0.09269238613624986 0.24164724088353512 0.18142060028812468 0.088183578610191979 0.17345217862815288 0.26216186693928173 0.044102822654681614 0.12667514325565407 -0.10993504961106551 0.10872834921751895 0.25832936827358288 0.26313126975626194 0.056528270694785922 0.066173985722124379 0.20200027483612581 0.25561024229523027 0.25784689391840632 0.2624662592044979 0.26288450454709794 0.095326346947602489
leaf_weight=5736.6721099466085 41.941430032253265 14.122482389211656 9.9667698144912737 5.5350180268287641 179.60358545184135 51.132221564650536 3.8359292596578625 22.815636485815048 43.751205459237099 11.13114406168461 12.575455874204637 10.78673370182514 7.2819639742374411 4.7867181152105358 3.5127149224281302 2263.4239678531885 5.1128543615341169 5.283532574772833 229.24382896721363 18.851562321186066 218.11031487584114 14.947383001446722 3.1935740113258353 3.5482689440250388 5.7010594755411148 6.0430791676044464 113.26542454957962 16.037073910236359 78.631234809756279 5.3492954522371292
leaf_count=38845 280 95 64 25 1206 341 23 105 202 67 81 47 34 24 18 9600 28 27 1508 107 928 65 18 20 26 26 482 68 335 25
internal_value=-0.00227106 -0.107525 0.251747 0.136414 -0.115374 -0.038625 0.213036 0.0795914 0.0282417 -0.00960227 -0.119214 0.0616781 -0.0189046 0.130853 -0.114609 0.259184 0.232628 0.0528011 -0.11992 -0.0933199 0.252142 0.220696 -0.12107 -0.0667626 0.127346 0.195466 0.250325 0.207452 0.255175 0.199482
internal_weight=9146.19 6466.68 2679.51 162.322 6312.14 300.815 154.543 117.699 94.8834 72.8067 6011.32 23.3622 21.4044 30.8652 183.116 2517.19 253.766 24.8417 5987.96 248.095 228.924 19.7341 5739.87 13.515 10.8139 11.3266 133.138 19.873 89.5155 10.8843
internal_count=54720 43180 11540 821 42478 1872 702 648 543 436 40606 128 129 156 1224 10719 1119 137 40478 1615 982 89 38863 84 54 53 573 91 385 50
is_linear=0
shrinkage=0.1


Tree=3
num_leaves=31
num_cat=0
split_feature=4 1 1 5 4 2 5 4 11 8 3 8 4 5 4 3 8 2 3 7 4 2 5 5 7 5 2 7 5 7
split_gain=19663.9 1375.2 174.964 231.681 161.098 240.73 97.7976 96.584 157.064 90.8065 68.9525 50.2785 36.1975 35.6521 25.6508 18.6647 73.3131 9.2744 45.1442 19.8434 13.4352 9.26653 6.89084 6.61214 10.4069 6.06115 14.7726 4.58099 9.88036 4.48605
threshold=0.25108695652173918 0.64583333333333337 0.44949494949494956 0.21111111111111114 0.35450268817204306 0.17974358974358975 0.13392857142857145 0.0997076023391813 1.0000000180025095e-35 21.500000000000004 0.267948717948718 24.500000000000004 0.086057110304066098 0.21111111111111114 0.16517750299162348 0.16064516129032261 56.500000000000007 0.14017543859649126 0.44949494949494956 13.500000000000002 0.43613053613053615 0.62645348837209314 0.18333333333333338 0.41428571428571431 15.500000000000002 0.15476190476190479 0.52440476190476204 9.5000000000000018 0.58571428571428574 16.500000000000004
decision_type=2 2 2 2 2 2 2 2 2 2 2 2 2 2 2 2 2 2 2 2 2 2 2 2 2 2 2 2 2 2
left_child=1 2 10 14 5 9 12 8 -5 23 15 -12 -3 -11 -4 21 -17 18 19 20 -6 -1 -21 -2 -25 26 -7 28 -20 -15
right_child=4 6 3 7 17 25 -8 -9 -10 13 11 -13 -14 29 -16 16 -18 -19 27 22 -22 -23 -24 24 -26 -27 -28 -29 -30 -31
leaf_value=-0.11859498620326581 -0.11453035943280439 -0.11964476722955593 -0.11856108825453404 -0.11160748860867496 -0.11230854661620791 0.034283782927225386 0.21464948591864252 0.23469896625534689 0.15033880359573892 -0.084581044602783276 -0.088659319158476066 0.20554464899714608 0.15369284041428158 0.11799201319359312 0.10852422965894389 -0.10294144747872701 0.1457721496416888 0.22470266843953601 0.070257214866605064 0.061504558112920417 0.11420064743625589 0.049330416879035895 0.18816615700965578 -0.09256512809768791 0.09724420351710969 0.22544317529833025 0.22863039606870586 0.22484211421358982 0.22712045971234476 0.22890828561234156
leaf_weight=5297.5799297094345 35.792091444134712 13.0371580272913 164.71436621248722 45.24882011115551 6.2874628305435198 5.9778309464454678 139.3240964859724 27.469352722167969 46.325331658124924 5.5251170247793224 11.869727522134783 11.375910758972166 7.7100446820259085 4.7943236827850368 5.1290780156850806 221.04514989256859 12.523198828101156 2356.8748680949211 6.2178986370563516 6.1580645143985775 4.4876405447721481 3.2881678640842429 14.198493003845213 9.0410420000553113 4.2447843253612509 102.55946727097034 11.312858060002325 199.47542968392372 11.336024463176727 15.230601534247397
leaf_count=38845 257 95 1199 324 39 30 573 122 202 39 81 47 34 22 25 1548 67 9548 27 34 22 18 59 56 22 420 46 811 46 62
internal_value=-0.00267293 -0.104689 -0.112606 -0.0367295 0.216212 0.128416 0.184487 0.0702383 0.0209053 -0.0125771 -0.11655 0.0553177 -0.0180675 0.140304 -0.111703 -0.117272 -0.0896062 0.222767 0.204378 0.0917645 -0.0179715 -0.118491 0.14985 -0.0921674 -0.0319216 0.216209 0.16144 0.220532 0.171557 0.202353
internal_weight=8806.15 6006.64 5846.57 288.887 2799.51 194.478 160.071 119.044 91.5742 74.628 5557.68 23.2456 20.7472 25.55 169.843 5534.44 233.568 2605.04 248.161 31.1317 10.7751 5300.87 20.3566 49.0779 13.2858 119.85 17.2907 217.029 17.5539 20.0249
internal_count=54720 43180 42478 1872 11540 954 702 648 526 458 40606 128 129 123 1224 40478 1615 10586 1038 154 61 38863 93 335 78 496 76 884 73 84
is_linear=0
shrinkage=0.1


Tree=4
num_leaves=31
num_cat=0
split_feature=4 1 4 2 1 5 5 4 11 3 8 8 2 5 4 4 5 5 3 8 4 8 4 11 5 2 7 8 4 8
split_gain=16270 1084.76 206.667 219.298 133.508 179.271 79.9579 57.2124 127.817 51.781 49.8537 32.3546 26.0404 102.224 37.4989 24.5804 18.6552 17.3419 16.1072 64.4447 14.9336 24.4902 12.5314 9.46815 8.33318 13.5812 6.86825 4.95837 17.8095 4.9088
threshold=0.23112535612535615 0.64583333333333337 0.30289129830414241 0.18624359479700436 0.44949494949494956 0.21111111111111114 0.13392857142857145 0.0997076023391813 1.0000000180025095e-35 0.267948717948718 35.500000000000007 29.500000000000004 0.173494983277592 0.18333333333333338 0.52803983228511542 0.086057110304066098 0.92857142857142871 0.36666666666666675 0.17519181585677754 40.500000000000007 0.46318879855465228 23.500000000000004 0.16517750299162348 1.0000000180025095e-35 0.15476190476190479 0.5147186147186148 21.500000000000004 21.500000000000004 0.12015037593984963 11.500000000000002
decision_type=2 2 2 2 2 2 2 2 2 2 2 2 2 2 2 2 2 2 2 2 2 2 2 2 2 2 2 2 2 2
left_child=1 4 3 10 9 22 15 8 -7 18 16 29 13 14 26 -3 -2 -12 23 -20 21 -15 -6 -1 25 -5 -4 28 -8 -11
right_child=2 6 12 24 5 7 27 -9 -10 11 17 -13 -14 20 -16 -17 -18 -19 19 -21 -22 -23 -24 -25 -26 -27 -28 -29 -30 -31
leaf_value=-0.11685845690219195 -0.10602530226176531 -0.11742953458317523 -0.1073234712339898 0.006602956793450113 -0.11625176361303076 -0.10876952123915913 -0.038573232452248474 0.19796278676778678 0.13007651824351141 -0.11990781558903091 -0.027772495186637592 0.1966871765168175 0.19944916976511937 0.0247132894494911 0.14316754866334008 0.11802509641185258 0.125816497015206 0.20249250492638227 -0.10811719489345667 0.081564733855903765 0.19946864923881405 0.19262722712385583 0.054336341056612308 -0.089603151609477058 0.20471519449948958 0.22099104315119283 0.0253089338845295 0.19591422590300459 0.20082180684374112 0.033144121231474949
leaf_weight=4787.9691448807716 54.271339222788811 12.007554918527605 16.328067213296894 5.9175994545221311 151.84777085483074 41.956290751695633 4.2582751512527457 22.215895399451256 48.081713855266571 6.567567318677904 5.1521382331848136 8.4808569699525815 2440.3762250095606 13.71755902469158 12.33973979949951 7.0293613672256461 3.7078070789575568 8.9565636217594129 141.23830239474773 20.513081669807434 216.49304784834385 23.680579245090485 4.4319773912429801 130.94253045320511 67.112164586782455 5.9018794447183609 5.1313193738460532 115.97770190238953 11.499807387590407 3.0775072574615479
leaf_count=38095 402 95 121 32 1199 324 23 95 202 48 30 34 9764 67 53 30 21 37 1063 116 867 96 21 1025 275 24 31 464 46 20
internal_value=-0.0029146 -0.103459 0.189791 0.0759182 -0.110891 -0.0421664 0.16108 0.05424 0.018778 -0.11451 -0.050176 0.0542082 0.196095 0.167639 0.00426442 -0.0304882 -0.0911989 0.118406 -0.115112 -0.084062 0.189389 0.131037 -0.111414 -0.116133 0.191079 0.113654 -0.0756087 0.188763 0.136131 -0.0710727
internal_weight=8397.18 5518.1 2879.09 151.019 5367.32 268.534 150.773 112.254 90.038 5098.79 72.0878 18.1259 2728.07 287.69 33.7991 19.0369 57.9791 14.1087 5080.66 161.751 253.891 37.3981 156.28 4918.91 78.9316 11.8195 21.4594 131.736 15.7581 9.64507
internal_count=54720 42900 11820 821 42242 1841 658 621 526 40401 490 102 10999 1235 205 125 423 67 40299 1179 1030 163 1220 39120 331 56 152 533 69 68
is_linear=0
shrinkage=0.1


Tree=5
num_leaves=31
num_cat=0
split_feature=4 1 4 2 1 5 5 8 3 11 3 5 8 4 3 8 2 5 4 4 4 8 11 5 7 5 1 7 8 8
split_gain=13713.3 943.66 164.517 201.446 124.942 157.477 66.3145 54.9091 46.7953 101.828 46.7057 36.1387 26.4091 21.312 16.0526 53.2169 15.0023 63.9261 29.8151 11.5078 10.5464 13.2913 9.94474 9.19012 7.55831 5.86753 14.7885 5.49191 5.01319 4.45786
threshold=0.23112535612535615 0.61250000000000016 0.31843156843156845 0.18624359479700436 0.43650793650793657 0.21111111111111114 0.13392857142857145 21.500000000000004 0.12310606060606062 1.0000000180025095e-35 0.267948717948718 0.21111111111111114 29.500000000000004 0.13004065040650412 0.16064516129032261 45.500000000000007 0.25176056338028174 0.18333333333333338 0.52803983228511542 0.16517750299162348 0.46318879855465228 23.500000000000004 1.0000000180025095e-35 0.92857142857142871 18.500000000000004 0.15476190476190479 0.44949494949494956 21.500000000000004 30.500000000000004 11.500000000000002
decision_type=2 2 2 2 2 2 2 2 2 2 2 2 2 2 2 2 2 2 2 2 2 2 2 2 2 2 2 2 2 2
left_child=1 4 3 7 10 19 13 23 9 -7 14 -9 29 -3 22 -16 17 18 27 -6 21 -19 -1 -2 -13 26 -5 -4 -10 -12
right_child=2 6 16 25 5 8 -8 11 28 -11 12 24 -14 -15 15 -17 -18 20 -20 -21 -22 -23 -24 -25 -26 -27 -28 -29 -30 -31
leaf_value=-0.11505637479278417 -0.10931547984596748 -0.10849448731380409 -0.091022387777772495 -0.022552698594576551 -0.11422425423029997 -0.10188601682584458 0.1712829651986052 -0.10598403483790747 0.10431320419520225 0.11311414163807015 -0.11767393151773287 0.061903873707123296 0.17732327294853745 0.1168125456930669 -0.10308796484882093 0.067059440354498789 0.18162617140829765 0.050813800764402742 0.13022121853748397 0.047942611092272304 0.1810699488776748 0.17244905785613862 -0.086197154409656085 0.076534826723784713 0.20135742748129759 0.18456051201446066 0.18521218223967861 0.033377047058511904 0.20986958047593418 0.029245041121703008
leaf_weight=4363.0424994453788 49.749089442193508 12.152208231389524 13.426374696195127 5.0724163204431525 141.10859072953463 39.954991810023785 131.00071661174297 7.3938288465142277 6.3110958039760616 49.099144220352173 6.0495702028274554 5.7084440588951137 8.4656114429235441 6.4143008291721335 168.48684381693602 20.633409306406975 2345.9472767561674 14.865285933017729 15.574420511722563 4.5159369856119147 255.21334666013718 22.704648599028587 122.76526898145676 2.8110311329364768 12.177640169858931 83.133805423974991 10.554640278220175 4.8238810151815406 15.67263740301132 3.1357347071170807
leaf_count=37774 402 102 96 29 1211 330 534 56 27 202 48 26 34 26 1374 109 9478 69 65 21 1030 92 1024 16 50 340 43 28 64 20
internal_value=-0.00306585 -0.101256 0.172654 0.0791744 -0.108734 -0.0407969 0.146215 -0.0411279 0.0489067 0.0166523 -0.11245 0.0799767 0.0499112 -0.0306561 -0.113063 -0.0845245 0.178831 0.158751 0.0285894 -0.109195 0.173788 0.124322 -0.114267 -0.0993758 0.15685 0.173993 0.117773 -0.0581413 0.179566 -0.0675178
internal_weight=7947.96 5098.81 2849.16 176.601 4949.24 256.662 149.567 77.84 111.038 89.0541 4692.58 25.2799 17.6509 18.5665 4674.93 189.12 2672.56 326.608 33.8247 145.625 292.783 37.5699 4485.81 52.5601 17.8861 98.7609 15.6271 18.2503 21.9837 9.1853
internal_count=54720 42900 11820 962 42238 1855 662 550 623 532 40383 132 102 128 40281 1483 10858 1380 189 1232 1191 161 38798 418 76 412 72 124 91 68
is_linear=0
shrinkage=0.1


Tree=6
num_leaves=31
num_cat=0
split_feature=4 2 5 4 2 3 8 11 1 5 4 8 2 2 5 4 1 4 11 7 3 5 3 8 8 7 7 7 5 2
split_gain=11706 841.213 165.22 135.259 145.755 71.1196 90.4168 56.434 104.731 37.4408 35.8224 27.5504 22.5398 19.4838 67.9735 27.5736 15.6052 13.9401 49.8459 13.6042 12.5373 11.8668 9.06775 27.7942 8.64593 8.40672 6.88692 6.206 6.13614 9.73435
threshold=0.23112535612535615 0.59761904761904772 0.18333333333333338 0.30289129830414241 0.18624359479700436 0.21240601503759401 34.500000000000007 1.0000000180025095e-35 0.31666666666666671 0.30952380952380959 0.11551543694400838 21.500000000000004 0.21483516483516488 0.17974358974358975 0.18333333333333338 0.62988330796549985 0.61250000000000016 0.10542661000326906 1.0000000180025095e-35 2.5000000000000004 0.36602870813397131 0.41428571428571431 0.16064516129032261 44.500000000000007 38.500000000000007 8.5000000000000018 18.500000000000004 13.500000000000002 0.15476190476190479 0.5147186147186148
decision_type=2 2 2 2 2 2 2 2 2 2 2 2 2 2 2 2 2 2 2 2 2 2 2 2 2 2 2 2 2 2
left_child=1 5 10 4 9 7 12 22 -9 -2 -3 -11 -7 14 15 27 17 18 -4 -10 25 -8 -1 -24 -12 -16 -13 -5 29 -6
right_child=3 2 16 13 28 6 21 8 19 11 24 26 -14 -15 20 -17 -18 -19 -20 -21 -22 -23 23 -25 -26 -27 -28 -29 -30 -31
leaf_value=-0.11313611481771946 -0.10979249121175771 -0.11168376230595178 -0.10656481596477659 -0.10369449166283713 0.00057079513813155722 -0.10406579267765417 0.014049901102143287 -0.11160071905765219 0.13085555039686014 -0.0655145970557348 0.00076655214328504365 0.041152194173551288 0.082566308342868489 0.16780146999073234 -0.055459026567336714 0.15480461588354102 0.16094465499787913 0.18277033074387844 0.14757278121485448 0.025164345968314163 0.16371389689172339 0.18739173841813014 -0.10388684812936405 0.037302873107480171 0.19796220672837461 0.11322297323845976 0.18752066274189655 -0.0017091807718905704 0.16898507806156979 0.18209425852940886
leaf_weight=4134.1851368620992 38.035648971796036 38.519926562905312 11.807703122496603 11.629125565290453 5.9478512406349164 53.637468241155148 5.0374248623847988 95.124457038938999 19.580003254115582 12.252731092274191 4.0161641985177976 4.8372559100389472 7.3589159548282614 2351.5214087963104 3.888757228851321 8.9056841582059842 119.28835065662861 12.564127564430235 22.281322330236435 32.217503167688847 232.8323093354702 18.284488901495934 108.52631140500307 15.998071342706679 4.9808641225099564 12.298412665724753 9.5831734389066678 12.254147693514822 65.891541004180908 5.8695046752691269
leaf_count=38964 338 356 105 94 32 462 29 849 108 90 19 22 42 9753 22 36 494 53 91 195 963 84 943 85 21 53 40 78 275 24
internal_value=-0.00316238 -0.0992709 0.0946885 0.15969 0.0647688 -0.108492 -0.017518 -0.110233 -0.0492988 -0.0460935 -0.0697214 0.0447406 -0.0815495 0.164824 0.139976 0.00463022 0.141767 0.0927307 0.059545 0.0651167 0.157798 0.149951 -0.112335 -0.0857477 0.109936 0.0726993 0.138422 -0.0513674 0.157085 0.0907308
internal_weight=7479.16 4703.41 213.458 2775.75 142.418 4489.95 84.3183 4405.63 146.922 64.7088 47.517 26.6732 60.9964 2633.33 281.808 32.789 165.942 46.6532 34.089 51.7975 249.019 23.3219 4258.71 124.524 8.99703 16.1872 14.4204 23.8833 77.7089 11.8174
internal_count=54720 42900 1139 11820 821 41761 617 41144 1152 490 396 152 504 10999 1246 208 743 249 196 303 1038 113 39992 1028 40 75 62 172 331 56
is_linear=0
shrinkage=0.1


Tree=7
num_leaves=31
num_cat=0
split_feature=4 2 5 4 2 3 8 5 11 1 4 8 5 2 2 2 11 4 2 5 4 3 8 4 8 5 8 7 7 7
split_gain=10085.2 746.482 137.893 113.904 147.47 66.9052 79.0178 55.8192 55.3959 91.9833 31.2434 27.221 21.5018 18.8408 13.5941 11.7492 10.0698 33.6421 9.03244 34.1429 17.8169 9.00954 25.9472 8.55536 7.43054 7.1927 6.00893 5.57159 5.37646 5.16603
threshold=0.23112535612535615 0.59761904761904772 0.18333333333333338 0.33514492753623193 0.23582887700534763 0.20942982456140355 28.500000000000004 0.21111111111111114 1.0000000180025095e-35 0.31666666666666671 0.11551543694400838 18.500000000000004 0.30952380952380959 0.21483516483516488 0.70106382978723414 0.42997198879551829 1.0000000180025095e-35 0.10542661000326906 0.23845060412224592 0.18333333333333338 0.51639784946236567 0.14039408866995076 44.500000000000007 0.43613053613053615 11.500000000000002 0.92857142857142871 41.500000000000007 21.500000000000004 11.500000000000002 21.500000000000004
decision_type=2 2 2 2 2 2 2 2 2 2 2 2 2 2 2 2 2 2 2 2 2 2 2 2 2 2 2 2 2 2
left_child=1 5 10 4 7 8 13 -2 21 -10 -3 25 -8 -7 16 -11 17 -4 19 20 27 -1 -23 24 -21 -9 -12 -5 -13 -14
right_child=3 2 14 18 -6 6 12 11 9 15 26 28 29 -15 -16 -17 -18 -19 -20 23 -22 22 -24 -25 -26 -27 -28 -29 -30 -31
leaf_value=-0.11184737478338003 -0.10265114487627314 -0.10995087114896754 -0.1166200007510344 -0.098688210503344614 0.15123190869529235 -0.10601577380527716 -0.074778614960095968 -0.073334120783850029 -0.10976540893659795 0.013415486408440922 0.011876604840814433 0.033965317426054048 0.11647934393743647 0.066452484090699954 0.14788125000375038 0.10797614117430639 0.12759876651436475 0.155097106479272 0.15746320222504312 -0.00078473070030206425 0.10594715431802669 -0.10367915762322125 0.008679801733568698 0.15564587937997834 0.12619631225705194 0.089208745434532499 0.17504814050228812 0.046131157182477622 0.15723785596730658 0.21313637900105886
leaf_weight=3721.6908384338021 43.990115962922573 35.375477284193039 8.6843395978212374 8.7604625821113604 109.85975794494152 50.44180716574192 4.523981727659705 12.432417891919611 87.437650948762894 28.268221639096737 4.2663041204214078 4.397706642746928 11.132422648370268 7.2436469271779051 122.10318599641323 24.552387796342373 20.886619210243225 9.5870083272457105 2193.0795682817698 6.266125142574313 15.280172258615492 157.26892484724522 23.642750546336174 236.08441717922688 17.418436318635941 3.4857231676578513 4.7916878387331963 3.8128332495689383 18.09934689104557 10.986755080521105
leaf_count=38276 416 356 79 69 474 473 29 95 849 185 20 20 52 43 536 118 87 41 9451 29 65 1523 162 1011 74 19 20 20 77 51
internal_value=-0.00322698 -0.0974638 0.0884608 0.149531 0.0753812 -0.10673 -0.0185725 -0.0257402 -0.108569 -0.0468231 -0.0675194 0.0623323 0.123862 -0.0843587 0.131439 0.0573697 0.080169 0.0259504 0.155278 0.138616 0.0333972 -0.110788 -0.0889953 0.149898 0.0926015 -0.0377408 0.0981945 -0.054772 0.133141 0.16449
internal_weight=7005.85 4332.88 205.695 2672.97 192.265 4127.19 84.3286 82.4053 4042.86 140.258 44.4335 38.4152 26.6432 57.6855 161.261 52.8206 39.158 18.2713 2480.7 287.622 27.8535 3902.6 180.912 259.769 23.6846 15.9181 9.05799 12.5733 22.4971 22.1192
internal_count=54720 42900 1139 11820 1101 41761 648 627 41113 1152 396 211 132 516 743 303 207 120 10719 1268 154 39961 1685 1114 103 114 40 89 97 103
is_linear=0
shrinkage=0.1


Tree=8
num_leaves=31
num_cat=0
split_feature=4 2 5 4 2 3 8 11 1 5 4 7 5 2 2 5 4 1 3 4 11 8 7 3 8 8 1 1 5 8
split_gain=8749.6 664.175 115.698 98.3454 103.514 62.739 66.4961 54.1213 81.1978 29.0148 27.4166 20.3607 17.1958 16.8473 16.6324 52.7873 20.0869 13.131 11.2025 10.6748 35.5944 10.4223 10.0895 9.59393 24.9395 7.84609 6.48258 15.6046 7.25544 5.54384
threshold=0.23112535612535615 0.59761904761904772 0.18333333333333338 0.30289129830414241 0.18624359479700436 0.20942982456140355 28.500000000000004 1.0000000180025095e-35 0.31666666666666671 0.30952380952380959 0.11551543694400838 18.500000000000004 0.30952380952380959 0.21483516483516488 0.21103238866396765 0.18333333333333338 0.51639784946236567 0.61250000000000016 0.36602870813397131 0.10542661000326906 1.0000000180025095e-35 33.500000000000007 2.5000000000000004 0.14039408866995076 38.500000000000007 39.500000000000007 0.41428571428571431 0.11805555555555557 0.30952380952380959 20.500000000000004
decision_type=2 2 2 2 2 2 2 2 2 2 2 2 2 2 2 2 2 2 2 2 2 2 2 2 2 2 2 2 2 2
left_child=1 5 10 4 9 7 13 23 -9 -2 -3 21 -8 -7 15 16 29 19 25 20 -4 -11 -10 -1 -25 -17 27 -6 -29 -5
right_child=3 2 17 14 26 6 12 8 22 11 -12 -13 -14 -15 -16 18 -18 -19 -20 -21 -22 -23 -24 24 -26 -27 -28 28 -30 -31
leaf_value=-0.11050996650576091 -0.10600525292823743 -0.10837145709312811 -0.10370095148103589 -0.097424556033044785 0.22062849730227302 -0.10394685540106346 -0.069957577994917072 -0.10808775418818982 0.10607370263774236 -0.093714071198381974 0.088473110025914459 0.13577431688570046 0.14722045280749843 0.058262984047463544 0.14890421797237702 0.012662006919579652 0.092054757477220861 0.14082046189957717 0.14446377135381563 0.15759722108118912 0.11903296350629911 0.10776879900349719 0.016693407342251467 -0.10432553192272341 -0.0051367299049345774 0.16371192663122516 0.14946672831287283 -0.11512718375631095 0.075080414697580311 0.031022028289343959
leaf_weight=3406.1899265125394 32.359384454786777 32.451726406812668 10.586199492216108 13.827534675598146 4.4574073925614348 46.50379554182291 4.3608828559517887 80.282120883464813 20.522501565515995 10.493926674127581 9.0485942214727384 11.429041370749472 22.233303621411324 7.4252426251769057 2142.1583489328623 11.317193433642389 14.295326188206671 111.25089508295059 229.26361651718616 11.959833711385725 22.264535218477249 3.3988966494798651 32.837595053017139 137.96755623072386 31.054804123938084 4.9398736804723731 60.562883943319321 3.716036915779112 4.3565097898244858 4.4388865381479254
leaf_count=38276 338 356 105 123 20 473 29 849 108 82 40 56 103 43 9682 55 61 494 1025 53 91 14 195 1448 237 21 270 22 19 32
internal_value=-0.00326934 -0.0958051 0.0829481 0.141353 0.056886 -0.105125 -0.0177984 -0.10702 -0.0445402 -0.0432658 -0.0654521 0.0369103 0.111608 -0.0816129 0.145917 0.122909 0.00327116 0.122411 0.138776 0.0767063 0.0472566 -0.044421 0.0510694 -0.109356 -0.0861014 0.05856 0.135921 0.0704474 -0.0124779 -0.066211
internal_weight=6537.95 3986.94 197.562 2551.01 130.774 3789.38 80.5232 3708.85 133.642 57.6812 41.5003 25.3219 26.5942 53.929 2420.24 278.082 32.5617 156.061 245.521 44.8106 32.8507 13.8928 53.3601 3575.21 169.022 16.2571 73.0928 12.53 8.07255 18.2664
internal_count=54720 42900 1139 11820 821 41761 648 41113 1152 490 396 152 132 516 10999 1317 216 743 1101 249 196 96 303 39961 1685 76 331 61 41 155
is_linear=0
shrinkage=0.1


Tree=9
num_leaves=31
num_cat=0
split_feature=4 2 5 4 2 3 8 11 1 5 4 8 2 5 1 5 3 2 2 4 11 2 5 4 4 10 8 8 7 7
split_gain=7633.13 592.095 98.2552 86.2224 119.255 58.8757 56.2361 53.1875 71.8907 47.9459 24.1339 20.4496 15.1334 13.9018 11.6183 11.0134 10.2444 24.9905 9.22599 9.11915 29.8496 6.17984 19.9181 9.93025 7.71241 6.24863 5.25442 5.00401 4.79039 4.18059
threshold=0.23112535612535615 0.59761904761904772 0.18333333333333338 0.35450268817204306 0.2561121049493143 0.20942982456140355 28.500000000000004 1.0000000180025095e-35 0.31666666666666671 0.21111111111111114 0.11551543694400838 21.500000000000004 0.21483516483516488 0.30952380952380959 0.61250000000000016 0.92857142857142871 0.14039408866995076 0.37617924528301894 0.42997198879551829 0.10542661000326906 1.0000000180025095e-35 0.26365441906653431 0.18333333333333338 0.62988330796549985 0.46318879855465228 3.5000000000000004 30.500000000000004 41.500000000000007 11.500000000000002 21.500000000000004
decision_type=2 2 2 2 2 2 2 2 2 2 2 2 2 2 2 2 2 2 2 2 2 2 2 2 2 2 2 2 2 2
left_child=1 5 10 4 9 7 12 16 -9 -2 -3 15 -7 -8 19 -11 -1 -18 -10 20 -4 22 23 25 26 -5 -24 -12 -13 -15
right_child=3 2 14 21 -6 6 13 8 18 11 27 28 -14 29 -16 -17 17 -19 -20 -21 -22 -23 24 -25 -26 -27 -28 -29 -30 -31
leaf_value=-0.10931855719323609 -0.097723323493372066 -0.10691917309648852 -0.10161797564266387 0.074578169059884264 0.1356865021033189 -0.10197894918254469 -0.065376420989176329 -0.10653948853429084 0.0069096027294747973 -0.068219847679703849 0.0017325338360395523 0.025968544255592092 0.051300953358616785 0.089766454008808505 0.13297460367995986 0.11144258707834243 -0.093085961585870514 0.077067072321272079 0.089774072852110212 0.14781013914980637 0.10845985204644899 0.14233379296119039 0.036378408928605326 0.12047417929530538 0.14098378482650165 -0.054597813495472373 0.12629750669224943 0.15041479753832357 0.1424411535539781 0.17661603727388045
leaf_weight=3113.9176376610994 40.918371096253395 29.742046140134335 9.7651528418064135 6.0059947818517712 118.9681778550148 42.849094144999981 4.2079984620213535 73.64411511272192 28.969574853777885 13.607471920549871 4.3332487344741804 4.3921415805816677 7.5807610601186743 11.164050355553629 106.29003745317459 4.5538468062877646 148.90674405544996 9.1628238037228567 25.058325789868832 11.500208556652067 22.00442299246788 1939.3263599574566 12.397315442562105 10.173041447997091 224.96301221847534 9.9461579546332342 13.658157616853712 4.7393374145030975 18.014773786067963 11.006861135363577
leaf_count=38276 444 356 105 40 560 473 29 849 185 105 20 20 43 52 494 23 1622 63 118 53 91 9267 55 44 1063 55 62 20 82 51
internal_value=-0.00329581 -0.0942746 0.0783991 0.134658 0.0718516 -0.103631 -0.0170523 -0.105587 -0.0422665 -0.0213456 -0.0633684 0.0556912 -0.0789375 0.101257 0.115191 -0.0231705 -0.108058 -0.0832227 0.0453424 0.0715078 0.0438873 0.140338 0.12637 0.0432711 0.135018 -0.00596298 0.0835136 0.0794012 0.119611 0.132883
internal_weight=6081.77 3664.84 188.374 2416.92 200.455 3476.47 76.8088 3399.66 127.672 81.4866 38.8146 40.5682 50.4299 26.3789 149.56 18.1613 3271.99 158.07 54.0279 43.2698 31.7696 2216.47 277.144 26.1252 251.018 15.9522 26.0555 9.07259 22.4069 22.1709
internal_count=54720 42900 1139 11820 1234 41761 648 41113 1152 674 396 230 516 132 743 128 39961 1685 303 249 196 10586 1319 139 1180 95 117 40 102 103
is_linear=0
shrinkage=0.1


Tree=10
num_leaves=31
num_cat=0
split_feature=4 2 5 4 2 3 11 1 8 8 4 5 2 5 5 3 8 1 5 7 3 11 1 9 2 3 5 10 4 7
split_gain=6687.94 528.708 83.8732 76.6324 102.485 55.3131 52.1075 63.8686 47.7398 40.5112 21.3599 16.8281 13.6928 11.3367 11.0807 10.9126 25.7305 10.3759 8.39443 8.19216 7.92672 21.7056 6.62798 16.1641 6.34268 18.6227 7.20186 8.682 4.64423 4.33702
threshold=0.23112535612535615 0.59761904761904772 0.18333333333333338 0.35450268817204306 0.17974358974358975 0.20942982456140355 1.0000000180025095e-35 0.31666666666666671 28.500000000000004 21.500000000000004 0.11551543694400838 0.21111111111111114 0.16345083487940634 0.30952380952380959 0.41428571428571431 0.14039408866995076 34.500000000000007 0.61250000000000016 0.92857142857142871 1.5000000000000002 0.12310606060606062 1.0000000180025095e-35 0.41428571428571431 1.5000000000000002 0.26365441906653431 0.46410256410256417 0.18333333333333338 3.5000000000000004 0.46318879855465228 18.500000000000004
decision_type=2 2 2 2 2 2 2 2 2 2 2 2 2 2 2 2 2 2 2 2 2 2 2 2 2 2 2 2 2 2
left_child=1 5 10 4 9 6 15 -8 12 18 -3 -11 -7 -10 -14 -1 -17 20 -2 -9 21 -4 23 -6 25 26 27 -5 -28 -13
right_child=3 2 17 24 22 8 7 19 13 11 -12 29 14 -15 -16 16 -18 -19 -20 -21 -22 -23 -24 -25 -26 -27 28 -29 -30 -31
leaf_value=-0.10825282225166644 -0.096169083358751115 -0.10557142483126092 -0.077742889652079566 0.08407102244619212 0.12538376516557634 -0.10238106306637007 -0.10509642088288913 0.10665315260117843 -0.061018719184795844 -0.077966874120513785 0.072279044859216116 0.049349141739828198 -0.098959996356323798 0.12077043106511005 0.12739021727444774 -0.1031047967444835 -0.0037936353403820611 0.12623627743903035 0.059878434793125448 0.017750844707739088 0.14548098539828466 0.099321641956848922 0.13572492474946016 -0.090809565689825122 0.13668709909148988 0.13233145618118783 0.058541651741919956 -0.068776049294908659 0.13752259037663905 0.14608071577120799
leaf_weight=2843.9091547876596 41.590233139693737 27.237794302403927 10.179110966622831 7.192335478961466 13.513172276318075 38.228882752358913 67.50437868386507 13.947738319635389 4.065311715006831 5.8490995094180134 8.9789811223745328 6.9420809447765377 3.654135197401045 21.966919004917145 5.2990104109048843 114.07220072299242 33.824358455836773 101.03963679075241 3.7588469088077536 40.352453753352165 9.8151745498180372 21.644682228565216 99.973079189658165 4.6478113532066336 1823.4583146572113 217.20500659942627 18.905077099800113 7.6892770156264305 12.281833276152609 13.947358414530752
leaf_count=38276 464 356 110 44 67 458 849 69 29 63 40 31 28 103 30 1394 291 494 19 234 48 91 499 23 9267 1084 86 45 60 68
internal_value=-0.00330944 -0.0928546 0.0744272 0.129053 0.0682912 -0.102245 -0.104265 -0.0401513 -0.01633 -0.025672 -0.0614782 0.0719557 -0.0763105 0.0923814 0.0350077 -0.106876 -0.0803921 0.108925 -0.0832348 0.0405866 0.066917 0.042686 0.125629 0.0700549 0.134592 0.120083 0.0623331 0.00509548 0.0896454 0.113934
internal_weight=5642.67 3365.72 178.895 2276.95 190.222 3186.82 3113.61 121.805 73.2143 72.0876 36.2168 26.7385 47.182 26.0322 8.95315 2991.81 147.897 142.679 45.3491 54.3002 41.639 31.8238 118.134 18.161 2086.73 263.274 46.0685 14.8816 31.1869 20.8894
internal_count=54720 42900 1139 11820 1234 41761 41113 1152 648 645 396 162 516 132 58 39961 1685 743 483 303 249 201 589 90 10586 1319 235 89 146 99
is_linear=0
shrinkage=0.1


Tree=11
num_leaves=31
num_cat=0
split_feature=4 2 5 4 2 11 1 3 8 8 5 2 5 4 7 1 5 4 11 4 7 7 4 7 2 7 2 5 2 3
split_gain=5880.42 443.689 106.349 100.899 96.0462 37.1355 47.6978 38.2051 50.727 26.2054 16.6098 14.9992 37.0505 14.8407 13.0802 12.9249 12.2606 11.9429 27.0306 10.3768 12.2648 9.74035 9.01507 8.24148 7.35084 6.35315 6.04827 5.05778 7.15078 4.5325
threshold=0.21458087367178277 0.55291153415453542 0.18333333333333338 0.30289129830414241 0.23845060412224592 1.0000000180025095e-35 0.31666666666666671 0.19615384615384621 34.500000000000007 39.500000000000007 0.30952380952380959 0.21103238866396765 0.18333333333333338 0.13004065040650412 28.500000000000004 0.61250000000000016 0.81666666666666676 0.10542661000326906 1.0000000180025095e-35 0.46318879855465228 15.500000000000002 1.5000000000000002 0.43613053613053615 11.500000000000002 0.39811320754716989 11.500000000000002 0.21483516483516488 0.15476190476190479 0.52440476190476204 0.14039408866995076
decision_type=2 2 2 2 2 2 2 2 2 2 2 2 2 2 2 2 2 2 2 2 2 2 2 2 2 2 2 2 2 2
left_child=1 5 13 4 9 7 -7 29 26 16 -10 12 14 -3 22 17 -2 18 -4 20 -14 24 -5 -23 -8 -11 -9 28 -6 -1
right_child=3 2 15 11 27 6 21 8 10 25 -12 -13 19 -15 -16 -17 -18 -19 -20 -21 -22 23 -24 -25 -26 -27 -28 -29 -30 -31
leaf_value=-0.10739610467845012 -0.0932217732090279 -0.10342754817768295 -0.10059673721404459 -0.089897418755572389 -0.022421786617910479 -0.10373181779908572 0.020883100339040839 -0.096529062979100411 -0.08322998798962572 -0.044252528071584411 0.13906060058725345 0.13167172668951477 -0.015945974466796863 0.048303945128597849 0.15100988913268909 0.12045107066971616 0.056798679108561269 0.15000227020554918 0.086548096568637517 0.12976000891958636 0.11099827674988097 -0.023139847608057661 0.030453124099087649 0.092114479674622343 0.17455135286548384 0.11160348117822116 0.0048771618338071037 0.13212218794511529 0.13594792890574103 -0.086349008770499988
leaf_weight=2576.8420311287045 47.737149730324745 37.218521699309349 11.144538193941115 12.233511731028562 5.4992228299379331 61.767130255699158 5.7179373204708082 50.920513398945332 4.1783923879265812 3.4165897965431204 17.191591136157513 1783.9453181624413 11.247270569205282 7.7965336814522734 4.8388773426413527 95.043493285775185 6.1494035422801963 10.527012556791304 25.101297996938229 174.79030704498291 23.539959147572517 28.138666965067387 12.670346327126024 7.9591896906495085 6.8327939957380295 11.153522156178949 6.649787336587905 61.816421307623386 5.9206360578536987 106.54913458973169
leaf_count=38017 581 530 143 129 29 848 30 653 29 20 83 9682 57 35 25 488 37 53 109 931 113 171 62 43 32 64 44 325 29 1328
internal_value=-0.00331563 -0.0925587 0.0567662 0.122805 0.0412274 -0.10227 -0.0454021 -0.104543 -0.0359762 -0.0439298 0.095597 0.128518 0.105011 -0.0771479 0.000565141 0.099273 -0.0761018 0.0562386 0.0290065 0.119833 0.0699552 0.0286568 -0.0286666 0.00227249 0.104542 0.0750563 -0.0848159 0.120827 0.0596851 -0.10656
internal_weight=5224.54 3059.58 186.831 2164.96 141.693 2872.75 110.416 2762.33 78.9403 68.4567 21.37 2023.27 239.32 45.0151 29.7427 141.816 53.8866 46.7728 36.2458 209.578 34.7872 48.6486 24.9039 36.0979 12.5507 14.5701 57.5703 73.2363 11.4199 2683.39
internal_count=54720 42636 1358 12084 1085 41278 1124 40154 809 702 112 10999 1317 565 216 793 618 305 252 1101 170 276 191 214 62 84 697 383 58 39345
is_linear=0
shrinkage=0.1


Tree=12
num_leaves=31
num_cat=0
split_feature=4 2 4 2 5 11 1 3 8 5 7 2 3 4 1 8 5 4 11 12 7 7 5 8 2 10 5 2 2 8
split_gain=5186.85 383.15 106.825 93.0901 88.7599 37.1882 42.9822 33.7541 42.6637 30.6901 22.7905 14.9554 35.8557 14.4386 11.9067 10.8751 10.1662 9.59544 22.9939 9.0469 8.61893 8.925 7.75883 7.37961 7.14323 6.94674 6.27443 5.13012 5.05501 5.02008
threshold=0.20766968880176431 0.55291153415453542 0.30289129830414241 0.2561121049493143 0.18333333333333338 1.0000000180025095e-35 0.31666666666666671 0.19615384615384621 34.500000000000007 0.21111111111111114 21.500000000000004 0.26365441906653431 0.36602870813397131 0.086057110304066098 0.61250000000000016 46.500000000000007 0.18333333333333338 0.10542661000326906 1.0000000180025095e-35 1.0000000180025095e-35 2.5000000000000004 11.500000000000002 0.58571428571428574 40.500000000000007 0.16345083487940634 5.5000000000000009 0.18333333333333338 0.60208333333333341 0.18624359479700436 21.500000000000004
decision_type=2 2 2 2 2 2 2 2 2 2 2 2 2 2 2 2 2 2 2 2 2 2 2 2 2 2 2 2 2 2
left_child=1 5 3 9 13 7 -7 -1 24 -2 28 12 19 -3 17 -15 25 18 -6 -4 -8 -22 -10 -21 -9 -14 27 -5 -11 -16
right_child=2 4 11 26 14 6 20 8 22 10 -12 -13 16 15 29 -17 -18 -19 -20 23 21 -23 -24 -25 -26 -27 -28 -29 -30 -31
leaf_value=-0.10579538449067383 -0.10178550134601201 -0.10731308203738608 0.051310207101859073 -0.0040400984190579652 -0.09890031996443012 -0.10243832257327967 0.07805132190627305 -0.098801829964343543 0.041424622467081944 -0.05337308424549371 0.13073596972441034 0.12790344465661338 -0.018856094467524401 -0.048874627419787701 0.047522435499515417 0.17521497486171414 0.12233807197767094 0.14401708006815137 0.079295921243459577 -0.089354936551545153 -0.042041357907598893 0.08104470491173793 0.17266699596162474 0.091699485655940008 0.007554916341195525 0.10899621129200605 0.12844989598923656 0.12552644277620018 0.096109983129015211 0.12309559516075574
leaf_weight=2443.8333569131792 40.041215971112251 31.864868804812431 17.936590127646923 7.2097722291946393 10.248211354017256 56.559170961380005 19.128810197114944 42.640466123819351 11.328256972134115 19.391326401382688 13.100152771919964 1633.1521564424038 8.9339059740304965 5.8219076171517354 9.9215696603059751 3.4484314024448395 205.77433300018311 8.7684433907270414 24.679650120437145 11.786128550767897 21.379054449498657 8.1317275464534742 7.4780568778514853 2.7827178835868827 7.4126534759998313 8.1053972989320737 62.527713119983673 5.3041141480207443 2.5610107667744151 77.049847304821014
leaf_count=39279 557 504 118 40 143 848 98 597 61 171 75 9518 53 41 50 17 1162 46 109 94 135 43 37 15 58 39 349 27 14 422
internal_value=-0.00331528 -0.0919172 0.11793 0.036744 0.0527488 -0.101411 -0.0431618 -0.10385 -0.0348024 -0.0419714 0.0263555 0.124385 0.101878 -0.0753574 0.0930776 0.0344834 0.116191 0.0504905 0.0270112 0.00376415 0.0257662 -0.00812486 0.0936112 -0.0547727 -0.0830508 0.0419618 0.115514 0.0508778 -0.035934 0.114474
internal_weight=4828.3 2789.69 2038.61 150.135 171.803 2617.89 105.199 2512.69 68.8594 75.0937 35.0525 1888.47 255.319 41.1352 130.668 9.27034 222.814 43.6963 34.9279 32.5054 48.6396 29.5108 18.8063 14.5688 50.0531 17.0393 75.0416 12.5139 21.9523 86.9714
internal_count=54720 42488 12232 1233 1332 41156 1124 40032 753 817 260 10999 1481 562 770 58 1254 298 252 227 276 178 98 109 655 92 416 67 185 472
is_linear=0
shrinkage=0.1


Tree=13
num_leaves=31
num_cat=0
split_feature=4 2 4 2 5 11 1 3 8 5 7 5 2 5 4 4 1 4 8 3 11 8 4 7 7 2 5 8 8 4
split_gain=4583.83 344.755 96.5558 80.3106 76.6735 36.9029 38.7742 32.7151 36.8719 27.4978 19.0645 15.7811 15.318 33.7408 13.302 11.1627 10.8216 10.509 10.4807 8.3837 16.7577 7.63183 9.94211 6.86483 7.20342 6.55917 5.90346 5.19844 4.91049 9.64827
threshold=0.20766968880176431 0.55291153415453542 0.30289129830414241 0.2561121049493143 0.18333333333333338 1.0000000180025095e-35 0.31666666666666671 0.19615384615384621 26.500000000000004 0.21111111111111114 21.500000000000004 0.30952380952380959 0.26365441906653431 0.18333333333333338 0.18225524475524477 0.52803983228511542 0.61250000000000016 0.46318879855465228 23.500000000000004 0.12310606060606062 1.0000000180025095e-35 46.500000000000007 0.086057110304066098 2.5000000000000004 11.500000000000002 0.16345083487940634 0.18333333333333338 39.500000000000007 21.500000000000004 0.13004065040650412
decision_type=2 2 2 2 2 2 2 2 2 2 2 2 2 2 2 2 2 2 2 2 2 2 2 2 2 2 2 2 2 2
left_child=1 5 3 9 14 7 -7 -1 25 -2 27 -10 13 15 21 -4 19 18 -15 20 -6 -3 -23 -8 -25 -9 -5 -11 29 -18
right_child=2 4 12 26 16 6 23 8 11 10 -12 -13 -14 17 -16 -17 28 -19 -20 -21 -22 22 -24 24 -26 -27 -28 -29 -30 -31
leaf_value=-0.10493046588914012 -0.10024518696209256 -0.10750395826247637 -0.049274037663880714 0.047003491263285922 -0.078288732028844732 -0.10119425866199072 0.06931736563515993 -0.10212953223055928 -0.10034578918458732 -0.059242358104388729 0.12133945662400702 0.1158445905768823 0.12449336589499636 0.0024868467265764475 0.16274215251643462 0.069073907302039758 -0.071185752884617856 0.1221903458599293 0.11208542751254576 0.14546705260188733 0.072753361162505234 -0.1066365597639414 0.16912726839436476 -0.03851207154377273 0.071656958721231248 0.0058776254253949086 0.12337141313474616 0.059501260218656898 0.11878049809093988 0.12931181844670891
leaf_weight=2228.5721097998321 36.759336229413748 30.603952724486589 18.248605966567993 12.227988258004187 10.540457542985676 51.774198472499847 19.371211275458336 37.253988094627857 4.1905418485403088 16.758381515741352 12.723250038921831 17.381242625415325 1516.112109169364 15.997713215649126 2.2408630549907675 14.149227514863012 4.2020151913166028 173.67809157073498 19.19356495141983 7.2082734182476988 24.232977263629436 2.7807399481534949 2.4674993902444839 21.023792363703254 8.2694413810968381 6.6221527531743041 58.785744875669479 4.7266913950443259 72.118931010365486 5.5970159918069839
leaf_count=39279 557 491 168 67 147 848 98 575 36 164 75 91 9518 79 10 67 18 1063 104 42 109 48 13 135 43 51 349 21 422 32
internal_value=-0.00330965 -0.0907346 0.11436 0.0350367 0.0504516 -0.100286 -0.0409563 -0.102884 -0.0331988 -0.0401968 0.0243295 0.0738474 0.120769 0.0973653 -0.0736242 0.0024125 0.0885988 0.112093 0.0622627 0.0473158 0.0269698 -0.0883978 0.0230159 0.0231309 -0.0074115 -0.0858282 0.110221 -0.0331189 0.109756 0.0433346
internal_weight=4455.81 2556.45 1899.36 141.981 161.993 2394.46 100.439 2294.02 65.4479 70.9677 34.2083 21.5718 1757.38 241.267 38.0931 32.3978 123.9 208.869 35.1913 41.9817 34.7734 35.8522 5.24824 48.6644 29.2932 43.8761 71.0137 21.4851 81.918 9.79903
internal_count=54720 42488 12232 1233 1332 41156 1124 40032 753 817 260 127 10999 1481 562 235 770 1246 183 298 256 552 61 276 178 626 416 185 472 50
is_linear=0
shrinkage=0.1


Tree=14
num_leaves=31
num_cat=0
split_feature=4 1 5 2 3 3 8 11 2 5 2 4 8 10 5 1 4 1 3 11 7 8 7 7 8 4 3 5 4 8
split_gain=4059.7 345.466 67.4146 53.5553 81.3065 41.0122 43.0264 41.8483 45.21 26.9754 19.0047 16.7544 20.4738 12.971 13.8751 12.3571 11.9866 11.5689 11.9743 13.4486 11.1685 9.48741 6.00311 5.16033 4.92035 12.2565 4.48756 4.09488 6.30076 3.62828
threshold=0.23112535612535615 0.5634920634920636 0.18333333333333338 0.17974358974358975 0.36602870813397131 0.16064516129032261 34.500000000000007 1.0000000180025095e-35 0.42997198879551829 0.21111111111111114 0.37617924528301894 0.43613053613053615 35.500000000000007 4.5000000000000009 0.92857142857142871 0.31666666666666671 0.13004065040650412 0.61250000000000016 0.082207207207207214 1.0000000180025095e-35 12.500000000000002 34.500000000000007 11.500000000000002 14.500000000000002 21.500000000000004 0.12015037593984963 0.29705882352941182 0.18333333333333338 0.6844476055002372 38.500000000000007
decision_type=2 2 2 2 2 2 2 2 2 2 2 2 2 2 2 2 2 2 2 2 2 2 2 2 2 2 2 2 2 2
left_child=1 5 16 4 11 7 10 -1 15 -8 26 12 23 14 22 -9 -3 18 19 -4 -11 -10 -6 -2 25 -19 -7 28 -15 -18
right_child=3 2 17 -5 13 6 9 8 21 20 -12 -13 -14 27 -16 -17 29 24 -20 -21 -22 -23 -24 -25 -26 -27 -28 -29 -30 -31
leaf_value=-0.10476373575910963 -0.099653578874020848 -0.10257962073697879 -0.096546450661025338 0.12048454435074754 -0.11934586679831492 -0.097829840303316429 -0.094294187080723346 -0.10418811326177319 0.19283153983937462 0.014515815337560049 0.094696182814209995 0.13803539048461061 0.068764959051671334 -0.030099644904619638 0.11402166250657463 -0.019259845293393626 -0.026905228327311584 -0.079778542114645579 0.13336860134197631 0.05051716190700143 0.14543028403516126 0.047580592843001319 0.028906102838857257 -0.029341210047020224 0.11564510428843605 0.12659845709502582 0.02433830364025729 0.12058452543337694 0.13505883226060886 0.099843694371173533
leaf_weight=1994.1927658952773 29.244499478489161 27.13579024747014 8.4372312612831575 1493.7181499972939 5.5264166481792927 80.287545289844275 10.068455055356024 46.994085967540741 6.6167886853218105 10.384268507361414 5.7507865503430358 5.594207100570201 12.764795165508984 4.658735975623129 10.728742003440857 26.961017414927483 5.0423206314444524 4.6841634511947614 10.849421206861733 23.643655240535736 17.496117383241653 14.035757556557654 5.4003838375210762 16.231131985783577 74.548708319664001 7.4618504792451859 3.1237078644335261 135.94184944033623 4.5814712941646576 4.0906838141381741
leaf_count=38753 396 510 139 10084 39 1299 93 841 34 61 42 28 83 22 65 174 27 23 66 104 98 73 32 163 464 46 32 884 24 21
internal_value=-0.00330002 -0.0879042 0.0512867 0.113559 0.0687135 -0.0983248 -0.0431758 -0.101681 -0.0366961 0.0460042 -0.0811322 -0.0272672 -0.0431451 0.105437 0.0332413 -0.0732267 -0.069228 0.0850064 0.0425526 0.0118396 0.0966702 0.094117 -0.0460749 -0.0745577 0.106029 0.0470083 -0.0932547 0.116206 0.0517891 0.0298658
internal_weight=4106.2 2381.81 165.894 1724.39 230.672 2215.91 127.111 2088.8 94.6076 37.9488 89.162 63.8346 58.2404 166.838 21.6555 73.9551 36.2688 129.625 42.9303 32.0809 27.8804 20.6525 10.9268 45.4756 86.6947 12.146 83.4113 145.182 9.24021 9.133
internal_count=54720 42900 1400 11820 1736 41500 1625 39875 1122 252 1373 670 642 1066 136 1015 558 842 309 243 159 107 71 559 533 69 1331 930 46 48
is_linear=0
shrinkage=0.1


Tree=15
num_leaves=31
num_cat=0
split_feature=4 2 4 1 5 11 5 1 3 8 2 5 4 5 8 4 2 7 5 8 3 11 8 4 2 7 2 3 8 2
split_gain=3600.53 280.86 82.0179 62.7177 57.5272 36.2896 31.8239 31.44 30.2826 27.7906 15.6327 28.9419 11.4846 11.3276 10.25 10.1816 9.3899 8.78301 8.715 8.55865 8.53611 26.5019 7.29094 7.00598 6.1454 5.58344 5.54307 5.1926 12.5906 4.89764
threshold=0.20766968880176431 0.55291153415453542 0.30289129830414241 0.41428571428571431 0.18333333333333338 1.0000000180025095e-35 0.21111111111111114 0.31666666666666671 0.19615384615384621 26.500000000000004 0.26365441906653431 0.18333333333333338 0.086057110304066098 0.30952380952380959 40.500000000000007 0.46318879855465228 0.79449472096530926 28.500000000000004 0.81666666666666676 23.500000000000004 0.12310606060606062 1.0000000180025095e-35 46.500000000000007 0.7421798631476052 0.16345083487940634 1.5000000000000002 0.39811320754716989 0.14039408866995076 34.500000000000007 0.35781671159029654
decision_type=2 2 2 2 2 2 2 2 2 2 2 2 2 2 2 2 2 2 2 2 2 2 2 2 2 2 2 2 2 2
left_child=1 5 3 6 12 8 -2 29 27 24 11 17 -3 -11 18 19 20 23 -8 -13 21 -6 -14 -4 -10 26 -9 -1 -29 -7
right_child=2 4 10 -5 16 7 14 25 9 13 -12 15 22 -15 -16 -17 -18 -19 -20 -21 -22 -23 -24 -25 -26 -27 -28 28 -30 -31
leaf_value=-0.10450298035167889 -0.097293034956142124 -0.10532133645498086 -0.042296780004480616 0.1148385414618473 -0.097255979016961869 -0.10569110351760441 -0.046609549876281388 0.0043716047393792925 -0.099801344929830255 -0.094806623059200137 0.11904451361669349 0.0006844514007446743 -0.039744055777226402 0.096856135068282473 0.10155445772543187 0.11600423358236121 0.11361085671907734 0.12995957801443883 0.077625779149210095 0.1030935772910169 0.13251538898030676 0.076779581176744729 0.15329367863289164 0.10903263854152188 0.0071661711259307335 -0.001783786384195179 0.13662253113332107 -0.10271311498652901 -0.01108974626037538 0.064812633869524336
leaf_weight=1775.1697313450277 34.962622955441475 24.065675657242537 22.750723000615842 52.593754991889 11.343717902898787 41.521898582577705 16.685540191829205 5.90958224236965 31.397724930197001 3.7628238797187832 1296.2924422472715 15.551786191761492 5.4132407270371896 17.083656407892704 14.240605041384695 149.55783662199974 49.426270544528961 4.4506277143955222 8.5346438251435774 17.171206712722778 11.526790127158163 38.265963509678841 3.0640834197402 3.5346015244722357 6.4792244955897322 35.790271922945976 6.8344246596097946 55.059182066470385 20.61292102560401 1.7559287920594204
leaf_count=37980 578 504 191 353 154 815 169 30 575 36 9518 79 41 91 80 1063 330 25 53 104 75 211 17 19 51 214 32 1050 249 33
internal_value=-0.00329231 -0.0885365 0.108424 0.0312491 0.0468015 -0.0982136 -0.0278222 -0.036803 -0.101166 -0.030468 0.114919 0.0898133 -0.0700633 0.0622607 0.0337297 0.104949 0.0811995 4.90079e-05 -0.00456766 0.0544231 0.0549963 0.0369847 0.0300284 -0.0219474 -0.0815035 0.0184556 0.0752958 -0.103409 -0.0777551 -0.0987732
internal_weight=3780.81 2144.48 1636.33 127.017 143.106 2001.38 74.4234 91.8121 1909.57 58.7234 1509.31 213.017 32.543 20.8465 39.4608 182.281 110.563 30.736 25.2202 32.723 61.1365 49.6097 8.47732 26.2853 37.8769 48.5343 12.744 1850.84 75.6721 43.2778
internal_count=54720 42488 12232 1233 1332 41156 880 1124 40032 753 10999 1481 562 127 302 1246 770 235 222 183 440 365 58 210 626 276 62 39279 1299 848
is_linear=0
shrinkage=0.1


Tree=16
num_leaves=31
num_cat=0
split_feature=4 1 5 2 3 3 11 2 8 7 5 2 1 5 2 1 3 11 7 8 5 4 10 5 8 4 4 3 4 3
split_gain=3197.19 280.862 51.3456 48.4909 64.3464 38.6905 40.8938 34.4477 32.9891 21.0846 20.1037 15.7547 11.3716 11.2352 10.7929 10.0931 10.1834 9.81904 9.18801 7.49061 6.11279 6.08958 4.97499 8.49391 4.35033 10.0842 4.18222 4.10113 4.00879 3.51084
threshold=0.23112535612535615 0.5634920634920636 0.18333333333333338 0.17974358974358975 0.44949494949494956 0.16064516129032261 1.0000000180025095e-35 0.42997198879551829 34.500000000000007 18.500000000000004 0.21111111111111114 0.37617924528301894 0.31666666666666671 0.63333333333333341 0.84105263157894739 0.61250000000000016 0.082207207207207214 1.0000000180025095e-35 12.500000000000002 34.500000000000007 0.21111111111111114 0.43613053613053615 4.5000000000000009 0.92857142857142871 21.500000000000004 0.086057110304066098 0.35450268817204306 0.29705882352941182 0.15227743271221536 0.31009615384615391
decision_type=2 2 2 2 2 2 2 2 2 2 2 2 2 2 2 2 2 2 2 2 2 2 2 2 2 2 2 2 2 2
left_child=1 5 14 4 9 6 -1 12 11 13 -10 27 -8 21 -3 16 17 -4 -12 -9 26 -2 23 -6 25 -17 -11 -7 -16 -5
right_child=3 2 15 29 22 8 7 19 10 20 18 -13 -14 -15 28 24 -18 -19 -20 -21 -22 -23 -24 -25 -26 -27 -28 -29 -30 -31
leaf_value=-0.10347316949396956 -0.084422061043990138 -0.090744116413438394 -0.093673336467039028 0.097807162022896466 -0.061380595848252117 -0.094823084740302932 -0.10260125489630073 0.16701468011376311 -0.089968514943544395 -0.059859073340925252 0.0062694687202297164 0.082348030899429783 -0.018025756705968815 0.067847516407253824 -0.026862359194893333 -0.085149878611312513 0.12554339028981437 0.040437499069421248 0.12565481642653079 0.038176026841876515 0.088887540628686368 0.030240936679209643 0.11301536957247199 0.12844659258796989 0.10925376775779783 0.1142319309074392 0.067817027514802217 0.023863406001562767 0.15865476097149633 0.1170504816948363
leaf_weight=1652.4560873284936 35.566824067384005 26.686920329928402 7.1835746206343201 103.16394218057394 4.5227468907833082 68.28190304338932 39.167345058172941 6.6611247360706356 9.1707218289375287 5.9972679689526576 10.300828512758018 5.7471376806497565 26.758700773119926 6.9722950458526602 2.1485930532217017 4.0081537216901761 9.8336111083626729 22.745165839791298 17.228030160069466 13.99032837897539 20.189436264336109 5.3251756504178038 116.37676442414522 4.9228753596544266 65.017875358462334 6.9098676294088364 4.4836787134408951 3.0410608090460292 2.543835774064064 1170.7200826704502
leaf_count=38753 494 514 139 771 28 1299 841 34 93 88 61 42 174 40 32 21 66 104 98 73 124 27 875 35 464 48 25 32 12 9313
internal_value=-0.00327907 -0.0857085 0.047302 0.108238 0.0630182 -0.096267 -0.0999631 -0.0329689 -0.0397696 -0.00800748 0.0382645 -0.0769282 -0.0682729 -0.0494843 -0.066152 0.0780727 0.0372562 0.00824787 0.0809829 0.0797329 0.0567214 -0.06949 0.10735 0.0375537 0.0994455 0.0410362 -0.00524009 -0.0897625 0.0737092 0.115492
internal_weight=3478.12 1999.88 147.078 1478.24 204.357 1852.8 1739.03 86.5775 113.77 78.5347 36.6996 77.0701 65.926 47.8643 31.3793 115.698 39.7624 29.9287 27.5289 20.6515 30.6704 40.892 125.822 9.44562 75.9359 10.918 10.4809 71.323 4.69243 1273.88
internal_count=54720 42900 1400 11820 1736 41500 39875 1122 1625 798 252 1373 1015 561 558 842 309 243 159 107 237 521 938 63 533 69 113 1331 44 10084
is_linear=0
shrinkage=0.1


Tree=17
num_leaves=31
num_cat=0
split_feature=4 2 4 2 5 11 3 8 5 7 1 5 4 5 2 3 11 2 3 7 8 2 1 1 8 2 7 7 5 4
split_gain=2841.42 229.612 71.9894 68.145 43.0807 35.7107 28.9179 28.3655 27.8859 26.1285 25.5554 13.4068 10.5293 9.21142 8.43363 7.54836 19.9239 7.10916 16.7888 11.3497 6.16135 5.26119 5.9067 11.0512 4.88071 4.72146 4.64287 6.11371 4.58325 3.90181
threshold=0.20766968880176431 0.55291153415453542 0.37066905615292717 0.2561121049493143 0.18333333333333338 1.0000000180025095e-35 0.16064516129032261 26.500000000000004 0.58571428571428574 22.500000000000004 0.31666666666666671 0.63333333333333341 0.086057110304066098 0.21111111111111114 0.79449472096530926 0.12310606060606062 1.0000000180025095e-35 0.14017543859649126 0.57518796992481214 13.500000000000002 46.500000000000007 0.49576271186440685 0.12916666666666668 0.41428571428571431 40.500000000000007 0.35781671159029654 2.5000000000000004 11.500000000000002 0.41428571428571431 0.27151675485008825
decision_type=2 2 2 2 2 2 2 2 2 2 2 2 2 2 2 2 2 2 2 2 2 2 2 2 2 2 2 2 2 2
left_child=1 5 3 9 12 6 -1 -8 -9 11 25 24 -3 -11 15 16 -6 18 19 28 -14 22 -5 -24 -2 -7 -12 -28 -4 -13
right_child=2 4 17 21 14 10 7 8 -10 13 26 29 20 -15 -16 -17 -18 -19 -20 -21 -22 -23 23 -25 -26 -27 27 -29 -30 -31
leaf_value=-0.10290655679104491 -0.090928590479255125 -0.10436805272850683 -0.12450621622982638 0.15152635847238605 -0.092859027442962511 -0.10462099934438265 -0.088675941743518338 -0.029622732425972461 0.17081148644229405 -0.040512114009944269 0.05252494089657022 -0.0074403591137782669 -0.034378628556293984 0.10993110458389417 0.10782763436732555 0.12731879045901626 0.066715137429037383 0.11483328086762537 0.11248971114063602 0.069664340477105902 0.14794393816473186 0.11171730391787348 -0.069995211496816021 0.099666506102248753 0.0036474387198440691 0.06256257459927167 -0.039960809479012149 0.061788879263658808 0.0046435654840099386 0.12934789909735822
leaf_weight=1498.4977349489927 43.623595174401999 20.111625406891111 4.8476993665099126 4.8047967925667789 10.038482200354336 34.407736547291279 55.087385833263397 24.416603546589613 9.6984292380511743 5.5136127024889019 19.435211792588234 4.3758164010941965 5.1790106482803804 15.54283434525132 42.975336819887161 10.038888633251188 35.474284276366234 1092.5110687240958 93.902404829859734 25.27305056899786 2.8865873664617538 77.452495157718658 6.8793700300157061 8.6874800845980626 6.2366947196423999 1.7764464914798725 20.544690519571308 8.287324592471121 6.3434444516897202 3.9837623462080956
leaf_count=38642 730 504 38 32 154 815 1104 227 59 81 98 29 41 105 330 75 211 9442 774 165 17 633 44 59 43 33 135 43 37 20
internal_value=-0.00326416 -0.0864088 0.10357 0.0439823 0.0433811 -0.0962434 -0.0996138 -0.0442994 0.0273579 -0.0249239 -0.0328795 -0.0594496 -0.0656561 0.0705377 0.0745641 0.0488311 0.0315188 0.112199 0.0901272 0.0325393 0.0308726 0.0998237 0.0546044 0.0246889 -0.0790987 -0.0964132 0.0147495 -0.0107144 -0.0513006 0.0577462
internal_weight=3198.83 1798.86 1399.98 177.1 126.704 1672.15 1587.7 89.2024 34.115 79.2763 84.4514 58.2199 28.1772 21.0564 98.527 55.5517 45.5128 1222.88 130.367 36.4642 8.0656 97.8241 20.3716 15.5669 49.8603 36.1842 48.2672 28.832 11.1911 8.35958
internal_count=54720 42488 12232 1776 1332 41156 40032 1390 286 1008 1124 822 562 186 770 440 365 10456 1014 240 58 768 135 103 773 848 276 178 75 49
is_linear=0
shrinkage=0.1


Tree=18
num_leaves=31
num_cat=0
split_feature=4 1 5 2 3 3 7 2 1 4 3 11 11 2 5 12 8 4 5 8 8 8 10 2 4 1 5 8 4 5
split_gain=2527.07 231.989 72.0871 44.3849 57.5146 28.093 31.6294 29.2529 16.2299 15.1352 15.0995 15.592 14.8518 25.2301 11.4408 10.3808 10.354 9.9421 9.52497 9.47142 5.58983 5.31224 5.12766 5.2567 4.91276 4.49875 4.35655 3.9048 8.28356 2.92688
threshold=0.23112535612535615 0.44949494949494956 0.18333333333333338 0.25176056338028174 0.36602870813397131 0.16064516129032261 21.500000000000004 0.37617924528301894 0.61250000000000016 0.11551543694400838 0.082207207207207214 1.0000000180025095e-35 1.0000000180025095e-35 0.41897974493623413 0.30952380952380959 1.0000000180025095e-35 39.500000000000007 0.43613053613053615 0.18333333333333338 34.500000000000007 46.500000000000007 26.500000000000004 3.5000000000000004 0.080322580645161304 0.7421798631476052 0.31666666666666671 0.63333333333333341 21.500000000000004 0.12015037593984963 0.41428571428571431
decision_type=2 2 2 2 2 2 2 2 2 2 2 2 2 2 2 2 2 2 2 2 2 2 2 2 2 2 2 2 2 2
left_child=1 5 9 4 16 12 7 -7 10 -3 11 -4 -1 25 -8 -11 17 26 24 -15 -12 -16 23 -20 -6 -14 -2 28 -10 -18
right_child=3 2 8 -5 18 6 14 -9 27 15 20 -13 13 19 21 -17 29 -19 22 -21 -22 -23 -24 -25 -26 -27 -28 -29 -30 -31
leaf_value=-0.10274927062018149 -0.067485403263835161 -0.10177920777172811 -0.097523808888631033 0.11221443925419586 -0.021706927185440619 -0.093429463825114578 -0.053896844183767417 0.14708518702637041 -0.068375269397561542 0.09220580580262254 0.056194241090972347 0.029235796965669254 -0.1011655840594335 0.22701182972613032 -0.026526906466510503 -0.10549103128418653 -0.00079054070242994641 0.074038575839809426 -0.04403580718682476 0.01997466365097663 0.17740957735299615 0.1323188430338306 0.10854550642017904 0.1240097108674712 0.10616025407091573 -0.036048038740228786 0.034546365327783733 0.10387203257233608 0.11682157186295911 0.10859025116118388
leaf_weight=1331.4534113258123 38.850139759480953 45.285996798425913 12.456037104129789 1050.7433668300509 9.8202203102409822 68.855579942464828 6.1844511888921287 5.4577540010213843 4.305342033505438 7.8317579664289934 8.0701490119099599 43.916573718190193 32.61779673397541 3.5897029265761358 2.5082106962800017 4.0189762488007545 3.8057316802442056 6.7378598004579535 4.5629591941833487 5.747419148683548 7.1972550265491 13.108252964913843 125.90453255176544 3.1441618353128433 4.3294511809945098 15.724049389362333 4.6899529024958602 56.522685162723064 5.5012170672416687 6.8489699959754944
leaf_count=37790 572 1258 308 9864 64 1311 103 39 23 54 61 201 841 19 53 31 34 35 28 39 53 80 1101 25 28 126 24 464 46 45
internal_value=-0.00324529 -0.0835126 0.0190047 0.103848 0.0617247 -0.0969796 -0.0446945 -0.0757655 0.0581212 -0.0754507 0.0251191 0.00122712 -0.100597 -0.0509182 0.0612181 0.0251603 -0.0200256 -0.0390019 0.0954363 0.0995711 0.113337 0.106806 0.103699 0.0245193 0.0174173 -0.0799849 -0.056495 0.0937657 0.0355152 0.0695207
internal_weight=2939.79 1680.35 195.106 1259.44 208.694 1485.25 96.1142 74.3133 137.969 57.1367 71.64 56.3726 1389.13 57.679 21.8009 11.8507 60.9327 50.278 147.761 9.33712 15.2674 15.6165 133.612 7.70712 14.1497 48.3418 43.5401 66.3292 9.80656 10.6547
internal_count=54720 42900 2499 11820 1956 40401 1586 1350 1156 1343 623 509 38815 1025 236 85 710 631 1246 58 114 133 1154 53 92 967 596 533 69 79
is_linear=0
shrinkage=0.1


Tree=19
num_leaves=31
num_cat=0
split_feature=4 1 4 5 1 5 3 7 2 1 11 2 4 5 5 8 8 7 2 2 3 7 8 4 9 5 8 3 5 1
split_gain=2249.83 188.185 63.5843 59.8141 53.678 27.1229 19.4755 24.5647 18.8341 15.2231 15.1461 21.5639 14.5631 13.9578 10.4016 10.3828 10.2596 9.35826 10.679 7.77538 16.2765 9.18047 6.801 9.07568 6.74194 6.05088 4.44296 7.07572 4.00089 3.55402
threshold=0.20766968880176431 0.44949494949494956 0.37066905615292717 0.18333333333333338 0.41428571428571431 0.18333333333333338 0.15075757575757578 21.500000000000004 0.3465463108320252 0.61250000000000016 1.0000000180025095e-35 0.39811320754716989 0.18225524475524477 0.30952380952380959 0.58571428571428574 26.500000000000004 34.500000000000007 21.500000000000004 0.18624359479700436 0.14017543859649126 0.6043478260869567 13.500000000000002 58.500000000000007 0.086057110304066098 2.5000000000000004 0.30952380952380959 21.500000000000004 0.18019480519480521 0.41428571428571431 0.31666666666666671
decision_type=2 2 2 2 2 2 2 2 2 2 2 2 2 2 2 2 2 2 2 2 2 2 2 2 2 2 2 2 2 2
left_child=1 6 4 12 5 -2 10 8 -8 14 -1 29 22 -10 24 -9 -13 18 -7 20 21 28 -3 -24 -5 -17 27 -11 -4 -12
right_child=2 3 19 9 -6 17 7 15 13 26 11 16 -14 -15 -16 25 -18 -19 -20 -21 -22 -23 23 -25 -26 -27 -28 -29 -30 -31
leaf_value=-0.1025049115161961 -0.081539115992301403 -0.10136985217789037 -0.12068356333772763 0.057183311007226505 0.10413922761769695 -0.038657630975936955 -0.096026492077515638 -0.081978700474877597 -0.11048764003848975 -0.063073318401304465 -0.10041198079207336 0.19288397957334641 0.14976082922655867 0.21394596176669328 0.1568802593757361 -0.023601540724608072 -0.0023590342100571473 0.098089575967168219 0.07479800526802792 0.11157062775693923 0.10959352277907848 0.061189795544860162 -0.10348848332448082 0.22787184970800062 -0.014702283169935538 0.12964386262630356 0.10020513687276174 0.12875405133958426 0.0029412294012681108 -0.039163442093350896
leaf_weight=1197.5989343486726 34.670723114162683 44.312744572758675 4.5234485529363138 18.788790319114923 71.36456448584795 21.688555147498846 59.223440043628216 4.4636356644332436 2.1004353724420062 4.4843573421239844 29.425569139420986 4.4401938468217832 2.6520859748125067 3.5968666225671768 5.026804205030202 3.3878066614270201 6.8335029929876328 15.469057958573101 13.435384854674338 920.3776494115591 77.938428215682507 25.343088746070862 1.8236422762274735 1.5117859281599519 42.69056449085474 10.760225776582955 49.063609309494495 3.3663351163268089 6.2141884565353394 13.972511246800421
leaf_count=37446 685 1248 38 135 671 214 1315 112 31 28 835 25 15 22 38 50 50 113 93 9442 757 181 56 11 427 69 432 28 38 115
internal_value=-0.00322822 -0.0843037 0.0995281 0.0136043 0.0401504 -0.0134073 -0.0970366 -0.0502851 -0.0793207 0.0510643 -0.100155 -0.0486827 -0.0783103 0.0943364 0.0185752 0.0509958 0.0745383 0.0332826 0.00474069 0.108519 0.0838864 0.0283561 -0.0910047 0.0467009 0.00726677 0.0929486 0.0890288 0.0191812 -0.0491382 -0.0806923
internal_weight=2700.55 1509.52 1191.03 173.721 156.628 85.2637 1335.8 83.5324 64.9207 123.42 1252.27 54.6718 50.3003 5.6973 66.5062 18.6117 11.2737 50.593 35.1239 1034.4 114.019 36.0807 47.6482 3.33543 61.4794 14.148 56.9143 7.85069 10.7376 43.3981
internal_count=54720 42488 12232 2418 1776 1105 40070 1599 1368 1088 38471 1025 1330 53 600 231 75 420 307 10456 1014 257 1315 67 562 119 488 56 76 950
is_linear=0
shrinkage=0.1


Tree=20
num_leaves=31
num_cat=0
split_feature=4 1 5 2 3 3 7 2 11 2 1 4 3 11 9 8 5 4 5 12 5 8 12 8 8 10 7 1 2 4
split_gain=2003.16 194.2 54.6054 41.5621 47.7679 27.0069 26.1407 25.3274 15.3189 18.5917 14.1363 12.5946 11.7652 13.3955 10.7342 9.48465 9.18979 8.82613 8.47723 8.19044 7.42841 6.87187 7.21864 5.66449 5.10118 4.9059 4.58916 4.55664 4.47162 3.90095
threshold=0.23112535612535615 0.44949494949494956 0.18333333333333338 0.27195685670261943 0.36602870813397131 0.15075757575757578 21.500000000000004 0.3465463108320252 1.0000000180025095e-35 0.41897974493623413 0.61250000000000016 0.11551543694400838 0.082207207207207214 1.0000000180025095e-35 1.5000000000000002 11.500000000000002 0.21111111111111114 0.52803983228511542 0.18333333333333338 1.0000000180025095e-35 0.30952380952380959 39.500000000000007 1.0000000180025095e-35 46.500000000000007 34.500000000000007 3.5000000000000004 14.500000000000002 0.31666666666666671 0.080322580645161304 0.7421798631476052
decision_type=2 2 2 2 2 2 2 2 2 2 2 2 2 2 2 2 2 2 2 2 2 2 2 2 2 2 2 2 2 2
left_child=1 5 11 4 16 8 7 -7 -1 27 12 -3 13 -4 -9 -8 17 26 29 -13 -17 22 -18 -14 -11 28 -2 -10 -20 -6
right_child=3 2 10 -5 18 6 15 14 9 24 -12 19 23 -15 -16 20 21 -19 25 -21 -22 -23 -24 -25 -26 -27 -28 -29 -30 -31
leaf_value=-0.10208332453349747 -0.1076684845440381 -0.10065246010186207 -0.096292055726515335 0.1092929902647729 -0.017062362266249069 -0.092751562692736475 -0.10506235029699769 0.2456170509575383 -0.099782098044598463 0.16517089490682832 0.088306065119519161 0.079981862562241712 0.045527531217299577 0.025514782588352408 -0.0009772756803164077 -0.023879622541794644 0.045158991036992974 0.16470531147945036 -0.041768610217257821 -0.099894135086437422 0.11689363776223949 0.10080902875032825 -0.067527658073905164 0.17262076881431851 0.018040017845953441 0.10468966172681225 -0.020993957625192836 -0.031120315516821054 0.11949643655323237 0.10070700482146144
leaf_weight=1090.939949164167 15.839495979249483 37.513543264940381 11.390080396085976 877.93716248869896 9.8327891826629621 65.10948696359992 3.3118110653013018 3.0918478965759268 27.1048783659935 3.9690628424286825 57.583941869437695 7.53786503523588 7.8337265960872156 43.545391753315926 4.114095252007246 5.1584181915968683 12.069509677588943 1.6444504261016835 4.4925062283873549 3.8113447483628988 13.7142466455698 7.8006786704063407 10.746193289756775 6.3490462563931942 5.7999952882528305 111.58313010632992 9.9436189495027048 15.021951876580713 2.7855520322918892 3.9394207298755637
leaf_count=37537 336 1258 308 9808 67 1505 83 17 841 19 533 54 61 201 47 87 91 8 28 31 100 54 83 53 39 1143 147 126 26 29
internal_value=-0.0032083 -0.0813447 0.0170777 0.100102 0.0577846 -0.0953098 -0.0439327 -0.0730635 -0.0995582 -0.046475 0.0517111 -0.0727276 0.0212231 0.000259886 0.104829 0.0510258 -0.0178754 -0.0599149 0.0908955 0.0195751 0.0784164 0.0197855 -0.00791641 0.102422 0.0778177 0.0995011 -0.0742412 -0.0752981 0.0199528 0.0166245
internal_weight=2481.52 1412.9 175.565 1068.61 190.677 1237.34 94.4999 72.3154 1142.84 51.8959 126.702 48.8628 69.1182 54.9355 7.20594 22.1845 58.0439 27.4276 132.633 11.3492 18.8727 30.6164 22.8157 14.1828 9.76906 118.861 25.7831 42.1268 7.27806 13.7722
internal_count=54720 42900 2499 11820 2012 40401 1839 1569 38562 1025 1156 1343 623 509 64 270 719 491 1293 85 187 228 174 114 58 1197 483 967 54 96
is_linear=0
shrinkage=0.1


Tree=21
num_leaves=31
num_cat=0
split_feature=4 1 5 3 2 5 5 2 7 7 11 2 4 3 11 1 1 1 3 8 8 3 10 8 1 4 1 9 3 8
split_gain=1785 194.465 46.8029 30.6833 28.7868 32.1163 21.8701 19.4881 20.7744 16.9592 15.2957 16.1864 15.1961 14.7295 24.56 11.489 10.1751 8.92713 8.23711 6.42997 6.15972 7.36189 4.14248 4.79428 3.64398 2.44814 7.35107 2.37495 2.15373 9.56806
threshold=0.25108695652173918 0.44949494949494956 0.18333333333333338 0.16064516129032261 0.27195685670261943 0.58571428571428574 0.30952380952380959 0.3465463108320252 21.500000000000004 19.500000000000004 1.0000000180025095e-35 0.39811320754716989 0.18225524475524477 0.12310606060606062 1.0000000180025095e-35 0.31666666666666671 0.61250000000000016 0.10555555555555557 0.075498575498575513 34.500000000000007 61.500000000000007 0.069366479550922219 5.5000000000000009 23.500000000000004 0.31666666666666671 0.30289129830414241 0.38750000000000007 1.5000000000000002 0.13484848484848486 58.500000000000007
decision_type=2 2 2 2 2 2 2 2 2 2 2 2 2 2 2 2 2 2 2 2 2 2 2 2 2 2 2 2 2 2
left_child=1 3 12 10 5 9 -5 8 -8 15 28 24 20 14 18 17 -16 -2 -4 -13 -3 -22 23 -11 -12 26 -6 -17 -1 -30
right_child=4 2 13 6 25 -7 7 -9 -10 22 11 19 -14 -15 16 27 -18 -19 -20 -21 21 -23 -24 -25 -26 -27 -28 -29 29 -31
leaf_value=-0.10210071967142938 -0.017323020328155581 -0.098711051865842059 -0.11498612929428075 -0.097187322544851795 -0.055495814863502718 0.10735861632984448 -0.064095974831325189 0.17630824075889936 0.074763079580846312 -0.0048270217557764205 -0.099022749139537236 0.14841464670775659 0.079380015252938474 0.10782654331813407 0.023132689156870716 0.13311040830705487 0.096678923238639872 -0.13941242020944397 0.043700107223835549 -0.0030155312931856582 -0.10284234334028396 0.24830482411544638 0.1070110055299385 0.10976241537135381 -0.033955007858641209 0.1091800726262024 0.10130987414510693 0.028058274022904811 -0.087348814381880246 0.18345830883732703
leaf_weight=976.6789783872664 35.434803374111652 37.799231588840485 13.266401160508396 37.646441992372274 3.5979585126042393 81.903963163495064 32.868484690785408 5.7325784265995017 16.027983229607344 10.006026066839693 24.4109424110502 4.7501214593648893 6.1961062103509894 33.513879731297493 43.243125960230827 4.9805734232068044 33.29499925673008 7.2071364149451247 4.3416441250592461 6.844280868768692 1.2358834668993943 1.1550511270761488 18.215843502432108 5.7489939145743838 13.294115036725996 773.87667661905289 17.684490658342838 3.7893013581633568 23.384222868829969 1.3817725870758284
leaf_count=37034 445 1260 326 916 23 892 653 33 141 87 835 25 36 321 201 38 335 77 40 50 46 9 190 52 115 9505 197 34 773 31
internal_value=-0.00319028 -0.0788358 0.019636 -0.0938299 0.100327 0.0626219 -0.0385421 0.00187198 -0.0185788 0.0197078 -0.0986853 -0.0443066 -0.0663914 0.0508947 0.0306283 -0.0165198 0.0551262 -0.037958 -0.0758586 0.059024 -0.088865 0.0667955 0.074535 0.0369866 -0.0760811 0.10826 0.0748007 0.0877193 -0.101362 -0.0722396
internal_weight=2279.51 1317.07 174.046 1143.02 962.446 167.287 92.2755 54.629 48.8965 85.3827 1050.74 49.2995 46.3863 127.66 94.1462 51.4118 76.5381 42.6419 17.608 11.5944 40.1902 2.39093 33.9709 15.755 37.7051 795.159 21.2824 8.76987 1001.44 24.766
internal_count=54720 43180 2574 40606 11540 1815 1743 827 794 923 38863 1025 1351 1223 902 594 536 522 366 75 1315 55 329 139 950 9725 220 72 37838 804
is_linear=0
shrinkage=0.1


Tree=22
num_leaves=31
num_cat=0
split_feature=4 1 5 3 2 5 5 8 7 11 4 2 3 3 11 2 7 2 1 3 8 12 7 10 1 4 4 1 3 8
split_gain=1589.45 177.142 40.5744 30.2774 29.0904 29.8738 19.8543 17.6865 16.9292 15.4114 15.2116 13.9894 13.9603 13.2958 21.0249 9.90996 9.53466 9.3493 8.07096 7.49962 7.28585 7.22442 5.228 4.8989 3.67447 3.52798 2.52869 6.57307 2.29711 7.63018
threshold=0.25108695652173918 0.44949494949494956 0.18333333333333338 0.16064516129032261 0.27195685670261943 0.58571428571428574 0.30952380952380959 11.500000000000002 11.500000000000002 1.0000000180025095e-35 0.62988330796549985 0.39811320754716989 0.089572192513368995 0.12310606060606062 1.0000000180025095e-35 0.77207792207792225 19.500000000000004 0.24509048902579902 0.31666666666666671 0.075498575498575513 8.5000000000000018 1.0000000180025095e-35 1.5000000000000002 2.5000000000000004 0.31666666666666671 0.1937129690585912 0.30289129830414241 0.38750000000000007 0.13484848484848486 58.500000000000007
decision_type=2 2 2 2 2 2 2 2 2 2 2 2 2 2 2 2 2 2 2 2 2 2 2 2 2 2 2 2 2 2
left_child=1 3 12 9 5 10 -5 17 -9 28 16 24 -3 14 19 -16 18 -8 -2 -4 -18 23 -13 -14 -11 -23 27 -6 -1 -30
right_child=4 2 13 6 26 -7 7 8 -10 11 -12 22 21 -15 15 -17 20 -19 -20 -21 -22 25 -24 -25 -26 -27 -28 -29 29 -31
leaf_value=-0.10175701458963637 -0.053727966246822516 -0.10069464970192965 -0.11378848202543722 -0.095692415611438458 -0.048971136534504536 0.10533330777036415 -0.10656078806613012 -0.040354268636001035 0.10213031226708427 -0.098328091775703286 0.08823303577557598 0.16055021065391273 0.16379749960513024 0.10444478668008239 0.027039542026006648 0.10626342377454411 -0.059378006748693507 0.091450583808601729 0.082008385408584225 0.039201694910459751 0.08048316523678678 -0.12898957987503254 0.011186861831898693 -0.003314647206798014 -0.031358553244404307 0.042575747004501244 0.10810267638222536 0.099210900333555355 -0.085614047100873975 0.13917596775777405
leaf_weight=886.5696566440165 34.640072638168931 30.778697902336717 12.123989291489126 34.569329302757978 3.6657499223947552 75.462467193603516 15.85643474571407 14.078265152871607 20.453667121008039 22.236160663887858 22.649974949657917 3.2407973483204833 4.0068211983889324 31.256572831422091 51.010292269289494 22.86728098988533 4.8825499638915089 2.8065628781914702 5.0147578790783873 4.3551194779574862 15.705895770341156 3.2148828599601984 8.4628457278013212 3.1203012429177761 12.972804456949232 1.9110653996467588 706.85458445549011 16.322958111763 21.566158775240186 1.623701263219117
leaf_count=37034 452 1224 326 916 23 892 443 194 171 835 244 15 36 321 292 244 48 19 38 40 141 55 60 25 115 11 9505 197 773 31
internal_value=-0.00316622 -0.0777079 0.0186971 -0.0929052 0.0986492 0.0598112 -0.0366916 0.0016507 0.044041 -0.0980622 0.0183698 -0.0421691 -0.064757 0.0482266 0.0287794 0.0515617 -0.00789705 -0.0767836 -0.0365627 -0.073356 0.0473151 0.0255155 0.0525463 0.0906347 -0.073653 -0.0650263 0.107111 0.0720356 -0.100944 -0.0698748
internal_weight=2094.28 1209.08 164.645 1044.44 885.199 158.356 87.7643 53.1949 34.5319 956.672 82.8933 46.9126 43.0318 121.613 90.3567 73.8776 60.2433 18.663 39.6548 16.4791 20.5884 12.2531 11.7036 7.12712 35.209 5.12595 726.843 19.9887 909.76 23.1899
internal_count=54720 43180 2574 40606 11540 1815 1743 827 365 38863 923 1025 1351 1223 902 536 679 462 490 366 189 127 75 61 950 66 9725 220 37838 804
is_linear=0
shrinkage=0.1


Tree=23
num_leaves=31
num_cat=0
split_feature=4 1 5 3 2 3 8 11 5 10 3 3 11 2 4 5 2 1 8 8 1 10 1 7 7 8 8 4 1 5
split_gain=1415.66 161.607 35.1085 29.8135 29.0978 27.7616 21.8029 15.9894 14.7631 15.5854 12.7785 12.2492 14.9967 12.1571 12.0276 11.0073 10.1164 9.45744 8.18608 6.66103 6.5549 5.26632 4.44867 4.11755 3.25253 3.05425 2.97578 2.61227 5.8948 1.84725
threshold=0.25108695652173918 0.44949494949494956 0.18333333333333338 0.13484848484848486 0.27195685670261943 0.56385869565217395 34.500000000000007 1.0000000180025095e-35 0.30952380952380959 2.5000000000000004 0.089572192513368995 0.14039408866995076 1.0000000180025095e-35 0.41897974493623413 0.0997076023391813 0.58571428571428574 0.37617924528301894 0.61250000000000016 35.500000000000007 46.500000000000007 0.23611111111111113 2.5000000000000004 0.31666666666666671 15.500000000000002 28.500000000000004 34.500000000000007 55.500000000000007 0.30289129830414241 0.38750000000000007 0.21111111111111114
decision_type=2 2 2 2 2 2 2 2 2 2 2 2 2 2 2 2 2 2 2 2 2 2 2 2 2 2 2 2 2 2
left_child=1 3 10 7 5 15 16 -1 26 -10 -3 12 14 22 -4 18 24 -14 20 21 -2 -12 -9 -20 -5 -15 -8 28 -6 -7
right_child=4 2 11 6 27 29 8 13 9 -11 19 -13 17 25 -16 -17 -18 -19 23 -21 -22 -23 -24 -25 -26 -27 -28 -29 -30 -31
leaf_value=-0.10143268202433194 -0.037494215018833453 -0.099990172505201896 -0.1036726768281411 -0.091021044898771664 -0.043336621454752089 0.039971936253983389 -0.10648123661379268 -0.097745733379655406 0.23130529694006854 0.026703151256337779 0.041749606515212263 0.10456972857673029 0.017989758054308348 0.12330071946259678 0.084985311737552346 0.08617240114409859 0.080432469893606681 0.092011055770187755 -0.029180381666267283 0.15335951188091682 0.077157356790565068 -0.11458861703884855 -0.024917951707628845 0.10910283662453589 -0.0041607871732469741 0.011061980931190873 -0.0017077844446155037 0.10713238739405882 0.09715728397482945 0.10469234228436275
leaf_weight=804.63687268458307 41.990787098184228 28.036164872348309 13.075256898999216 59.656143626198173 3.7247826382517841 4.7083136215805999 7.9234070703387243 20.559938007965684 4.5607371237129 20.269313458353281 5.5136203076690418 26.999980267137289 42.510098606348038 4.100741431117056 4.5570939928293219 16.654540836811066 3.9347908012568942 29.060439966619015 2.943913120776414 2.9648021068423978 5.6586064379662266 3.5367759093642235 14.167151607573031 8.0176715254783613 4.6468090508133164 5.9311489686369896 4.1205471456050873 645.08533224463463 15.065999150276182 69.615854002535343
leaf_count=37034 531 1224 350 1971 23 38 183 841 49 153 75 305 201 19 32 156 37 335 20 24 44 28 126 76 104 39 50 9505 197 950
internal_value=-0.0031445 -0.0765468 0.0177276 -0.0919796 0.097084 0.0572409 -0.04174 -0.0981967 0.020216 0.0642841 -0.0630127 0.0455561 0.0276938 -0.0400239 -0.0549139 0.0144316 -0.0752196 0.0480453 -0.00595387 0.0232703 -0.0238788 -0.0193453 -0.0680351 0.0719646 -0.0847441 0.0569419 -0.0706355 0.106062 0.069308 0.100592
internal_weight=1924.23 1110.76 156.254 954.508 813.466 149.59 105.112 849.396 36.874 24.8301 40.0514 116.203 89.2029 44.759 17.6324 75.2655 68.2377 71.5705 58.611 12.0152 47.6494 9.0504 34.7271 10.9616 64.303 10.0319 12.044 663.876 18.7908 74.3242
internal_count=54720 43180 2574 40606 11540 1815 2547 38059 435 202 1351 1223 918 1025 382 827 2112 536 671 127 575 103 967 96 2075 58 233 9725 220 988
is_linear=0
shrinkage=0.1


Tree=24
num_leaves=31
num_cat=0
split_feature=4 11 2 3 3 2 1 1 7 2 5 8 7 3 4 8 2 4 2 10 8 8 2 5 8 3 8 5 8 4
split_gain=1263.36 112.868 67.1834 47.325 35.5157 24.9791 24.107 20.6547 15.6344 12.7064 12.1844 11.8471 10.6425 7.96559 6.48635 6.27242 9.98881 5.32249 6.63942 7.92421 13.8841 4.37042 8.67227 4.13261 3.70712 3.39002 3.32543 3.25432 2.88514 9.50576
threshold=0.18225524475524477 1.0000000180025095e-35 0.2561121049493143 0.36602870813397131 0.14039408866995076 0.21483516483516488 0.23611111111111113 0.10555555555555557 14.500000000000002 0.77207792207792225 0.30952380952380959 39.500000000000007 21.500000000000004 0.6043478260869567 0.45049019607843144 16.500000000000004 0.12933094384707292 0.30289129830414241 0.52440476190476204 2.5000000000000004 34.500000000000007 35.500000000000007 0.45080645161290328 0.30952380952380959 27.500000000000004 0.19139194139194141 9.5000000000000018 0.63333333333333341 52.500000000000007 0.0997076023391813
decision_type=2 2 2 2 2 2 2 2 2 2 2 2 2 2 2 2 2 2 2 2 2 2 2 2 2 2 2 2 2 2
left_child=1 4 3 8 28 12 -3 -7 14 21 -9 27 -6 15 23 16 -5 18 19 26 -21 22 -8 -2 -14 -13 -4 -10 -1 -30
right_child=2 6 17 13 5 7 9 10 11 -11 -12 25 24 -15 -16 -17 -18 -19 -20 20 -22 -23 -24 -25 -26 -27 -28 -29 29 -31
leaf_value=-0.10129361073576998 -0.10489950389579333 -0.10258870067562534 0.20620424490387582 -0.033557815145204117 -0.093883781828963966 0.41309304367303779 -0.0061706663979371849 -0.074890795233240035 -0.031520565042984561 0.10304498767128972 0.086863127803491536 0.21936639291399468 -0.076438314328922383 0.10182943499551458 0.082285341037447349 0.093957353547206843 0.11581868806600315 0.10610946164133586 0.10204775891320735 -0.10441521520173916 0.10459423430843279 -0.006115868061578357 0.10075531373844909 -0.040086071995775269 0.040206677488889724 0.081328469436033557 0.050488530697191641 0.074800664523397481 -0.088579400925245522 0.091096161519596736
leaf_weight=734.81395908631384 21.879487792029977 15.485064711421726 2.6446330249309566 15.672564309090378 37.354299649596214 1.5428072288632417 16.61235282570124 6.9103446863591698 19.982770396396521 19.886220388114452 14.280312702059744 2.1940330434590569 3.729671048000454 61.509222716093063 2.7783729732036582 14.451906997710465 6.2665475830435744 591.85455892980099 27.465809915214777 7.6560726519674045 5.4340310208499432 46.068439055234194 13.958743743598459 17.874792644754052 10.110740777105091 9.4078361913561803 2.8487845920026302 3.3634178712964049 31.661012237891555 3.246398312970995
leaf_count=36835 757 692 20 130 1278 10 183 126 350 245 158 19 132 905 17 149 70 9554 358 71 53 349 92 243 106 85 21 32 1574 106
internal_value=-0.00311753 -0.0810783 0.0884912 0.0336766 -0.0936005 -0.0273955 0.0132375 0.059834 -0.0247148 0.0318188 0.0341146 0.0248409 -0.0661305 0.0798891 -0.0654335 0.0428048 0.00910913 0.103562 0.0708142 0.0246521 -0.0176501 0.0133372 0.0426517 -0.0757573 0.00877355 0.107433 0.125453 -0.0162032 -0.0999592 -0.0718695
internal_weight=1768.95 955.66 813.285 175.381 843.65 73.9282 112.011 22.7335 77.4807 96.5258 21.1907 34.9481 51.1947 97.9002 42.5327 36.391 21.9391 637.904 46.0493 18.5835 13.0901 76.6395 30.5711 39.7543 13.8404 11.6019 5.49342 23.3462 769.721 34.9074
internal_count=54720 41886 12834 2757 40325 1810 1561 294 1503 869 284 486 1516 1254 1017 349 200 10077 523 165 124 624 275 1000 238 104 41 382 38515 1680
is_linear=0
shrinkage=0.1


Tree=25
num_leaves=31
num_cat=0
split_feature=4 11 2 3 3 2 1 7 2 8 5 7 2 5 8 4 2 1 8 4 5 5 1 10 2 3 8 10 8 3
split_gain=1123.6 105.082 63.9904 41.5247 34.174 21.9528 21.22 13.5397 11.6831 8.6912 7.98272 10.493 14.8663 7.49354 8.12093 5.73686 6.26013 6.80011 6.47804 5.43331 4.93043 4.07444 3.65796 3.10096 3.04895 7.14935 2.97127 2.35171 2.07791 8.03339
threshold=0.18225524475524477 1.0000000180025095e-35 0.2561121049493143 0.36602870813397131 0.14039408866995076 0.4555335968379447 0.23611111111111113 16.500000000000004 0.77207792207792225 39.500000000000007 0.58571428571428574 12.500000000000002 0.090230664857530549 0.30952380952380959 28.500000000000004 0.30289129830414241 0.52440476190476204 0.12916666666666668 40.500000000000007 0.46318879855465228 0.21111111111111114 0.41428571428571431 0.64583333333333337 3.5000000000000004 0.71583850931677029 0.069366479550922219 53.500000000000007 5.5000000000000009 52.500000000000007 0.12310606060606062
decision_type=2 2 2 2 2 2 2 2 2 2 2 2 2 2 2 2 2 2 2 2 2 2 2 2 2 2 2 2 2 2
left_child=1 4 3 7 24 13 -3 19 22 23 11 12 -5 -6 -15 16 17 -4 -19 21 -7 -2 26 -9 28 -26 -8 -13 -1 -30
right_child=2 6 15 10 5 20 8 9 -10 -11 -12 27 -14 14 -16 -17 -18 18 -20 -21 -22 -23 -24 -25 25 -27 -28 -29 29 -31
leaf_value=-0.10140264694744863 -0.093759020458355075 -0.10234378014504153 0.166157349945806 -0.13547544637660588 -0.09657081272092724 -0.029814543974891312 0.020682582440459885 0.022770200855381204 0.10108658155729587 0.1025177489486451 0.10213322341401124 0.033747880158919163 0.088558122283581286 -0.069747761609382772 0.030451022803101219 0.10529442300689287 0.099628154546814646 -0.041995166909928661 0.10551591524650701 0.083244538276431329 0.1174241201081475 -0.030712991802856412 0.070239931464105412 -0.057794450899199656 -0.12049050375013226 0.068084906795579797 -0.022676752646936152 0.09833425798688139 -0.08681666827073814 0.14279882371848759
leaf_weight=659.92399306595325 24.090745981782675 14.043290872126816 2.7989262714982059 6.6201468016952258 23.808862715959549 2.8719226140528908 40.728524819016457 11.573137123137718 18.324745215475559 10.39529245905578 53.538671389222145 8.2562246285378951 5.3601361103355885 17.232133619487286 15.24447297118604 539.46636488288641 25.425171226263046 11.348841838538645 4.0358035899698725 2.5559431314468375 10.928558345884083 17.842843817546964 9.4838635846972448 8.1364191900938732 4.6423382647335512 3.5462426245212555 25.825928261503577 17.775802526623011 29.950788952410225 1.6053583752363909
leaf_count=36671 842 692 20 61 858 24 349 206 245 97 834 68 60 647 158 9554 358 105 40 17 123 246 106 95 155 28 169 231 1605 56
internal_value=-0.00308503 -0.0798353 0.0868739 0.0321256 -0.0928169 -0.0262432 0.0123426 -0.0232588 0.0294104 0.0285331 0.077252 0.0422078 -0.0352399 -0.0539559 -0.0227146 0.102474 0.0675867 0.0227847 -0.00329907 -0.058305 0.0867833 -0.0669328 0.0121369 -0.0104882 -0.0994856 -0.0388238 0.00385734 0.0778503 -0.100204 -0.0751354
internal_weight=1627.38 878.161 749.22 166.145 769.755 70.086 108.406 74.5944 94.3631 30.1048 91.551 38.0123 11.9803 56.2855 32.4766 583.075 43.6087 18.1836 15.3846 44.4895 13.8005 41.9336 76.0383 19.7096 699.669 8.18858 66.5545 26.032 691.48 31.5561
internal_count=54720 41886 12834 2757 40325 1810 1561 1503 869 398 1254 420 121 1663 805 10077 523 165 145 1105 147 1088 624 301 38515 183 518 299 38332 1661
is_linear=0
shrinkage=0.1


Tree=26
num_leaves=31
num_cat=0
split_feature=4 1 3 2 5 5 5 11 8 7 4 7 2 3 11 4 2 2 8 1 1 2 10 7 8 7 4 2 9 3
split_gain=1000.94 126.172 28.2956 27.7185 23.0228 22.4245 17.3092 16.4704 13.7882 14.7465 10.7747 10.1146 9.70252 9.58988 8.6405 9.63931 7.97391 7.05615 6.02984 5.82238 7.31324 5.24091 4.3093 4.17048 3.66451 3.84242 2.93812 5.37359 2.72016 2.52179
threshold=0.25108695652173918 0.44949494949494956 0.13484848484848486 0.27195685670261943 0.18333333333333338 0.58571428571428574 0.30952380952380959 1.0000000180025095e-35 11.500000000000002 11.500000000000002 0.086057110304066098 19.500000000000004 0.22128060263653485 0.14039408866995076 1.0000000180025095e-35 0.067878887609017627 0.77207792207792225 0.24509048902579902 46.500000000000007 0.31666666666666671 0.10555555555555557 0.51925925925925942 2.5000000000000004 35.500000000000007 55.500000000000007 14.500000000000002 0.30289129830414241 0.50471698113207564 1.5000000000000002 0.31698564593301443
decision_type=2 2 2 2 2 2 2 2 2 2 2 2 2 2 2 2 2 2 2 2 2 2 2 2 2 2 2 2 2 2
left_child=1 2 7 5 10 11 24 -1 17 -10 -3 19 -9 14 15 -6 -16 -8 22 20 -2 -14 -12 29 -4 -26 27 -5 -21 -13
right_child=3 4 6 26 13 -7 8 12 9 -11 18 23 21 -15 16 -17 -18 -19 -20 28 -22 -23 -24 -25 25 -27 -28 -29 -30 -31
leaf_value=-0.10055730048612517 -0.011655404313090471 -0.10173117607467752 -0.10031928513611735 -0.014001328088170607 -0.10722712512384312 0.098990058745707876 -0.10535790261678712 -0.098506798437111534 -0.042873422941912452 0.085355412905835648 0.028611505184798155 0.02199760422836369 -0.015558454193891437 0.098678605900843097 0.018904441000524606 0.060434094365349661 0.098949313871350308 0.063050467796729667 0.14569645611677848 0.12684521956317021 -0.13114813722667665 0.11255949099755923 -0.11552229051562038 -0.054942610988673493 -0.108401821467295 0.091777794402944035 0.10472705359443078 0.10679557719545195 -0.00047463213861167753 0.094087477554543941
leaf_weight=602.23709287308156 30.913292178884149 20.215577406808734 33.206553960219026 5.9599509574472895 9.2947188895195705 54.864928010851145 14.002324802801015 14.79057329893112 15.112452520057557 22.059735519811511 5.9715144801884872 6.6440105997026029 21.38926146179438 21.764402933418751 48.552892871201038 5.4338013585656872 16.734792947769165 3.0255220774561158 2.8242916651070109 3.7167979739606372 6.1389841083437195 3.7531670406460753 3.1783898267894983 2.7616859599947921 1.732571899890899 2.1472893804311752 488.44595598429441 9.637458607554434 3.0591886751353741 17.995249126106501
leaf_count=37034 445 1212 1399 50 325 892 547 630 282 246 89 72 377 305 292 57 244 23 25 38 77 18 25 34 29 21 9505 170 34 223
internal_value=-0.0030475 -0.0727281 -0.089028 0.0928726 0.0165096 0.0509398 -0.0369332 -0.0964334 -0.000913278 0.0332236 -0.0572041 0.0139287 -0.0342399 0.0398227 0.023814 -0.0453718 0.0394219 -0.075435 0.0179693 -0.0158669 -0.0314535 0.00356651 -0.0214561 0.0615871 -0.0895745 0.00238656 0.103363 0.0606377 0.0693635 0.0746483
internal_weight=1497.56 867.427 733.457 630.138 133.97 126.094 91.2865 642.17 54.2 37.1722 32.1898 71.2292 39.933 101.781 80.0162 14.7285 65.2877 17.0278 11.9742 43.8283 37.0523 25.1424 9.1499 27.4009 37.0864 3.87986 504.043 15.5974 6.77599 24.6393
internal_count=54720 43180 40606 11540 2574 1815 2547 38059 1098 528 1351 923 1025 1223 918 382 536 570 139 594 522 395 114 329 1449 50 9725 220 72 295
is_linear=0
shrinkage=0.1


Tree=27
num_leaves=31
num_cat=0
split_feature=4 11 2 5 3 2 1 3 1 2 2 7 8 2 4 2 4 2 10 8 7 10 8 8 2 8 4 12 1 8
split_gain=890.011 91.6789 58.4808 35.5485 30.989 18.035 16.9685 16.0436 14.2557 9.71177 9.03676 8.71529 8.18519 6.85144 6.66164 6.13206 5.78453 5.44112 6.52533 9.45753 4.66724 5.71562 3.42734 3.40622 6.90622 3.3576 8.18539 5.42337 3.36934 2.88113
threshold=0.18225524475524477 1.0000000180025095e-35 0.27195685670261943 0.21111111111111114 0.14039408866995076 0.21483516483516488 0.23611111111111113 0.53137254901960795 0.10555555555555557 0.77207792207792225 0.4555335968379447 21.500000000000004 39.500000000000007 0.17555713608345189 0.35450268817204306 0.018019480519480522 0.30289129830414241 0.52440476190476204 2.5000000000000004 34.500000000000007 28.500000000000004 3.5000000000000004 58.500000000000007 35.500000000000007 0.31866537717601556 52.500000000000007 0.0997076023391813 1.0000000180025095e-35 0.72077922077922085 80.500000000000014
decision_type=2 2 2 2 2 2 2 2 2 2 2 2 2 2 2 2 2 2 2 2 2 2 2 2 2 2 2 2 2 2
left_child=1 4 3 14 25 11 -3 12 -7 23 -10 -6 13 -5 22 -14 17 18 -4 -20 21 -16 -2 24 -8 -1 28 -28 -27 -25
right_child=2 6 16 7 5 8 9 -9 10 -11 -12 -13 15 -15 20 -17 -18 -19 19 -21 -22 -23 -24 29 -26 26 27 -29 -30 -31
leaf_value=-0.1003793291063157 -0.085145093530623217 -0.10199870400725614 0.11759321501598159 -0.016289809519957364 -0.090657913757613034 0.33274731694053383 -0.045590932128567185 0.10072953207582487 -0.068615508058399194 0.097259137042783828 0.079512637688327087 0.0073260535461750391 0.11463838047320236 0.09450121333065914 0.071723249170120643 -0.053055698749589202 0.10405457772521408 0.0962405236380246 -0.091407345930886494 0.094549233496406593 0.12546142804135274 -0.059889695716293039 0.11947028622253462 -0.021155764458961321 0.065475736216583355 -0.089149775663012354 0.17758087635244543 -0.10304276635963489 0.1922766019639936 0.037397054652390391
leaf_weight=549.99581935908645 25.024084134958688 11.824114613234995 4.8428749591112163 35.380754806101322 30.131527567282319 1.6795469783246542 7.5315984841436174 52.06212804839015 6.2971635516732958 15.564784739166496 11.903919806703923 12.9915236197412 12.869349416345356 6.6273329127579919 4.7340029813349274 2.6254230327904216 444.67532386258245 21.862577062100172 7.1834509484469873 4.4164902828633785 2.5678938776254645 10.89018629863858 0.84630317986011405 34.182019338011742 21.812759909778833 24.082166841253645 2.1344400886446229 1.0167408213019373 0.4330679289996614 11.143188804388044
leaf_count=36835 1001 692 37 462 1278 10 126 979 139 245 145 238 126 80 44 17 9505 358 68 51 19 79 8 268 149 1570 60 46 4 81
internal_value=-0.00301558 -0.0773835 0.0837487 0.0300083 -0.0914061 -0.0248111 0.0106428 0.0605136 0.0539869 0.025403 0.0282636 -0.0611386 0.0241027 0.00118894 -0.0458456 0.0862244 0.100843 0.0635553 0.0200966 -0.0206074 0.000522192 -0.020012 -0.0784515 0.0104247 0.0369691 -0.0986694 -0.0646771 0.0870366 -0.0841783 -0.00676057
internal_weight=1379.33 742.724 636.608 153.627 640.666 63.0037 102.058 109.565 19.8806 90.2344 18.2011 43.1231 57.5029 42.0081 44.0625 15.4948 482.981 38.3054 16.4428 11.5999 18.1921 15.6242 25.8704 74.6696 29.3444 577.662 27.6664 3.15118 24.5152 45.3252
internal_count=54720 41886 12834 2815 40325 1810 1561 1664 294 869 284 1516 685 542 1151 143 10019 514 156 119 142 123 1009 624 275 38515 1680 106 1574 349
is_linear=0
shrinkage=0.1


Tree=28
num_leaves=31
num_cat=0
split_feature=4 1 2 3 3 5 11 5 8 7 4 5 2 2 5 8 2 7 8 1 7 2 4 8 4 2 8 4 5 7
split_gain=792.189 106.542 27.4455 26.935 19.9251 17.8333 16.7386 14.7709 11.4038 10.9395 8.89023 8.432 8.3909 8.37973 7.61689 6.79887 5.91693 5.01985 4.99126 4.89248 4.55709 4.04795 3.58399 3.42118 3.13528 4.85368 2.51447 1.99843 1.47304 1.17663
threshold=0.25108695652173918 0.44949494949494956 0.27195685670261943 0.13484848484848486 0.6043478260869567 0.18333333333333338 1.0000000180025095e-35 0.30952380952380959 11.500000000000002 11.500000000000002 0.086057110304066098 0.58571428571428574 0.79449472096530926 0.22128060263653485 0.58571428571428574 25.500000000000004 0.24509048902579902 19.500000000000004 48.500000000000007 0.31666666666666671 34.500000000000007 0.60208333333333341 0.18225524475524477 55.500000000000007 0.30289129830414241 0.50471698113207564 91.500000000000014 0.17673086933888602 0.30952380952380959 5.5000000000000009
decision_type=2 2 2 2 2 2 2 2 2 2 2 2 2 2 2 2 2 2 2 2 2 2 2 2 2 2 2 2 2 2
left_child=1 3 4 6 14 10 -1 23 16 -10 -3 12 15 26 17 -7 -9 19 22 -2 -19 -15 -12 -5 25 28 -8 -25 -4 -16
right_child=2 5 24 7 -6 11 13 8 9 -11 18 -13 -14 21 29 -17 -18 20 -20 -21 -22 -23 -24 27 -26 -27 -28 -29 -30 -31
leaf_value=-0.10001320520123731 -0.041642416804984823 -0.10141639162876614 -0.071206460914459757 -0.099306543467870878 0.097412006764237252 -0.064399703059618785 -0.10481124457351912 -0.10496595645692497 -0.03829074948235079 0.074445605335120152 -0.082446464145522758 0.12173209197105006 0.085291850879748263 -0.0064576712565972919 0.12817586742118983 0.023002786840736932 0.051456897141902838 0.05638621415910719 0.14223375121255874 0.069390795476223566 -0.093231305586101959 0.16858504255732076 0.043233646912967605 -0.061976915706662 0.10343163374802332 0.10558221474615431 0.1532352899183847 0.085112107969191941 0.029822288294275502 0.060659366893014099
leaf_weight=496.26909388974309 30.71734376065433 16.637882214039568 2.5441529154777518 28.130091172643009 45.973600547760725 10.61380437761545 12.193423002958294 12.061083438806234 14.218472011387346 21.81064260751009 4.616619789041577 10.233606548979877 18.398122791200876 23.193450100719932 3.3396074548363677 55.118074829690158 3.0246575735509387 15.940202865749599 2.3720462359488002 4.5572302117943755 2.33379285596311 1.4009338915348042 4.4619877561926842 2.1128385812044139 404.65916768833995 8.0631903670728189 0.389684824272991 1.6411988772451875 3.3350069299340248 11.366073977202175
leaf_count=37034 458 1212 14 1399 938 249 609 547 282 246 89 171 311 388 44 492 23 168 23 45 23 7 27 37 9505 170 21 13 36 139
internal_value=-0.00297327 -0.0699956 0.0899695 -0.0869196 0.0465229 0.0152029 -0.0951648 -0.0339264 -0.000608299 0.0299555 -0.0547442 0.0360235 0.0255979 -0.0304457 0.0122458 0.0088898 -0.0736035 -0.00526045 0.0130708 -0.0272977 0.0372784 0.00351303 -0.0206767 -0.0873401 0.101825 0.0552007 -0.0968198 0.00232781 -0.013897 0.0759921
internal_weight=1271.73 738.898 532.829 616.446 114.228 122.452 533.447 82.999 51.1149 36.0291 28.0885 94.3636 84.13 37.1775 68.2543 65.7319 15.0857 53.5486 11.4507 35.2746 18.274 24.5944 9.07861 31.8841 418.602 13.9424 12.5831 3.75404 5.87916 14.7057
internal_count=54720 43180 11540 40606 1815 2574 38059 2547 1098 528 1351 1223 1052 1025 877 741 570 694 139 503 191 395 116 1449 9725 220 630 50 50 183
is_linear=0
shrinkage=0.1


Tree=29
num_leaves=31
num_cat=0
split_feature=4 1 2 3 3 11 5 5 2 7 4 3 11 2 5 1 12 10 4 1 3 8 4 2 2 2 1 8 8 4
split_gain=703.178 97.4845 27.5615 26.3663 18.5718 16.904 15.298 13.423 10.0085 11.9567 8.22169 8.05845 9.10311 7.65853 6.94329 6.77896 4.45075 3.93445 7.73862 3.64053 3.59016 3.28216 3.17446 4.49516 3.00039 8.27553 2.81077 2.72244 2.54121 1.96045
threshold=0.25108695652173918 0.44949494949494956 0.27195685670261943 0.13484848484848486 0.6043478260869567 1.0000000180025095e-35 0.18333333333333338 0.30952380952380959 0.37617924528301894 11.500000000000002 0.086057110304066098 0.10762548262548265 1.0000000180025095e-35 0.22128060263653485 0.18333333333333338 0.61250000000000016 1.0000000180025095e-35 3.5000000000000004 0.45049019607843144 0.23611111111111113 0.075498575498575513 55.500000000000007 0.30289129830414241 0.50471698113207564 0.17555713608345189 0.016530054644808747 0.10555555555555557 38.500000000000007 94.500000000000014 0.1937129690585912
decision_type=2 2 2 2 2 2 2 2 2 2 2 2 2 2 2 2 2 2 2 2 2 2 2 2 2 2 2 2 2 2
left_child=1 3 4 5 14 -1 10 21 9 -9 -3 12 20 28 17 -14 27 18 -2 -15 -8 -5 23 -4 25 -16 -19 -12 -7 -18
right_child=2 6 22 7 -6 13 11 8 -10 -11 16 -13 15 19 24 -17 29 26 -20 -21 -22 -23 -24 -25 -26 -27 -28 -29 -30 -31
leaf_value=-0.09973673571694576 -0.038676836238174306 -0.10127981134737735 -0.012550145698002583 -0.098695597173697913 0.09607633173893923 -0.10436373289069159 -0.10806396580355689 -0.075168308446828758 0.13167936837810298 0.029170427508553854 0.0090051572000823619 0.087403688583448713 0.0080042651980784998 -0.10256021135891846 0.04842856616612163 0.079014021216037164 -0.12624262319131224 -0.043574777721302839 0.14281645923202471 0.017288674925163096 0.036333485241897792 0.0019598138866486156 0.10285040417627865 0.10503182560041449 0.099925840637736879 -0.072559477461637364 -0.15454387619599086 0.136188730710956 0.15836042913921067 0.014722743235279501
leaf_weight=450.22528623603284 8.7056429907679576 15.073846968822183 5.8418287411332113 25.602833537384871 42.147872243076563 11.145133771002289 7.2539547663182002 19.318689700216055 5.1247950233519068 25.453775350935757 4.1272047180682403 21.290262194350362 40.788813330233097 2.8720908425748375 28.959092799574137 20.053619757294655 2.4831631286069751 9.6843834239989501 3.2176361903548232 21.564206507056952 2.257764857262373 3.7088375184684983 368.11508782580495 7.3321577161550522 6.239508017897605 7.0248042233288279 2.986438548192381 2.8420013207942247 0.38074075058102685 1.6369455978274343
leaf_count=37034 245 1212 50 1399 938 613 326 627 31 440 48 333 201 164 308 335 52 109 22 231 28 50 9505 170 89 68 36 28 17 11
internal_value=-0.00293354 -0.0685079 0.088449 -0.0857505 0.0440959 -0.0944669 0.0142448 -0.0322494 -0.000697953 -0.0158503 -0.0531986 0.0334989 0.0171865 -0.028491 0.0113071 0.031409 0.0121589 -0.0309304 0.0103012 0.00320238 -0.0737888 -0.0859596 0.101124 0.0528917 0.0359095 0.0248092 -0.0697295 0.0608699 -0.095685 -0.0702362
internal_weight=1173.46 683.204 490.254 565.396 108.965 486.187 117.808 79.2089 49.8973 44.7725 26.1632 91.6444 70.3542 35.9622 66.8175 60.8424 11.0893 24.5941 11.9233 24.4363 9.51172 29.3117 381.289 13.174 42.2234 35.9839 12.6708 6.96921 11.5259 4.12011
internal_count=54720 43180 11540 40606 1815 38059 2574 2547 1098 1067 1351 1223 890 1025 877 536 139 412 267 395 354 1449 9725 220 465 376 145 76 630 63
is_linear=0
shrinkage=0.1


Tree=30
num_leaves=31
num_cat=0
split_feature=4 11 2 3 3 8 1 10 7 2 1 4 2 3 2 10 8 3 8 8 5 12 8 2 5 7 5 7 2 3
split_gain=624.997 75.1528 50.6929 27.6774 25.2759 15.1298 12.2119 11.5105 10.965 10.1896 8.38736 7.88261 7.76688 7.1231 9.29831 9.61983 11.4822 6.96071 6.25825 4.83365 4.50107 3.44791 3.23254 5.84184 3.16091 2.74266 4.83707 3.25722 2.70093 5.15996
threshold=0.18225524475524477 1.0000000180025095e-35 0.2561121049493143 0.12310606060606062 0.56385869565217395 34.500000000000007 0.23611111111111113 2.5000000000000004 14.500000000000002 0.39339826839826847 0.31666666666666671 0.095389748255990309 0.77207792207792225 0.31414473684210531 0.52440476190476204 2.5000000000000004 40.500000000000007 0.20942982456140355 40.500000000000007 11.500000000000002 0.41428571428571431 1.0000000180025095e-35 35.500000000000007 0.45080645161290328 0.63333333333333341 12.500000000000002 0.63333333333333341 3.5000000000000004 0.71583850931677029 0.069366479550922219
decision_type=2 2 2 2 2 2 2 2 2 2 2 2 2 2 2 2 2 2 2 2 2 2 2 2 2 2 2 2 2 2
left_child=1 3 4 28 8 17 -3 11 10 -9 20 -7 22 14 15 21 -17 -5 24 -19 -2 -4 23 -8 -10 26 27 -6 -1 -30
right_child=2 6 13 5 25 7 12 9 18 -11 -12 -13 -14 -15 -16 16 -18 19 -20 -21 -22 -23 -24 -25 -26 -27 -28 -29 29 -31
leaf_value=-0.099527736274202916 -0.092451547976352341 -0.10157903390996877 0.12537327207004809 -0.09304106865752948 0.054165025195900787 -0.022061134360614711 -0.0060753737808151324 -0.06027738252438563 -0.008223188316705668 0.10822706256330923 0.073503852872197087 0.18391887285018144 0.092546822673164469 0.10315149144254879 0.095846370847658943 -0.12984015493205325 0.10068994945844263 -0.048733800080108684 0.091725294269371288 0.096873905517863984 -0.023703077293767191 -0.042168353448161548 -0.0091572924126883688 0.085851897311087513 0.06984062694692833 0.10342257706487659 0.10416017652526149 -0.13546914852329087 -0.11442380859217005 0.073421385024265373
leaf_weight=415.25061314180493 18.647044385783374 9.1158053483813983 5.8889315351843861 29.905937555246055 1.6878051869571193 2.6624437076970953 15.791413256898524 13.934340685606005 26.179620956070721 4.8335121227428308 5.6217503268271676 6.1481464616954327 12.637493889778851 323.98611383512616 29.521834760904312 7.051611057482658 3.1150103360414505 6.3274992369115335 11.988337863236664 3.5639837495982647 19.463871601969004 1.5520411413162944 44.520068462006748 12.295370414853094 6.4685831032693377 32.373514585196972 4.9597203843295574 1.9548086635768411 3.3153337733820072 2.6163630774244666
leaf_count=37369 804 692 82 1880 26 118 183 272 425 78 70 92 245 9143 695 102 37 256 144 82 278 18 349 92 82 774 130 24 155 23
internal_value=-0.00289417 -0.073271 0.0790783 -0.089051 0.0251684 -0.0295413 0.00843093 0.0273842 -0.00493337 -0.0168804 -0.0405208 0.121674 0.0201951 0.0978675 0.0615432 0.00402869 -0.0592067 -0.0689891 0.0299334 0.00372987 -0.0573406 0.0904274 0.00760202 0.034167 0.00724358 0.0900863 0.0398972 -0.0476022 -0.0985706 -0.0315687
internal_weight=1083.38 582.918 500.461 488.558 129.345 67.3759 94.3602 27.5784 88.3692 18.7679 43.7327 8.81059 85.2443 371.116 47.1294 17.6076 10.1666 39.7974 44.6365 9.89148 38.1109 7.44097 72.6069 28.0868 32.6482 40.9758 8.60233 3.64261 421.182 5.9317
internal_count=54720 41886 12834 40325 2757 2778 1561 560 1803 350 1152 210 869 10077 934 239 139 2218 651 338 1082 100 624 275 507 954 180 50 37547 178
is_linear=0
shrinkage=0.1


Tree=31
num_leaves=31
num_cat=0
split_feature=4 1 2 3 11 5 5 5 8 7 5 3 2 7 1 2 2 8 4 8 12 3 1 4 2 5 2 8 8 3
split_gain=554.917 81.6302 26.6323 25.0922 17.1281 15.7878 11.7729 11.4962 8.90643 8.25103 7.60985 6.85279 6.68312 6.61939 6.99996 6.50146 5.21414 5.07132 4.84056 7.41834 4.26985 4.36564 4.2685 3.46108 6.03358 5.05566 3.35814 3.15169 2.73113 2.15699
threshold=0.25108695652173918 0.44949494949494956 0.27195685670261943 0.13484848484848486 1.0000000180025095e-35 0.58571428571428574 0.18333333333333338 0.30952380952380959 11.500000000000002 7.5000000000000009 0.58571428571428574 0.089572192513368995 0.22128060263653485 13.500000000000002 0.31666666666666671 0.79449472096530926 0.24509048902579902 29.500000000000004 0.52803983228511542 20.500000000000004 1.0000000180025095e-35 0.14907407407407411 0.10555555555555557 0.37066905615292717 0.50471698113207564 0.63333333333333341 0.60208333333333341 70.500000000000014 98.500000000000014 0.46410256410256417
decision_type=2 2 2 2 2 2 2 2 2 2 2 2 2 2 2 2 2 2 2 2 2 2 2 2 2 2 2 2 2 2
left_child=1 3 5 4 -1 13 11 27 16 -10 15 -3 28 14 22 17 -9 -8 19 -15 21 -13 -2 24 25 -4 -14 -5 -6 -7
right_child=2 6 23 7 12 29 10 8 9 -11 -12 20 26 18 -16 -17 -18 -19 -20 -21 -22 -23 -24 -25 -26 -27 -28 -29 -30 -31
leaf_value=-0.099191057451819983 -0.031013877906115418 -0.097483177873389726 -0.066204801283498566 -0.092634413833550727 -0.10402062854082827 0.047915394976402126 -0.045243897774380461 -0.10479664614035529 -0.047181462711032351 0.058649648240764733 0.12156119163223585 0.1619768383486947 -0.0054002008741820921 -0.04786773756255059 0.07745492474323086 0.079343307372646055 0.045645289809788631 0.021930043083988812 0.08696410426858614 0.068222194473582631 -0.068194745965708944 -0.014031245668535589 -0.1423424125470035 0.10273765852259009 0.097542872331010527 0.11023345429817487 0.15934974428132462 0.051525178217265724 0.18049576204841336 0.1046196577866465
leaf_weight=370.96426321472973 17.314772259444005 13.232724707573654 5.1760014444589642 23.948773520067338 9.571551264263686 8.7452862560749036 14.726869494654236 10.133813461288808 10.629508023150263 24.000567597337067 8.2073720693588239 2.669662398286162 22.69240036606789 11.14038610737771 5.0647208765149108 15.012470796704291 2.9816415682435027 47.450827894732356 12.726010881364344 10.880678160116075 3.7820814317092299 2.9848418869078159 4.2991064935922614 292.69417924433947 16.095364931970835 2.3665558807551861 1.3085696250200261 1.619078081101178 0.34971386380493719 28.801797140389681
leaf_count=37034 310 1224 56 1430 616 105 302 547 209 319 171 35 388 136 68 311 23 439 217 127 66 26 65 9154 474 41 7 19 14 787
internal_value=-0.00283721 -0.0654854 0.0856004 -0.083224 -0.0929714 0.0403278 0.0130085 -0.0293922 -0.000414335 0.0261654 0.0300142 -0.0510533 -0.0249553 0.00910188 -0.0283619 0.0202803 -0.0705955 0.00601981 0.0378663 0.00949267 0.0140543 0.0690675 -0.0531577 0.0997651 0.0629575 -0.0108455 0.00358222 -0.0835055 -0.0939917 0.0914124
internal_weight=1001.57 586.267 415.305 478.2 404.886 98.9728 108.067 73.3134 47.7455 34.6301 85.3975 22.6693 33.9222 61.4257 26.6786 77.1902 13.1155 62.1777 34.7471 22.0211 9.43659 5.6545 21.6139 316.332 23.6379 7.54256 24.001 25.5679 9.92127 37.5471
internal_count=54720 43180 11540 40606 38059 1815 2574 2547 1098 528 1223 1351 1025 923 443 1052 570 741 480 263 127 61 375 9725 571 97 395 1449 630 892
is_linear=0
shrinkage=0.1


Tree=32
num_leaves=31
num_cat=0
split_feature=4 11 2 3 5 8 7 1 2 4 1 4 3 10 2 2 7 8 5 10 5 8 3 12 8 8 2 2 3 8
split_gain=492.028 66.0712 46.1468 26.2689 23.7874 12.2968 11.9855 10.0051 9.56729 7.0862 6.49455 6.44459 6.17511 6.11907 5.74404 5.48195 4.94476 4.47684 4.08175 4.06815 3.77523 5.311 3.29607 3.96037 2.86624 4.99867 3.91192 2.52872 4.31549 3.35755
threshold=0.18225524475524477 1.0000000180025095e-35 0.31180555555555561 0.12310606060606062 0.58571428571428574 27.500000000000004 19.500000000000004 0.23611111111111113 0.39339826839826847 0.46318879855465228 0.61250000000000016 0.37066905615292717 0.21980676328502416 2.5000000000000004 0.30079365079365084 0.52440476190476204 38.500000000000007 11.500000000000002 0.21111111111111114 3.5000000000000004 0.58571428571428574 40.500000000000007 0.46410256410256417 1.0000000180025095e-35 53.500000000000007 80.500000000000014 0.42997198879551829 0.71583850931677029 0.069366479550922219 1.5000000000000002
decision_type=2 2 2 2 2 2 2 2 2 2 2 2 2 2 2 2 2 2 2 2 2 2 2 2 2 2 2 2 2 2
left_child=1 3 4 27 6 12 9 -3 13 14 24 15 -5 -7 -2 20 18 -14 -8 -11 21 -4 23 -6 26 -26 -9 -1 29 -29
right_child=2 7 11 5 22 8 16 10 -10 19 -12 -13 17 -15 -16 -17 -18 -19 -20 -21 -22 -23 -24 -25 25 -27 -28 28 -30 -31
leaf_value=-0.098967269745583619 -0.051836251073415385 -0.10138912250812607 -0.05909740288522855 -0.098180755967364197 0.086781155344509281 0.059526280828745705 0.005549430372622316 -0.010918515410096681 0.11519417454952377 0.12839133163441641 0.072544335196553969 0.10308647887199418 -0.04296584030958106 -0.050005730367056245 -0.3234360552103841 0.088483261210612452 -0.14940150725840012 0.12446422187475029 0.083896999527892313 -0.0019937915794995442 0.091681064304693485 0.11372242081514844 0.10406004201661899 -0.019123717415358489 -0.06055878871405912 0.029107953448307189 0.051758076461751915 0.19230912472994216 0.064493883221597881 -0.14998376652151893
leaf_weight=342.52155111823231 36.97545453812927 7.7390103228390208 8.1261817775666696 22.753620493225757 9.2785620568320137 7.5792283536866369 10.733303461223846 20.208066924475133 7.5871335174888364 2.9201925005763796 17.026063643395901 260.77811437658966 5.6055347817018619 15.59481832757592 0.79542984068393607 24.296746954321861 1.2469378644600499 2.2332428824156523 17.477262732572854 13.254932019859551 4.1345366649329653 2.2763670496642581 29.554946418851614 5.7003999501466742 14.823527114465834 10.708356326445935 19.632909514009953 0.32143563311546985 2.5553675880655646 2.641718759201467
leaf_count=37369 1205 692 88 1701 114 264 187 253 124 34 335 8981 247 386 11 657 18 56 273 182 64 31 904 85 97 75 109 13 23 142
internal_value=-0.00278668 -0.0701848 0.0759586 -0.0872499 0.0256829 -0.0269182 -0.00582566 0.00732229 0.0177278 -0.0338383 0.0175326 0.0974269 -0.0718105 -0.0141825 -0.057556 0.0594212 0.0454743 0.00473445 0.054088 0.0215454 0.0108479 -0.0212796 0.0846923 0.046478 0.00320505 -0.0229516 0.0199674 -0.0978853 -0.0307318 -0.112853
internal_weight=927.081 499.532 427.549 409.394 127.937 61.3536 83.4035 90.1379 30.7612 53.946 82.3989 299.612 30.5924 23.174 37.7709 38.8338 29.4575 7.83878 28.2106 16.1751 14.5371 10.4025 44.5339 14.979 65.3729 25.5319 39.841 348.04 5.51852 2.96315
internal_count=54720 41886 12834 40325 3013 2778 1910 1561 774 1432 869 9821 2004 650 1216 840 478 303 460 216 183 119 1103 199 534 172 362 37547 178 155
is_linear=0
shrinkage=0.1


Tree=33
num_leaves=31
num_cat=0
split_feature=4 1 2 8 3 4 5 2 2 8 7 10 5 9 3 2 1 9 4 2 5 1 7 2 2 10 2 7 1 1
split_gain=435.391 68.481 25.788 24.093 14.9448 14.6378 9.23584 8.97027 8.354 9.30065 7.83417 7.00135 6.07541 6.03535 5.56448 6.99172 8.74893 5.20027 4.01998 6.31018 4.28098 3.76884 3.65844 3.60753 6.11802 3.29258 3.23326 2.99817 2.77525 1.70041
threshold=0.25108695652173918 0.44949494949494956 0.31180555555555561 27.500000000000004 0.6043478260869567 0.12254524451289951 0.58571428571428574 0.41897974493623413 0.77888888888888907 25.500000000000004 7.5000000000000009 2.5000000000000004 0.18333333333333338 2.5000000000000004 0.18019480519480521 0.16345083487940634 0.11805555555555557 1.5000000000000002 0.37066905615292717 0.50471698113207564 0.63333333333333341 0.23611111111111113 29.500000000000004 0.17555713608345189 0.016530054644808747 2.5000000000000004 0.41048534798534803 1.5000000000000002 0.31666666666666671 0.44949494949494956
decision_type=2 2 2 2 2 2 2 2 2 2 2 2 2 2 2 2 2 2 2 2 2 2 2 2 2 2 2 2 2 2
left_child=1 3 4 14 12 7 8 28 9 25 26 -12 17 -11 -1 22 -17 21 19 20 29 -2 -16 24 -14 -3 -7 -9 -5 -4
right_child=2 6 18 5 -6 10 -8 27 -10 13 11 -13 23 -15 15 16 -18 -19 -20 -21 -22 -23 -24 -25 -26 -27 -28 -29 -30 -31
leaf_value=-0.099487825517171266 -0.030535839744648588 -0.053386777117785424 -0.12658580311301612 -0.087343866149446614 0.092187797158027607 -0.094514767751982406 0.12202701303820157 0.11117769361653924 0.064014434541790316 0.05809889473608687 0.14875399132569694 0.017159765179600685 0.040626956840761008 -0.012787585883655184 -0.095688001215897017 0.25624556901379109 -0.024367128624038149 -0.2132314936094967 0.10278416147417505 0.095749706762337017 0.10854593882858227 0.13685285171004433 0.078155644703520696 0.098410563631348313 -0.068384719665293553 -0.17077368896643333 0.071681478736027537 -0.0093701759691592057 -0.041355614408652694 -0.0089056476401346979
leaf_weight=270.55664767324924 19.876728306524463 17.281618773471568 2.600503375753763 54.303126488812268 33.461752757430077 6.8488305797800439 7.0644705314189187 2.7418306563049546 18.315992963500321 17.664044201374054 5.2594574252143529 17.481023024767637 26.031129637733102 37.529729956761003 14.790942625142639 1.4788220515474666 4.4678338579833508 1.4771064221858967 236.62046041339636 13.54832494817674 1.8174180034548042 1.4427359905093897 1.3184422971680749 6.9594874344766131 6.4175466997548929 2.7728290008381 1.4118835255503652 8.3354581100866181 17.303624412044883 2.3261844199150801
leaf_count=32152 390 1146 22 5612 1059 211 171 45 415 149 135 282 308 667 972 10 89 14 8981 474 38 14 37 142 68 26 15 269 777 30
internal_value=-0.00272354 -0.0620805 0.0826178 -0.080372 0.0382985 -0.0413044 0.0117735 -0.0632761 0.00344895 -0.0112931 0.0172969 0.0475951 0.00930982 0.0098987 -0.0955505 -0.0472523 0.045416 -0.03178 0.099121 0.0564062 -0.0226316 -0.0192083 -0.0814601 0.0330792 0.0190671 -0.0696173 -0.0661093 0.0204676 -0.0762309 -0.071022
internal_weight=859.506 506.927 352.579 406.298 95.6665 113.685 100.629 82.684 93.5642 75.2482 31.0012 22.7405 62.2047 55.1938 292.613 22.056 5.94666 22.7966 256.913 20.2924 6.74411 21.3195 16.1094 39.4082 32.4487 20.0544 8.26071 11.0773 71.6068 4.92669
internal_count=54720 43180 11540 40606 1995 7346 2574 6703 2403 1988 643 417 936 816 33260 1108 99 418 9545 564 90 404 1009 518 376 1172 226 314 6389 52
is_linear=0
shrinkage=0.1


Tree=34
num_leaves=31
num_cat=0
split_feature=4 11 2 3 5 8 7 1 10 2 4 4 3 1 4 2 1 7 8 8 3 12 5 3 7 8 2 2 2 3
split_gain=385.434 58.802 42.834 25.4514 19.6216 10.1173 9.63273 8.17245 7.91177 6.97119 6.37995 6.05817 6.03344 5.8591 5.65014 4.4129 4.2425 4.09516 3.44594 3.97509 3.421 3.35299 3.10651 2.81465 2.3636 2.30478 3.2543 2.78393 2.27058 3.68723
threshold=0.18225524475524477 1.0000000180025095e-35 0.31180555555555561 0.12310606060606062 0.58571428571428574 34.500000000000007 19.500000000000004 0.23611111111111113 2.5000000000000004 0.3465463108320252 0.37066905615292717 0.2228132387706856 0.29705882352941182 0.81666666666666676 0.066852886405959044 0.52440476190476204 0.44949494949494956 38.500000000000007 2.5000000000000004 50.500000000000007 0.46410256410256417 1.0000000180025095e-35 0.21111111111111114 0.20942982456140355 26.500000000000004 35.500000000000007 0.45080645161290328 0.62645348837209314 0.71583850931677029 0.069366479550922219
decision_type=2 2 2 2 2 2 2 2 2 2 2 2 2 2 2 2 2 2 2 2 2 2 2 2 2 2 2 2 2 2
left_child=1 3 4 28 6 12 11 -3 14 -10 15 -2 23 25 -7 18 -13 22 -4 -20 21 -6 -8 -5 -23 26 -9 -27 -1 -30
right_child=2 7 10 5 20 8 17 13 9 -11 -12 16 -14 -15 -16 -17 -18 -19 19 -21 -22 24 -24 -25 -26 27 -28 -29 29 -31
leaf_value=-0.098377414980047873 -0.10951972627505098 -0.10118389078606008 0.14970930023853188 -0.088828496281935454 0.080536073319233514 -0.093747035348051885 0.0073100874963374432 -0.0016187852392358362 -0.054575054423060522 0.094761218071019074 0.10251221369419826 -0.024263211188375936 0.14644207569466741 0.1061076402366205 0.13631980190825302 0.085290491066369892 0.10976197263884857 -0.13663923972786926 -0.033164701721804322 0.11183457003260429 0.10344692779727212 0.020946443439711235 0.076999289578245381 -0.017737472263518888 -0.12616060666192974 -0.022978831730309159 0.0664029677995982 0.031097656770560651 -0.11151050477813773 0.055606913798653637
leaf_weight=283.93669657595456 8.3499745419248921 6.4373720316216341 1.6194319240748871 22.207808276638396 8.6956238877028209 1.2522674044594184 10.550258844159549 15.061901279725136 12.262818236835303 4.1953381607308975 214.64208900928497 40.070015241391957 1.3334823679178942 6.6106205284595481 7.233137683942914 21.022807920351624 2.5097669158130875 1.2356184944510449 9.9120948351919633 2.3363056760281316 24.756752710789442 4.0019013881683341 16.246554582379758 7.4333377312868825 1.5021922215819357 30.945047838613391 13.194832909852265 13.750335104763506 2.7850049920380107 2.5102607225999236
leaf_count=37369 558 692 20 1880 114 57 187 183 266 84 8981 821 21 174 153 657 53 18 125 38 904 63 273 317 22 252 130 130 155 23
internal_value=-0.00265805 -0.0667931 0.072595 -0.0852274 0.0229281 -0.0234686 -0.00572394 0.00719063 0.0239314 -0.0165078 0.0960654 -0.0316365 -0.0616394 0.0159591 0.102367 0.0564059 -0.0163634 0.0413543 0.0126186 -0.005507 0.081004 0.0418754 0.0495617 -0.0710005 -0.0192024 0.00779026 0.0301448 -0.00634244 -0.0971674 -0.0322872
internal_weight=798.602 431.15 367.451 345.15 117.919 55.9182 78.9622 86.0001 24.9436 16.4582 249.533 50.9298 30.9746 79.5627 8.48541 34.8906 42.5798 28.0324 13.8678 12.2484 38.9565 14.1997 26.7968 29.6411 5.50409 72.9521 28.2567 44.6954 289.232 5.29527
internal_count=54720 41886 12834 40325 3013 2778 1910 1561 560 350 9821 1432 2218 869 210 840 874 478 183 163 1103 199 460 2197 85 695 313 382 37547 178
is_linear=0
shrinkage=0.1


Tree=35
num_leaves=31
num_cat=0
split_feature=3 1 3 11 2 7 12 4 11 5 7 12 2 4 2 1 3 8 3 5 7 2 8 8 10 2 10 8 2 8
split_gain=341.67 67.2252 27.4702 17.731 17.3654 12.0676 11.902 9.76855 13.5453 8.97719 6.64001 6.34368 6.07991 5.60535 5.50273 5.02842 4.7341 4.64656 7.70752 4.57583 4.38041 3.67783 3.572 2.97401 3.6203 2.51548 2.48834 6.00536 2.39097 2.61089
threshold=0.29705882352941182 0.44949494949494956 0.13484848484848486 1.0000000180025095e-35 0.173494983277592 12.500000000000002 1.0000000180025095e-35 0.098287470725995321 1.0000000180025095e-35 0.30952380952380959 14.500000000000002 1.0000000180025095e-35 0.22611077297626295 0.30289129830414241 0.22128060263653485 0.81666666666666676 0.56385869565217395 46.500000000000007 0.079473684210526321 0.58571428571428574 15.500000000000002 0.20611577964519143 103.50000000000001 40.500000000000007 3.5000000000000004 0.60208333333333341 2.5000000000000004 28.500000000000004 0.090230664857530549 17.500000000000004
decision_type=2 2 2 2 2 2 2 2 2 2 2 2 2 2 2 2 2 2 2 2 2 2 2 2 2 2 2 2 2 2
left_child=1 2 3 -1 5 19 9 8 17 13 -8 26 -11 -4 22 20 23 -3 -19 28 -10 -12 -5 24 -7 -16 -9 -28 29 -2
right_child=4 7 6 14 -6 16 10 11 15 12 21 -13 -14 -15 25 -17 -18 18 -20 -21 -22 -23 -24 -25 -26 -27 27 -29 -30 -31
leaf_value=-0.097684459196816786 -0.13198751495839886 -0.10596874877581271 -0.084757545329792211 -0.10360683050550726 0.099741431881645304 0.099626292379552103 -0.10499410530056703 0.10483859839921786 0.00067164409077466371 0.018401059204142985 -0.032776012960097405 -0.027762755794081436 0.12399914059937669 0.046727412871734438 0.00056850376341095721 0.10557482704305446 0.10057275269272137 -0.10098250815576795 0.27118891867855383 0.043753568613023854 0.12422615418639926 0.1547198058528218 0.27084397278402655 0.10921574575902038 -0.0071781264879859337 0.14946260569993852 -0.05876307683364726 0.099282556907730635 0.021588513433072581 -0.0058912477221946214
leaf_weight=254.12179710436612 6.2210648786276561 14.09570085257292 11.315296303015201 7.2359948782250312 214.1496414039284 4.0764979589730563 19.368137075100094 17.130143123678867 44.979883033782244 19.777957661077384 17.933132167905573 6.6015660096891216 7.5275474200025192 4.5444405125454059 21.208520309999589 6.0101887434720984 20.086147917434573 1.4032083782367402 0.92213156353682268 4.6732526756823054 3.0649657770991316 1.1109996009618033 0.2640510220080613 4.2576499953865996 14.330486059188841 1.1987943574786175 3.7345639672130329 6.7491738572716713 2.0538249462842932 2.2308808956295252
leaf_count=37060 90 1425 672 620 9502 42 1143 485 347 421 500 119 84 62 388 174 723 156 17 104 15 16 10 83 150 7 70 188 28 19
internal_value=-0.00259107 -0.0541913 -0.0744228 -0.089113 0.0866017 0.0380279 -0.0232758 0.0164617 -0.00482217 0.0127565 -0.0637667 0.0603015 0.0475122 -0.0470819 -0.0162819 0.0193411 0.0652241 -0.0843632 0.046605 -0.0385687 0.00855366 -0.0218379 -0.0904237 0.033897 0.0164753 0.00853436 0.0813548 0.0429828 -0.0751879 -0.0987046
internal_weight=742.378 470.298 365.607 284.029 272.079 57.9298 81.5775 104.692 70.4761 43.1652 38.4123 34.2154 27.3055 15.8597 29.9074 54.055 42.7508 16.421 2.32534 15.179 48.0448 19.0441 7.50005 22.6646 18.407 22.4073 27.6139 10.4837 10.5058 8.45195
internal_count=54720 43979 40983 38085 10741 1239 2898 2996 2134 1239 1659 862 505 734 1025 536 998 1598 173 241 362 516 630 275 192 395 743 258 137 109
is_linear=0
shrinkage=0.1


Tree=36
num_leaves=31
num_cat=0
split_feature=3 1 3 11 2 12 7 2 5 5 7 2 8 2 4 1 3 4 1 9 5 7 8 10 1 8 3 4 4 11
split_gain=301.658 60.3222 26.7411 18.0181 17.3369 11.6035 10.0203 8.71541 7.76147 7.15536 6.40509 5.622 5.38125 7.76046 5.0384 5.00086 4.8507 4.65091 4.07238 3.69981 3.60981 3.27184 2.7798 2.97791 2.52575 2.21556 1.96418 1.66282 1.64921 7.39181
threshold=0.29705882352941182 0.44949494949494956 0.12310606060606062 1.0000000180025095e-35 0.17974358974358975 1.0000000180025095e-35 12.500000000000002 0.77888888888888907 0.30952380952380959 0.58571428571428574 22.500000000000004 0.37617924528301894 30.500000000000004 0.50471698113207564 0.35450268817204306 0.23611111111111113 0.56385869565217395 0.30289129830414241 0.23611111111111113 1.5000000000000002 0.58571428571428574 30.500000000000004 40.500000000000007 3.5000000000000004 0.31666666666666671 16.500000000000004 0.44097222222222227 0.43613053613053615 0.066852886405959044 1.0000000180025095e-35
decision_type=2 2 2 2 2 2 2 2 2 2 2 2 2 2 2 2 2 2 2 2 2 2 2 2 2 2 2 2 2 2
left_child=1 2 3 27 6 8 18 9 17 12 24 -10 14 -14 -3 -5 22 -4 20 -17 25 -12 23 -8 -7 -2 -22 -1 29 -9
right_child=4 7 5 15 -6 10 16 28 11 -11 21 -13 13 -15 -16 19 -18 -19 -20 -21 26 -23 -24 -25 -26 -27 -28 -29 -30 -31
leaf_value=-0.098892037273229871 -0.11848413442031698 -0.054698398876991051 -0.076519177528155624 -0.10106928738721051 0.099169984029889413 -0.079854807789761367 0.089903790245110971 -0.1390528517425742 0.024122131558377231 0.12729769883998845 0.043963325258347646 0.15397355839676452 0.066840421424987403 -0.017853522156533051 0.10232286770864051 0.056782261011289019 0.099765050864992641 0.04166295847070766 0.10046428318584966 -0.025182536554924296 -0.038172454102786871 -0.061336129714701593 0.10690183925541503 -0.0069801107975449739 -0.18014632565929195 -0.011252434453607607 0.10517581569560025 0.13881669118926604 0.094265353686530939 0.081092581562407076
leaf_weight=223.77130769332871 6.5990932080894691 25.680926705244932 12.165393468458207 5.4969767653383341 194.56511637289077 25.252635274548087 4.0662194127216997 1.8765131398104138 25.185025068931285 4.1589658334851256 6.6944031175225955 3.843024772591888 17.129536396358162 29.366656930651516 2.220168847590684 8.6796778542920965 18.445419078692794 4.5849097315222016 1.9745884966105212 15.066729157231746 2.0716539043933149 5.2766844825819135 3.9317064918577662 14.435194554738699 2.7883592690341166 2.7213911507278681 1.7747207786887882 0.29466348327696223 12.565430711489169 8.1471858210861683
leaf_count=36170 98 1318 895 692 9491 1742 42 71 657 119 173 52 265 455 103 153 729 62 40 180 20 126 83 151 77 25 62 4 426 239
internal_value=-0.00253131 -0.0523856 -0.0726018 -0.0889444 0.0850561 -0.024348 0.0360366 0.0153914 0.0100348 -0.000349528 -0.0636858 0.0413132 -0.00748528 0.0133483 -0.0422038 -0.0151194 0.0617763 -0.0441702 -0.033455 0.00477686 -0.0535384 -0.00245117 0.0305404 0.0143129 -0.0898277 -0.0871747 0.0279686 -0.0985794 0.0701323 0.0398797
internal_weight=690.83 440.245 339.1 253.309 250.585 85.7904 56.02 101.145 45.7784 78.5563 40.0121 29.028 74.3973 46.4962 27.9011 29.2434 40.8785 16.7503 15.1414 23.7464 13.1669 11.9711 22.4331 18.5014 28.041 9.32048 3.84637 224.066 22.5891 10.0237
internal_count=54720 43979 40983 37199 10741 3784 1250 2996 1666 2260 2118 709 2141 720 1421 1025 1005 957 245 333 205 299 276 193 1819 123 82 36174 736 310
is_linear=0
shrinkage=0.1


Tree=37
num_leaves=31
num_cat=0
split_feature=3 1 3 11 2 12 7 1 5 12 7 2 9 2 3 2 8 2 4 8 1 2 8 5 7 7 11 2 2 8
split_gain=265.79 54.2851 26.0339 17.9032 17.14 9.93738 8.55223 7.83115 6.44968 6.35331 6.07335 6.05809 5.9048 5.10028 4.8251 4.7487 4.69294 4.5227 4.05098 3.92591 3.46943 3.11 3.0207 2.96687 2.7664 3.90503 2.67737 2.19465 1.93411 1.86523
threshold=0.29705882352941182 0.44949494949494956 0.12310606060606062 1.0000000180025095e-35 0.17974358974358975 1.0000000180025095e-35 12.500000000000002 0.81666666666666676 0.30952380952380959 1.0000000180025095e-35 14.500000000000002 0.62645348837209314 2.5000000000000004 0.37617924528301894 0.56385869565217395 0.22128060263653485 80.500000000000014 0.50471698113207564 0.30289129830414241 38.500000000000007 0.23611111111111113 0.20611577964519143 109.50000000000001 0.58571428571428574 36.500000000000007 29.500000000000004 1.0000000180025095e-35 0.60208333333333341 0.56306818181818186 16.500000000000004
decision_type=2 2 2 2 2 2 2 2 2 2 2 2 2 2 2 2 2 2 2 2 2 2 2 2 2 2 2 2 2 2
left_child=1 2 3 -1 6 8 20 9 18 12 28 17 19 -10 24 22 -14 -11 -4 -3 23 -12 -5 29 25 -8 -13 -17 -7 -2
right_child=4 7 5 15 -6 10 14 -9 13 11 21 26 16 -15 -16 27 -18 -19 -20 -21 -22 -23 -24 -25 -26 -27 -28 -29 -30 -31
leaf_value=-0.098332442572091311 -0.10885984386633618 0.042435118915671713 -0.073822352996907384 -0.10339806312534852 0.098521370107281264 -0.10502555053934502 0.01566621135248436 0.080953107195485999 0.02152399602007786 -0.020676040314756373 -0.031176523598088979 -0.055894552582556226 -0.012357858565302304 0.14885133283701071 0.098923273199027217 0.00087156461300342777 0.09563099056022617 -0.10997425225553495 0.037178373603835649 0.15114083123757707 0.09781901860543743 0.13699910258518744 0.22113972795803646 0.026445530739575673 -0.095422656431312855 0.12332021329980603 0.06388574343702956 0.14371951121682511 0.14239342516185358 -0.010141405477254126
leaf_weight=203.22816588450223 6.4714045254513604 10.904726135544477 11.389487954787912 6.2788686095736947 177.15104638785124 18.438976227771494 16.228990034200258 14.948134109843521 25.391054693143818 12.881753761321308 18.331165236886594 2.4971487154252809 30.6692856377922 3.59084946848452 16.825032321736217 21.005473053082827 4.6320680254138997 10.133232353255151 4.6220882665365925 4.7779343887232235 1.8325681742280711 1.1697681313380588 0.30052539706230152 3.6945536937564603 1.6811286956071843 4.252371570095419 7.3846034165471792 1.1335570588707913 0.32145598903298278 2.7177774775773287
leaf_count=36174 98 358 895 621 9491 1466 195 549 657 458 627 157 1014 52 729 388 56 249 62 58 40 21 9 82 19 62 97 7 4 25
internal_value=-0.00245676 -0.0503949 -0.0706705 -0.0878886 0.0835187 -0.0227011 0.0340301 0.0142711 0.00915827 0.00238794 -0.060166 -0.0318738 0.0244949 0.0372998 0.0585474 -0.0139821 0.0018119 -0.059993 -0.0417796 0.0755538 -0.0309231 -0.0210885 -0.0885742 -0.0492352 0.0278954 0.0380175 0.0336169 0.00818563 -0.100786 -0.079663
internal_weight=644.885 414.03 315.201 231.947 230.855 83.2548 53.7038 98.8289 44.9935 83.8808 38.2614 32.8967 50.984 28.9819 38.9875 28.7184 35.3014 23.015 16.0116 15.6827 14.7163 19.5009 6.57939 12.8837 22.1625 20.4814 9.88175 22.139 18.7604 9.18918
internal_count=54720 43979 40983 37199 10741 3784 1250 2996 1666 2447 2118 961 1486 709 1005 1025 1070 707 957 416 245 648 630 205 276 257 254 395 1470 123
is_linear=0
shrinkage=0.1


Tree=38
num_leaves=31
num_cat=0
split_feature=3 1 3 11 2 4 11 12 7 7 5 2 8 8 1 3 8 3 12 3 4 1 3 9 8 8 7 4 10 4
split_gain=234.495 52.299 25.8508 17.6635 15.5992 9.2578 10.7591 9.11116 7.86564 7.0708 6.73322 4.61627 4.39048 4.50057 4.37736 4.19699 6.38325 4.12907 4.03276 3.89525 3.7703 3.70082 3.23533 3.02135 2.99616 4.01721 2.70521 2.62246 2.51082 2.47393
threshold=0.31414473684210531 0.44949494949494956 0.12310606060606062 1.0000000180025095e-35 0.17108013937282232 0.098287470725995321 1.0000000180025095e-35 1.0000000180025095e-35 12.500000000000002 22.500000000000004 0.30952380952380959 0.37617924528301894 48.500000000000007 80.500000000000014 0.23611111111111113 0.075498575498575513 39.500000000000007 0.6043478260869567 1.0000000180025095e-35 0.28991596638655465 0.43613053613053615 0.5634920634920636 0.21240601503759401 1.5000000000000002 1.0000000180025095e-35 4.5000000000000009 7.5000000000000009 0.42146381578947373 3.5000000000000004 0.50280898876404512
decision_type=2 2 2 2 2 2 2 2 2 2 2 2 2 2 2 2 2 2 2 2 2 2 2 2 2 2 2 2 2 2
left_child=1 2 3 -1 8 6 15 10 24 20 19 -12 21 -14 -5 -3 -17 27 -7 -4 -9 -8 -20 -16 -2 26 -26 -10 -11 -29
right_child=4 5 7 14 -6 18 12 9 17 28 11 -13 13 -15 23 16 -18 -19 22 -21 -22 -23 -24 -25 25 -27 -28 29 -30 -31
leaf_value=-0.09802176731281334 0.086180476710896528 -0.10924754970842368 -0.03551059725977284 -0.10098195137530752 0.099598288248515798 0.077253486346312739 0.00031861031608649122 -0.0831579808838845 0.069824945121832446 0.033583060710597516 0.02090579199728811 0.14081167412914489 -0.048961128555963393 0.043763332017073608 0.051003242368835966 -0.096533780397666691 0.21125787827380293 0.10231084695059769 -0.068107939080848015 -0.29572923471613882 -0.39750725954736987 0.072361417981572501 0.065745227646031787 -0.023142730910474609 -0.046299873406448526 -0.014041505785347722 -0.23387820352250532 -0.05062410059544159 -0.057103162260191735 0.044868043304379879
leaf_weight=184.44242157647386 1.8863053340464819 11.548148005269466 15.093223344534632 4.7047277623787549 157.79723174963146 25.876985651440918 12.601241149008276 25.484127316158268 9.3928804071620124 8.6743027507327479 27.492344804573808 3.6353387935087076 15.296778781339528 7.957642436027526 8.8038142407313007 1.6766443667002016 1.1265070997178552 13.64456560090184 3.9556821952573946 0.59804664831608612 0.38734850846230884 16.424061505123973 3.3224664945155382 14.62584032025188 1.4285678463056677 8.4417065442539734 1.6648344276472924 5.36589592322707 4.7112378668971351 5.4875049125403166
leaf_count=36174 45 1494 955 692 9351 835 64 1839 138 221 679 62 121 64 153 82 22 688 58 12 7 287 96 180 35 118 23 62 88 75
internal_value=-0.00237813 -0.0471003 -0.0680422 -0.0867636 0.0844976 0.0155775 -0.00590847 -0.0218073 0.0341335 -0.0573375 0.00798433 0.0349094 0.0151452 -0.0172309 -0.0129575 -0.0826041 0.027159 0.0597924 0.0587574 -0.0454284 -0.0878644 0.0410843 -0.00700412 0.004718 -0.0306587 -0.049765 -0.147252 0.0311379 0.00166471 -0.00234305
internal_weight=603.548 398.439 298.653 212.577 205.109 99.7862 66.631 86.076 47.3123 39.257 46.819 31.1277 52.2797 23.2544 28.1344 14.3513 2.80315 33.8908 33.1551 15.6913 25.8715 29.0253 7.27815 23.4297 13.4214 11.5351 3.0934 20.2463 13.3855 10.8534
internal_count=54720 44185 41062 37199 10535 3123 2134 3863 1184 2155 1708 741 536 185 1025 1598 104 963 989 967 1846 351 154 333 221 176 58 275 309 137
is_linear=0
shrinkage=0.1


Tree=39
num_leaves=31
num_cat=0
split_feature=4 11 2 3 3 8 8 12 1 4 3 2 1 10 7 2 2 8 2 10 8 3 4 8 5 7 8 2 10 2
split_gain=206.771 41.8286 33.9331 21.5374 13.2658 7.4011 6.46737 5.23111 5.03542 4.98037 4.57943 4.57645 4.2405 4.20659 4.07525 3.43977 4.27846 3.33003 3.10173 4.01707 5.49457 2.92603 2.63155 5.92768 5.08184 2.1293 2.98692 1.99586 1.97657 1.24137
threshold=0.18225524475524477 1.0000000180025095e-35 0.36899313501144165 0.12310606060606062 0.6043478260869567 27.500000000000004 40.500000000000007 1.0000000180025095e-35 0.23611111111111113 0.37066905615292717 0.21980676328502416 0.39339826839826847 0.81666666666666676 3.5000000000000004 7.5000000000000009 1.0000000180025095e-35 0.15345368916797492 8.5000000000000018 0.76533166458072599 1.5000000000000002 26.500000000000004 0.267948717948718 0.10726270373921382 57.500000000000007 0.92857142857142871 9.5000000000000018 30.500000000000004 0.62645348837209314 3.5000000000000004 0.56306818181818186
decision_type=2 2 2 2 2 2 2 2 2 2 2 2 2 2 2 2 2 2 2 2 2 2 2 2 2 2 2 2 2 2
left_child=1 3 4 22 6 10 7 13 -3 18 29 14 25 -2 -7 -8 -17 -12 19 -4 -21 -9 -1 24 -24 27 -27 -10 -13 -5
right_child=2 8 9 5 -6 11 15 21 12 -11 17 28 -14 -15 -16 16 -18 -19 -20 20 -22 -23 23 -25 -26 26 -28 -29 -30 -31
leaf_value=-0.09881210261930097 0.046183843460246815 -0.10089068618264846 0.21941814685149957 -0.10280147806279361 0.086315070761611698 -0.084350532788310742 0.087079853570813881 -0.08486731009059735 -0.014328326388701762 0.10153536647035913 -0.055797845479076458 0.12642859563917516 0.10428444082846694 -0.02551139514547553 0.020540745543013141 -0.13619527458046748 0.071363150237186868 0.091585393655800332 0.10331814918407814 -0.035182502767432691 0.088231452521333131 -0.020704088913673785 -0.081055129733826864 0.21532845469036221 0.22975548567992266 -0.064829436122584586 0.069080912268518341 0.026322294504706346 -0.041948279622711193 -0.0048878970386600166
leaf_weight=165.20637006312609 18.839594573248178 4.2606687839142969 1.0136943757534087 13.332713948097082 23.357788633555174 4.8583956784568789 11.419731631875036 10.468852936755864 42.379736577160656 129.09034324903041 3.4879346410743883 4.4518906106241039 4.5634906888008109 14.468775782734154 15.589357451070098 1.7803884311579157 2.24598135240376 2.7352490471675992 7.8749801525846115 9.0955730192363244 5.9788025543093672 22.13454666081816 14.801642033737151 0.76432015607133585 0.54543783934786993 2.0350313549861303 9.1778772901743633 16.892206780612469 0.82663819193840016 1.4341188534162927
leaf_count=34835 592 692 8 1685 1242 246 156 667 376 8692 214 108 174 278 404 31 26 89 404 201 183 354 2615 40 57 25 89 205 16 16
internal_value=-0.00229774 -0.0576941 0.0637524 -0.0794504 0.019888 -0.0189048 0.000816831 -0.0128319 0.00486119 0.0937634 -0.0629701 0.0170479 0.010865 0.0150403 -0.00438147 0.0590588 -0.0204155 0.00898087 0.0518951 0.0267239 0.013766 -0.0413067 -0.0950499 -0.0564725 -0.0700089 0.0048166 0.0447775 -0.0027431 0.10006 -0.0932923
internal_weight=565.112 307.343 257.769 228.034 104.716 46.7163 81.3579 65.9118 79.309 153.053 20.99 25.7263 75.0483 33.3084 20.4478 15.4461 4.02637 6.22318 23.9631 16.0881 15.0744 32.6034 181.318 16.1114 15.3471 70.4849 11.2129 59.2719 5.27853 14.7668
internal_count=54720 41886 12834 40325 3346 2778 2104 1891 1561 9488 2004 774 869 870 650 213 57 303 796 392 384 1021 37547 2712 2672 695 114 581 124 1701
is_linear=0
shrinkage=0.1


Tree=40
num_leaves=31
num_cat=0
split_feature=3 1 3 11 2 1 2 2 3 10 7 8 4 12 2 11 2 2 2 9 5 7 8 5 2 8 10 4 2 2
split_gain=183.343 41.2625 23.5322 17.4616 15.5844 8.43437 19.7995 9.12278 7.45612 6.97302 6.85307 6.69888 5.59299 4.03841 5.97203 4.8764 4.52447 3.93756 3.90357 5.22201 3.4555 5.09605 2.63985 2.62813 2.13745 2.12622 2.04342 1.64662 1.41827 1.9221
threshold=0.31414473684210531 0.44949494949494956 0.12310606060606062 1.0000000180025095e-35 0.17108013937282232 0.069047619047619066 0.16345083487940634 1.0000000180025095e-35 0.21980676328502416 2.5000000000000004 13.500000000000002 50.500000000000007 0.31843156843156845 1.0000000180025095e-35 0.62645348837209314 1.0000000180025095e-35 0.50471698113207564 0.22128060263653485 0.81934731934731941 2.5000000000000004 0.18333333333333338 41.500000000000007 109.50000000000001 0.58571428571428574 0.26365441906653431 25.500000000000004 3.5000000000000004 0.43613053613053615 0.090230664857530549 0.016530054644808747
decision_type=2 2 2 2 2 2 2 2 2 2 2 2 2 2 2 2 2 2 2 2 2 2 2 2 2 2 2 2 2 2
left_child=1 2 3 27 10 6 7 -4 13 11 23 -7 -11 18 16 -16 -15 22 19 -3 -12 -22 -5 28 -8 -19 -25 -1 29 -2
right_child=4 8 5 17 -6 9 24 -9 -10 12 20 -13 -14 14 15 -17 -18 25 -20 -21 21 -23 -24 26 -26 -27 -28 -29 -30 -31
leaf_value=-0.097842583372742667 -0.042814790692999885 0.063574337606826944 -0.00097623601740101131 -0.10331627317742394 0.098736390431568274 -0.022923506460785399 0.27259846814026517 -0.11203927051562966 0.081617236760460649 -0.096492606677834186 -0.00019383299121702912 0.40877369047714407 -0.29781743483618978 -0.015605939181689885 -0.089720738770455277 0.068446939724378403 -0.10881968159959184 0.1588552190111929 0.09180130434353366 -0.014769374896301672 0.085062155406927131 -0.21624244392688252 0.18917964929307973 -0.06283490529938128 0.1383594486415626 0.0021581961645446746 0.092641164610270943 0.13963041691627473 0.025612941308806664 -0.15208920774437384
leaf_weight=152.03415418090299 6.3598008030094189 12.189525136258451 47.658114656805992 5.1891951626166728 131.07620785478503 7.7108288924209791 1.8482415410689998 8.7544099343940598 13.735443837940691 10.858548367395995 7.7642140947282341 0.37703052721917618 1.5807934375479806 11.807619705330582 2.5047105019912097 8.789331940934062 9.3153799776919168 0.90348870679736393 6.6086597666144362 28.170363239012659 21.711270838044587 0.57623285707086225 0.32806721329689015 1.2398826396092766 3.3111247774213552 20.834130273666233 2.6565503682941198 0.2925493698567142 1.8743330864235748 2.1551549737341702
leaf_count=36170 74 316 2174 621 9351 478 17 606 636 508 70 10 19 453 158 181 239 15 255 885 854 9 9 14 51 380 106 4 28 29
internal_value=-0.00223003 -0.0435771 -0.0639205 -0.0841965 0.0814009 -0.0195691 -0.00106234 -0.0182116 0.0135901 -0.0750807 0.0301513 -0.00279914 -0.122077 0.00181996 -0.0253289 0.0333697 -0.0567138 -0.010478 0.0205577 0.00889205 0.0572578 0.0772721 -0.0859239 -0.0268705 0.186448 0.00867105 0.0431672 -0.0973865 -0.0531376 -0.0704724
internal_weight=530.215 354.802 261.681 179.582 175.414 82.0991 61.5719 56.4125 93.121 20.5272 44.3374 8.08786 12.4393 79.3856 32.417 11.294 21.123 27.2549 46.9685 40.3599 30.0517 22.2875 5.51726 14.2857 5.15937 21.7376 3.89643 152.327 10.3893 8.51496
internal_count=54720 44185 41062 37199 10535 3863 2848 2780 3123 1015 1184 488 527 2487 1031 339 692 1025 1456 1201 933 863 630 251 68 395 120 36174 131 103
is_linear=0
shrinkage=0.1


Tree=41
num_leaves=31
num_cat=0
split_feature=3 5 2 4 2 8 3 4 1 9 10 7 8 4 4 8 12 11 8 7 5 4 7 8 7 7 1 7 5 8
split_gain=160.881 37.3811 16.5027 16.0619 15.3462 13.9976 10.7637 6.60204 6.11975 8.88348 5.96092 6.15739 10.5878 6.66676 5.75257 5.67688 5.30969 4.86967 6.92973 3.86785 3.85642 3.05948 3.04535 2.54596 5.6903 9.95254 2.68216 2.33181 2.3834 1.97569
threshold=0.31414473684210531 0.30952380952380959 0.42997198879551829 0.16929280397022337 0.23145604395604399 30.500000000000004 0.18019480519480521 0.066852886405959044 0.58571428571428574 2.5000000000000004 3.5000000000000004 25.500000000000004 9.5000000000000018 0.45049019607843144 0.73557158712541637 52.500000000000007 1.0000000180025095e-35 1.0000000180025095e-35 48.500000000000007 9.5000000000000018 0.41428571428571431 0.45049019607843144 5.5000000000000009 57.500000000000007 25.500000000000004 27.500000000000004 0.44949494949494956 36.500000000000007 0.18333333333333338 40.500000000000007
decision_type=2 2 2 2 2 2 2 2 2 2 2 2 2 2 2 2 2 2 2 2 2 2 2 2 2 2 2 2 2 2
left_child=1 3 5 23 14 6 -3 17 9 -7 11 13 -13 -5 19 21 -8 29 -19 20 -2 -12 -22 -1 26 -26 -25 28 -21 -4
right_child=4 2 7 10 -6 8 16 -9 -10 -11 15 12 -14 -15 -16 -17 -18 18 -20 27 22 -23 -24 24 25 -27 -28 -29 -30 -31
leaf_value=-0.099011051980038137 -0.12647077400145881 -0.092261440545337373 -0.12812927247529232 -0.025826307476786915 0.09926311827199466 0.0072993256100941832 0.040498859810197345 0.079276238925096859 0.15482834381407348 -0.1650245419848641 -0.11163339509178766 -0.10583017447013865 0.39989071810480425 0.13706165015616326 0.091504820401054246 0.056717892236429451 -0.059847042415312607 0.05542547392354677 -0.021774177726219583 -0.0065419668441794449 0.058208592925559445 -0.35459644333769197 -0.082012448031943269 -0.10144567962993729 0.7894047939365898 -0.1052818186883544 0.06741915654313646 -0.077655192960621844 0.062923293985043358 0.032505974513010044
leaf_weight=112.39591003651731 3.5015448452904803 45.506821489660069 3.4019209458492687 17.456295892363425 115.64786620158702 47.146052926545963 11.379564504139125 17.919189761392772 2.5611047642305484 3.1942028379999092 5.7038429595995677 0.6964266886934628 1.0207793358713386 2.9351714057847849 11.7584455255419 2.0859733575489372 9.8267259667627513 24.112908251583576 22.455998279154301 7.2727392576634946 3.9808209557086229 0.5700840726494788 2.5352847268804908 3.9889181996695688 0.22283321851864446 0.28128205006942153 1.2308411695994435 1.7986935796216119 15.3941588466987 0.98803531005978573
leaf_count=27719 58 8970 320 1134 9220 2628 245 711 16 37 279 37 36 128 696 26 406 343 192 60 80 3 30 757 13 32 72 30 361 81
internal_value=-0.00214137 -0.0414926 -0.0119258 -0.0789997 0.0797943 -0.034379 -0.0648413 0.0270668 0.00403665 -0.00363501 -0.0142643 0.0129345 0.194792 -0.00238003 0.031104 -0.0861945 -0.00600016 0.00870781 0.018199 0.0105079 -0.0418312 -0.13371 0.00365143 -0.095698 -0.0306409 0.290195 -0.0616266 0.0319385 0.0406352 -0.0919755
internal_weight=498.97 337.081 188.493 148.588 161.89 119.614 66.7131 68.8781 52.9014 50.3403 30.4686 22.1087 1.71721 20.3915 46.2417 8.3599 21.2063 50.9589 46.5689 34.4832 10.0177 6.27393 6.51611 118.12 5.72387 0.504115 5.21976 24.4656 22.6669 4.38996
internal_count=54720 44185 13949 30236 10535 12302 9621 1647 2681 2665 1643 1335 73 1262 1315 308 651 936 535 619 168 282 110 28593 874 45 829 451 421 401
is_linear=0
shrinkage=0.1


Tree=42
num_leaves=31
num_cat=0
split_feature=3 5 4 2 2 4 1 1 10 5 10 8 4 7 8 2 8 1 2 10 8 5 7 8 7 1 4 3 3 4
split_gain=141.145 34.4056 15.6814 15.2271 14.0211 15.9893 11.883 6.42406 5.96401 5.32386 5.06331 5.19691 4.76221 5.22834 4.59935 6.93679 4.34289 3.675 3.62451 3.11518 2.77218 2.91379 2.5418 2.46186 3.5479 2.40801 2.32374 1.98432 1.82256 1.6944
threshold=0.31414473684210531 0.30952380952380959 0.16929280397022337 0.17108013937282232 0.21483516483516488 0.11343861958031733 0.10555555555555557 0.23611111111111113 7.5000000000000009 0.58571428571428574 3.5000000000000004 39.500000000000007 0.45049019607843144 25.500000000000004 86.500000000000014 0.091608391608391626 39.500000000000007 0.44949494949494956 0.16152751423149908 2.5000000000000004 30.500000000000004 0.58571428571428574 25.500000000000004 57.500000000000007 25.500000000000004 0.44949494949494956 0.17320512820512823 0.46410256410256417 0.47213622291021679 0.45049019607843144
decision_type=2 2 2 2 2 2 2 2 2 2 2 2 2 2 2 2 2 2 2 2 2 2 2 2 2 2 2 2 2 2
left_child=1 2 23 8 5 14 26 -8 20 -9 12 29 13 -4 17 -16 18 -3 -7 -18 21 22 -2 -1 25 -25 -6 -23 -10 -12
right_child=3 4 10 -5 6 16 7 9 28 -11 11 -13 -14 -15 15 -17 19 -19 -20 -21 -22 27 -24 24 -26 -27 -28 -29 -30 -31
leaf_value=-0.098683397761885866 -0.055664495234401312 -0.097082048215432593 -0.023483847628599536 0.097713928080076839 0.29717465420071426 -0.034792468349590891 -0.10871593302097711 0.0046647987727988357 -0.074709665402825629 0.094375327388615524 -0.12305208295114829 0.021481282369248043 0.13701736116452154 0.14748926467721088 0.51468756826763684 -0.10312825333461398 0.13265601964407708 0.13787449373807822 0.12559599001959781 0.021435594284539946 0.058932952273303141 -0.0087345023260080451 0.029222091490581872 -0.10131415719170332 0.1851203639604036 0.059877087551625088 0.13044494786915289 0.10344691588143129 0.10509446036962466 -0.30238237437229171
leaf_weight=102.02104820753448 12.822964487131694 37.990541089326143 17.28712597116829 108.54079447872937 1.2810103865340345 20.22492379532196 4.6866760167758903 92.429748741677031 0.60034679062664409 7.1250894647091618 4.339346243068575 3.0327423610724509 2.6566738830879322 1.9949851699639101 0.3147069844417264 0.43011940689757466 3.3107966620009384 0.67757951049134035 1.5144796269014467 10.521302169188855 7.2832336109131566 3.1822890024632207 4.8660881146788588 3.6137700590770683 0.67230586195364583 1.2464344669133423 2.4057924002408981 3.1253188904374838 9.2469271840527636 0.59969031065702427
leaf_count=27719 170 8858 1134 9351 12 969 820 2660 7 342 250 55 128 73 29 38 39 7 33 98 131 43 66 757 45 72 44 173 594 3
internal_value=-0.00209333 -0.0395472 -0.0773489 0.0780798 -0.0111381 -0.0443545 0.0119393 0.0056991 0.0262623 0.0110853 -0.0133021 -0.081557 0.0114993 -0.00579446 -0.0882238 0.157914 0.00425242 -0.0929649 -0.023619 0.0480569 0.00489595 -0.0115048 -0.032313 -0.0951602 -0.0301917 -0.0599755 0.188377 0.0468496 0.0941326 -0.144826
internal_weight=470.045 320.377 137.464 149.668 182.913 74.9844 107.928 104.242 41.1272 99.5548 29.9106 7.97178 21.9388 19.2821 39.4129 0.744826 35.5715 38.6681 21.7394 13.8321 31.2799 23.9967 17.6891 107.554 5.53251 4.8602 3.6868 6.30761 9.84727 4.93904
internal_count=54720 44185 30236 10535 13949 10071 3878 3822 1184 3002 1643 308 1335 1207 8932 67 1139 8865 1002 137 583 452 236 28593 874 829 56 216 601 253
is_linear=0
shrinkage=0.1


Tree=43
num_leaves=31
num_cat=0
split_feature=4 5 2 2 8 4 3 3 4 3 3 1 5 7 1 7 7 7 7 2 8 8 4 4 8 8 2 2 10 2
split_gain=124.865 36.8092 14.005 12.7058 13.6608 11.356 9.09331 6.60823 5.73779 6.342 5.3975 5.79193 4.56698 4.20116 3.90879 3.37543 3.5675 3.24008 3.06705 2.72409 2.55593 2.42776 3.05018 4.9737 2.26808 2.1497 1.67954 2.12507 0.847328 0.77055
threshold=0.37066905615292717 0.30952380952380959 0.31180555555555561 0.42997198879551829 30.500000000000004 0.16929280397022337 0.18019480519480521 0.14039408866995076 0.73557158712541637 0.24068965517241384 0.24068965517241384 0.58571428571428574 0.21111111111111114 14.500000000000002 0.11805555555555557 1.0000000180025095e-35 14.500000000000002 12.500000000000002 36.500000000000007 0.080322580645161304 48.500000000000007 57.500000000000007 0.086057110304066098 0.13004065040650412 39.500000000000007 8.5000000000000018 0.49576271186440685 0.47673160173160178 2.5000000000000004 0.77888888888888907
decision_type=2 2 2 2 2 2 2 2 2 2 2 2 2 2 2 2 2 2 2 2 2 2 2 2 2 2 2 2 2 2
left_child=1 5 8 4 6 21 -3 17 9 -2 11 -6 14 -8 -11 28 24 20 -14 -12 -5 29 -23 -24 -17 -18 27 -9 -7 -1
right_child=2 3 -4 7 10 15 13 26 -10 12 19 -13 18 -15 -16 16 25 -19 -20 -21 -22 22 23 -25 -26 -27 -28 -29 -30 -31
leaf_value=-0.09944117311067352 0.2029971916698545 -0.089722353839522706 0.10104245250339838 0.023599978784343292 -0.013995450067446775 0.11916802274760424 -0.04202303645009367 0.089135627093602676 0.090841557520885755 -0.020232329492486226 0.10861173755379727 0.14564988764628092 0.037578202807289671 0.047349556220634748 -0.16267761862661564 -0.086058129756985402 -0.067399515555052622 0.11459879230973487 -0.13346726703546263 -0.027639485344107803 -0.021741548487910808 -0.10043112833550871 0.19268090219992431 -0.089028760607310672 0.024209417773323024 0.036385729004968614 0.10072712520584687 -0.088736127661552699 -0.0022020838815580849 -0.023940450113756541
leaf_weight=91.262192456750199 1.5858373194932962 39.381154556293041 91.09849645383656 28.125729614403099 44.513713957741857 1.9570419522933691 15.006494585424663 1.5952073140069836 11.665674949996172 7.6819353718310612 6.9018295397981984 2.3947949670255175 17.374956134706739 8.0980040747672302 2.5711692553013563 11.085927095264198 2.6676761391572636 2.7722956987563512 1.1156430281698693 1.8635828411206601 22.281611517071724 2.8059990406036368 1.2492172010242941 1.2577047119848428 2.2427282319404176 7.9235942927189171 12.132463283371179 1.1601784396916626 0.81465545366518188 1.3720803211908776
leaf_count=27657 9 8969 8981 721 2605 67 528 33 845 71 111 15 503 156 28 972 162 36 19 30 245 757 82 35 69 209 692 16 35 62
internal_value=-0.00203275 -0.0367337 0.0790179 -0.00858247 -0.0284076 -0.0787954 -0.0605027 0.0258323 0.031241 0.00831675 0.0076144 -0.00584516 -0.00242409 -0.0106984 -0.0559533 -0.0209733 -0.0330784 0.00934628 0.0272581 0.0796439 0.00355761 -0.0945525 -0.028813 0.0513492 -0.0675041 0.0102448 0.0847206 0.0142412 0.083495 -0.0983229
internal_weight=443.96 310.866 133.094 186.227 118.16 124.639 62.4857 68.0675 41.9952 30.3295 55.6739 46.9085 28.7437 23.1045 10.2531 26.6916 23.9199 53.1796 18.4906 8.76541 50.4073 97.9472 5.31292 2.50692 13.3287 10.5913 14.8878 2.75539 2.7717 92.6343
internal_count=54720 44264 10456 14157 12414 30107 9653 1743 1475 630 2761 2620 621 684 99 1514 1412 1002 522 141 966 28593 874 117 1041 371 741 49 102 27719
is_linear=0
shrinkage=0.1


Tree=44
num_leaves=31
num_cat=0
split_feature=4 5 2 8 4 4 3 10 2 1 9 4 7 7 5 10 10 1 7 2 8 7 8 7 1 1 11 2 2 2
split_gain=110.042 35.8374 13.6727 12.3288 11.5063 10.3234 9.03811 7.56707 6.022 5.46606 6.1185 5.01895 24.1336 4.29334 3.53307 3.78604 4.44075 4.33136 3.11166 2.50889 2.50104 2.42597 2.37031 2.71427 1.91832 1.81938 1.40764 1.10356 2.28638 0.748041
threshold=0.46318879855465228 0.21111111111111114 0.45080645161290328 30.500000000000004 0.16929280397022337 0.1178513071895425 0.14039408866995076 5.5000000000000009 0.26365441906653431 0.58571428571428574 2.5000000000000004 0.17320512820512823 21.500000000000004 1.0000000180025095e-35 0.58571428571428574 3.5000000000000004 5.5000000000000009 0.12916666666666668 12.500000000000002 0.061381475667189961 48.500000000000007 14.500000000000002 57.500000000000007 25.500000000000004 0.44949494949494956 0.31666666666666671 1.0000000180025095e-35 0.49576271186440685 0.47673160173160178 0.77888888888888907
decision_type=2 2 2 2 2 2 2 2 2 2 2 2 2 2 2 2 2 2 2 2 2 2 2 2 2 2 2 2 2 2
left_child=1 4 3 5 22 26 18 -7 14 10 -5 12 -6 25 15 -2 19 -18 20 -17 -4 -15 29 24 -24 -13 -3 28 -8 -1
right_child=8 2 6 9 11 7 27 -9 -10 -11 -12 13 -14 21 -16 16 17 -19 -20 -21 -22 -23 23 -25 -26 -27 -28 -29 -30 -31
leaf_value=-0.099152488367530697 0.13119246344663824 -0.10099105442922629 0.02368502458289827 0.0090596782937609234 -0.060018021787283521 -0.0012175530529581638 0.13717491698245843 -0.2188091391244508 0.10093759776814333 0.13663288185178585 -0.12783500623587135 -0.10318566395991316 1.503564449645449 -0.070401450574415339 0.092580484519727488 -0.087911450623519946 0.092301134011361224 -0.17353775685809436 0.12338821913582521 0.031709639838950247 -0.022291039885874778 -0.0089226587653926243 -0.10117277382980779 0.14745550065765997 0.0509942126783271 0.11142971215009606 -0.054041225832927975 0.10024648421516694 -0.060455648077685414 -0.023881449286611421
leaf_weight=80.594318103278056 2.5085560977458981 28.123908943263814 26.55025529069826 54.941828057868406 0.47552066692151385 30.535428514238447 1.0512847714126139 1.6865190607495595 77.828530506696552 3.1268701711669555 3.4711898902896783 0.46048301295377614 0.12457546219229698 13.540099806152286 10.176327803172173 5.5904558012261969 5.4334067907184354 0.69082269072532643 2.2554044746793798 2.5545150619000196 21.34367139916867 12.203361983178182 2.9363631075248113 0.7608341360464691 1.1540942075662313 2.7778610170353204 8.2618989080656302 15.898846705444155 1.3208933183923361 1.3422796693630505
leaf_count=27075 30 8840 672 2968 85 1157 35 22 8502 25 50 46 11 1010 795 51 205 27 30 40 236 352 715 40 70 105 270 1167 28 61
internal_value=-0.00194063 -0.0314752 -0.00565138 -0.0246774 -0.0755399 -0.053827 0.0305394 -0.0126064 0.0868295 0.00782011 0.00092472 -0.0216802 0.26457 -0.0276073 0.0460931 0.0178967 -0.00202089 0.0623141 0.00860153 -0.0503946 0.00319604 -0.0412582 -0.0938981 -0.0259804 -0.0582399 0.080912 -0.0903304 0.0907534 0.0271288 -0.0979194
internal_weight=419.72 314.938 198.568 130.148 116.37 68.6078 68.4204 32.2219 104.783 61.5399 58.413 29.5819 0.600096 28.9818 26.9541 16.7778 14.2692 6.12423 50.1493 8.14497 47.8939 25.7435 86.7879 4.85129 4.09046 3.23834 36.3858 18.271 2.37218 81.9366
internal_count=54720 45070 15500 13332 29570 10289 2168 1179 9650 3043 3018 1609 96 1513 1148 353 323 232 938 91 908 1362 27961 825 785 151 9110 1230 63 27136
is_linear=0
shrinkage=0.1


Tree=45
num_leaves=31
num_cat=0
split_feature=4 5 4 2 8 4 3 2 10 3 1 5 10 7 7 8 8 10 8 4 4 7 7 7 7 10 1 2 4 11
split_gain=97.0441 32.5112 13.0117 10.9492 9.96355 9.26527 7.9009 6.14931 5.90135 4.31966 5.1639 3.3445 4.53856 3.10628 3.67505 3.84901 2.6448 2.58278 2.34525 2.57351 3.78017 2.31655 2.31021 3.60309 2.17387 2.04305 1.6184 1.45462 1.63139 1.37326
threshold=0.46318879855465228 0.30952380952380959 0.16929280397022337 0.42997198879551829 30.500000000000004 0.1178513071895425 0.14039408866995076 0.26365441906653431 5.5000000000000009 0.24068965517241384 0.38750000000000007 0.21111111111111114 3.5000000000000004 1.0000000180025095e-35 20.500000000000004 8.5000000000000018 39.500000000000007 5.5000000000000009 57.500000000000007 0.086057110304066098 0.13004065040650412 12.500000000000002 5.5000000000000009 12.500000000000002 4.5000000000000009 1.5000000000000002 0.31666666666666671 0.52440476190476204 0.23112535612535615 1.0000000180025095e-35
decision_type=2 2 2 2 2 2 2 2 2 2 2 2 2 2 2 2 2 2 2 2 2 2 2 2 2 2 2 2 2 2
left_child=1 2 18 4 5 29 21 11 -7 10 -6 12 -2 26 16 -16 -15 22 -1 -20 -21 25 -13 -24 -11 -5 -4 28 -8 -3
right_child=7 3 13 6 9 8 27 -9 -10 24 -12 17 -14 14 15 -17 -18 -19 19 20 -22 -23 23 -25 -26 -27 -28 -29 -30 -31
leaf_value=-0.097720940958585967 0.12376914811843645 -0.10036316437124944 -0.10286160535365126 0.006469415370475318 -0.025410142583188605 -0.001239096320557285 -0.016132214031644276 0.10084759207861385 -0.19223070695978611 -0.063080955146328097 0.051208123808064221 0.10826019156933041 -0.049900316428225788 -0.071517685244779625 -0.10862914002639937 0.051179619234981738 0.032211711064195313 0.10201138996051401 -0.1003941776142326 0.15892826079769432 -0.087105510355585003 0.10083204871567353 -0.095548033028123258 0.070554994998423992 0.080031643518953949 -0.11473738343208993 0.10717401611072551 0.10324817987434541 0.10407421422040164 -0.051669802604160299
leaf_weight=76.381417540600523 1.9751580562442557 23.92310184030794 0.42580071603879632 48.831424184376374 34.623837764840573 29.474349278490994 2.5345046799629953 70.481819100212306 1.7117468807846297 1.1930439081042994 11.792600445915012 2.2812494868412641 6.3185730241239071 15.10497990599834 1.8550185351632524 8.0360165550373477 2.9357800348661831 9.9449147544801217 2.4039352452382436 1.3412892736960205 1.1685383860021827 2.543758529238402 2.60760538559407 2.61613036878407 9.6190114160999638 1.4314376066904504 2.6502254782244563 12.63377051707357 2.0359581410884857 7.6419387704227111
leaf_count=27719 20 8371 47 939 2492 1094 29 8502 20 21 128 107 65 1206 78 135 83 816 757 82 35 36 43 97 182 30 108 1097 113 268
internal_value=-0.00189437 -0.0297357 -0.072391 -0.00452233 -0.0228604 -0.0503804 0.0269041 0.0855697 -0.0117223 0.00731536 -0.00594444 0.0437412 -0.00854081 -0.0172762 -0.0277797 0.0212082 -0.0546378 0.0685902 -0.0934129 -0.0264478 0.0443786 0.0077294 0.0243036 -0.012361 0.06424 0.00301756 0.0780997 0.085759 0.0374149 -0.0885744
internal_weight=398.519 302.293 112.303 189.99 119.98 62.7511 70.0109 96.2255 31.1861 57.2285 46.4164 25.7436 8.29373 31.0078 27.9318 9.89104 18.0408 17.4499 81.2952 4.91376 2.50983 52.8066 7.50499 5.22374 10.8121 50.2629 3.07603 17.2042 4.57046 31.565
internal_count=54720 45070 30250 14820 12576 9753 2244 9650 1114 2823 2620 1148 85 1657 1502 213 1289 1063 28593 874 117 1005 247 140 203 969 155 1239 142 8639
is_linear=0
shrinkage=0.1


Tree=46
num_leaves=31
num_cat=0
split_feature=4 5 4 2 8 3 3 2 10 3 1 7 3 8 1 7 5 10 10 1 4 7 8 4 8 2 7 1 2 9
split_gain=85.5764 29.2915 12.8454 9.17434 8.51107 8.92128 7.26425 6.19123 4.84601 3.66559 4.19935 3.61794 6.92086 31.4935 5.38899 5.87774 3.1626 2.9333 3.38589 3.52546 2.81253 2.6092 2.23342 2.93847 2.17996 1.97707 1.96123 1.88771 1.45949 2.47027
threshold=0.46318879855465228 0.30952380952380959 0.12778327560613559 0.42997198879551829 30.500000000000004 0.18019480519480521 0.14039408866995076 0.26365441906653431 5.5000000000000009 0.24068965517241384 0.38750000000000007 20.500000000000004 0.12973352033660593 31.500000000000004 0.38750000000000007 9.5000000000000018 0.58571428571428574 3.5000000000000004 5.5000000000000009 0.12916666666666668 0.43613053613053615 3.5000000000000004 65.500000000000014 0.10188133993866479 8.5000000000000018 0.061381475667189961 12.500000000000002 0.81666666666666676 0.49576271186440685 2.5000000000000004
decision_type=2 2 2 2 2 2 2 2 2 2 2 2 2 2 2 2 2 2 2 2 2 2 2 2 2 2 2 2 2 2
left_child=1 2 22 4 5 -3 26 16 -7 10 -6 14 13 -13 20 -16 17 -2 25 -20 -4 -11 -1 -24 -14 -19 27 -5 29 -8
right_child=7 3 11 6 9 8 28 -9 -10 21 -12 12 24 -15 15 -17 -18 18 19 -21 -22 -23 23 -25 -26 -27 -28 -29 -30 -31
leaf_value=-0.10028074873854501 0.12034298754512895 -0.083946687536832876 -0.069919388910879662 -0.0036765724395733238 -0.023183804221874375 0.0035488616475062348 0.13158954057968772 0.10076629846198648 -0.16748208337289691 -0.094824387227580825 0.045952096587011076 -0.0046085120601036767 -0.10833086726248708 1.3978448887922317 0.035273611599054795 -0.23003667360634983 0.09056799637838199 -0.076578531622571833 0.089456161484772534 -0.14146172866516141 -0.25502779989402119 0.076548000970855984 -0.078512167504758187 0.15785751852051519 0.019646937799312598 0.030593605860673723 0.09430227094096745 0.061584122913629281 0.098538375294153907 -0.056705063099862556
leaf_weight=64.394203308969736 2.2776496559381512 31.648332786513492 15.300345675786961 45.216091564157978 34.178368361201137 26.946851300774146 1.1747996453195804 63.823420701548457 1.7651886520907272 0.98111152369528909 11.825441883876918 0.80339668807573505 1.5810565566644061 0.19997483491897583 9.584835296729576 0.91472068778239268 8.5871093980967981 5.5940826078876835 4.8086432795971623 0.76654380373656739 0.86734435521066267 9.4053705763071758 1.6273413675371551 0.77709037624299515 8.4157913366798294 2.4863716047257185 2.4527764872182152 4.9140327246859661 12.964903279207645 1.7121682558208702
leaf_count=26550 30 8970 2518 776 2492 763 50 8502 20 17 128 138 62 24 255 24 795 51 205 27 8 186 488 21 162 40 36 193 1154 35
internal_value=-0.00179801 -0.0280755 -0.0704153 -0.00419093 -0.0212318 -0.0473287 0.0248811 0.0843576 -0.00696596 0.00670236 -0.00541218 -0.0237185 0.0245358 0.274904 -0.0436234 0.0121598 0.0416479 0.0152828 -0.00224035 0.0577068 -0.0798499 0.0603601 -0.0967474 -0.00211964 -0.000593457 -0.0436015 0.00699255 0.00272064 0.0842199 0.019918
internal_weight=377.995 289.652 104.466 185.185 116.751 60.3604 68.4348 88.3438 28.712 56.3903 46.0038 37.6675 11.0002 1.00337 26.6672 10.4996 24.5204 15.9333 13.6556 5.57519 16.1677 10.3865 66.7986 2.40443 9.99685 8.08045 52.5829 50.1301 15.8519 2.88697
internal_count=54720 45070 30250 14820 12576 9753 2244 9650 783 2823 2620 3191 386 162 2805 279 1148 353 323 232 2526 203 27059 509 224 91 1005 969 1239 85
is_linear=0
shrinkage=0.1


Tree=47
num_leaves=31
num_cat=0
split_feature=4 5 4 2 4 11 2 12 2 10 3 8 5 1 7 10 8 10 3 1 8 10 7 3 5 10 7 3 8 10
split_gain=75.4035 26.4399 11.5127 8.31635 6.66775 13.0431 8.63766 6.46511 6.28672 4.02105 3.76086 3.1256 2.96811 2.9378 6.172 4.12326 4.3537 3.00051 2.64933 2.6259 3.39275 2.43771 2.4126 2.06794 3.98892 1.16759 1.15668 0.957524 2.778 0.662325
threshold=0.46318879855465228 0.21111111111111114 0.11551543694400838 0.70106382978723414 0.095389748255990309 1.0000000180025095e-35 0.69337606837606847 1.0000000180025095e-35 0.26365441906653431 2.5000000000000004 0.24068965517241384 52.500000000000007 0.21111111111111114 0.38750000000000007 14.500000000000002 2.5000000000000004 39.500000000000007 3.5000000000000004 0.13188405797101452 0.58571428571428574 37.500000000000007 5.5000000000000009 5.5000000000000009 0.7947368421052633 0.92857142857142871 4.5000000000000009 5.5000000000000009 0.16064516129032261 75.500000000000014 5.5000000000000009
decision_type=2 2 2 2 2 2 2 2 2 2 2 2 2 2 2 2 2 2 2 2 2 2 2 2 2 2 2 2 2 2
left_child=1 2 27 4 5 11 -7 9 12 -6 -9 -3 25 14 -4 22 -17 -16 19 -5 -21 23 -15 26 -25 -2 -14 -1 -29 -27
right_child=8 3 13 18 7 6 -8 10 -10 -11 -12 -13 21 15 17 16 -18 -19 -20 20 -22 -23 -24 24 -26 29 -28 28 -30 -31
leaf_value=-0.099570522345985457 0.027179217970330752 -0.093954285438979143 -0.095325811292708729 0.13548713991362002 0.079065243004969588 0.002101239685959455 -0.26126075644505931 -0.06286463875833799 0.10069285811958975 0.012490915273632337 0.0064924703242106273 0.016044625172481935 0.108747554105522 0.11111577556402319 0.03727135964885897 -0.11027575994294746 0.10180954087878168 -0.056349278098258009 0.10135004834864453 -0.041100365756119459 0.057521459898878663 0.10169338177611985 -0.041591760194529974 -0.32900006147599953 0.10090131665484936 -0.096395988742828176 0.014379166333557115 -0.1008387316925802 0.31718469957666645 -0.013306311551156594
leaf_weight=55.93551882635802 4.1288400720804947 27.706830452196304 12.550606755074115 2.0127208530902925 14.831138126086442 58.883809142978862 1.2722520977258671 13.442698683356864 57.789797260425985 23.365778455976397 18.685492243617773 2.8487926521338514 1.8379742861725379 4.4017035798169655 8.7516901493072492 3.4311054879799485 1.3482589102350173 5.6227856318000695 7.2697596610523751 6.3133486914448422 7.7952463906258345 8.3371969051659089 1.3524643027922136 0.45020893029868592 0.41459058271721005 1.6836916841566565 4.4280006149783731 0.60314010689034958 0.21587620675563812 2.2299525029957294
leaf_count=25609 38 9880 2644 20 675 1231 8 887 8502 606 421 580 90 118 776 99 35 138 827 212 153 816 37 9 48 12 100 113 1 35
internal_value=-0.00177755 -0.0265007 -0.0695994 -0.00448411 -0.0125772 -0.0304936 -0.00346865 0.010533 0.0829562 0.0383405 -0.0225271 -0.0836988 0.0393588 -0.0265708 -0.0440871 0.0182033 -0.0504465 0.000650283 0.0512333 0.0286336 0.0133899 0.0649793 0.0752233 0.0220537 -0.122903 -0.0099167 0.0420599 -0.0979988 0.00934383 -0.0490524
internal_weight=359.941 278.641 94.2131 184.428 161.037 90.7117 60.1561 70.3251 81.3003 38.1969 32.1282 30.5556 23.5105 37.4586 26.9251 10.5335 4.77936 14.3745 23.3911 16.1213 14.1086 15.468 5.75417 7.13077 0.8648 8.04248 6.26597 56.7545 0.819016 3.91364
internal_count=54720 45070 29570 15500 14288 11699 1239 2589 9650 1281 1308 10460 1148 3847 3558 289 134 914 1212 385 365 1063 155 247 57 85 190 25723 114 47
is_linear=0
shrinkage=0.1


Tree=48
num_leaves=31
num_cat=0
split_feature=4 5 4 2 12 2 4 11 4 3 8 3 11 11 7 3 7 1 10 4 5 8 2 10 10 1 8 7 4 2
split_gain=66.2714 23.7877 11.3741 7.48665 6.70997 6.34644 5.67618 9.03163 4.3817 4.18662 6.20319 3.79534 3.68276 2.9183 2.78117 4.409 4.20068 3.80474 3.41298 2.81546 2.76949 2.73588 2.5211 2.46575 2.50141 2.96393 2.21226 2.05893 2.05195 1.52763
threshold=0.46318879855465228 0.21111111111111114 0.12778327560613559 0.62645348837209314 1.0000000180025095e-35 0.26365441906653431 0.066852886405959044 1.0000000180025095e-35 0.069073953589243134 0.24068965517241384 11.500000000000002 0.13188405797101452 1.0000000180025095e-35 1.0000000180025095e-35 25.500000000000004 0.20942982456140355 26.500000000000004 0.38750000000000007 2.5000000000000004 0.35450268817204306 0.58571428571428574 2.5000000000000004 0.66987179487179505 3.5000000000000004 5.5000000000000009 0.12916666666666668 66.500000000000014 14.500000000000002 0.086057110304066098 0.061381475667189961
decision_type=2 2 2 2 2 2 2 2 2 2 2 2 2 2 2 2 2 2 2 2 2 2 2 2 2 2 2 2 2 2
left_child=1 2 26 4 6 20 7 -3 -8 12 -11 13 -6 21 17 16 -16 27 -19 -17 23 -5 -15 -2 29 -26 -1 -4 -28 -25
right_child=5 3 14 11 9 -7 8 -9 -10 10 -12 -13 -14 22 15 19 -18 18 -20 -21 -22 -23 -24 24 25 -27 28 -29 -30 -31
leaf_value=-0.10023455582643122 0.11270767365596202 -0.093011193343718213 -0.092368703950771763 0.15213926667897726 -0.078505585635621433 0.10062650322542521 0.34695857992635132 0.011474847339686177 0.029135213480073054 -0.069034427230192055 0.049557048035675247 0.10119665834271344 -0.025005843704491229 0.11968912746191372 0.44848391625637013 -0.11008601227006759 0.082798088137266829 0.070832206446194187 -0.04791805233436864 0.07290583597541217 0.088174522115549547 -0.08701512443266779 0.021111012464351354 -0.065860790918026532 0.085549851247932462 -0.12226965612930812 -0.10028737897207735 -0.023535492113354678 0.09980234141975422 0.028707545112412997
leaf_weight=51.73237059020903 2.1399665456265238 11.997793222428298 10.376907906611455 0.55104523105547443 24.734628550475463 52.323098543100059 0.43851256696507235 26.645195688353851 40.204600246157497 7.1103494199924198 11.616980752907692 7.7036167662590733 26.8165696086362 3.078432202339175 0.35788370249792878 2.1487089567817752 2.5691308488603681 5.079853644827379 4.6227761287009344 1.3812819272279737 7.2392788822762659 3.6256480580195785 16.498614235781133 5.6804078202694637 4.2583398735150686 0.81811782624572504 0.96928153606131617 7.4765120083466163 1.0876430759672073 2.4426929391920567
leaf_count=26010 30 4621 2116 16 5904 8502 75 615 1838 229 197 955 563 35 16 54 139 132 130 6 795 104 348 51 205 27 404 521 42 40
internal_value=-0.00167994 -0.0248576 -0.06757 -0.00414044 -0.0134671 0.081505 0.00647447 -0.0209658 0.0325643 -0.0359645 0.00453051 0.0402032 -0.0506754 0.0204223 -0.0223084 0.0367639 0.12751 -0.0361504 0.0142542 -0.0384815 0.0371936 -0.0554627 0.0366121 0.0131339 -0.00300942 0.0520578 -0.0961907 -0.0635433 0.00551436 -0.0374232
internal_weight=343.726 268.824 87.8024 181.022 149.565 74.9019 79.2861 38.643 40.6431 70.2785 18.7273 31.4574 51.5512 23.7537 34.0131 6.45701 2.92701 27.556 9.70263 3.52999 22.5788 4.17669 19.577 15.3395 13.1996 5.07646 53.7893 17.8534 2.05692 8.1231
internal_count=54720 45070 29570 15500 14042 9650 7149 5236 1913 6893 426 1458 6467 503 3114 215 155 2899 262 60 1148 120 383 353 323 232 26456 2637 446 91
is_linear=0
shrinkage=0.1


Tree=49
num_leaves=31
num_cat=0
split_feature=4 5 4 2 4 5 4 2 1 8 2 1 8 8 2 5 1 7 10 8 7 8 2 3 4 4 1 1 12 4
split_gain=58.2156 21.2944 12.377 6.40969 11.9381 10.5176 7.3009 6.40933 5.29059 5.15854 4.62967 4.33262 4.25726 3.94145 4.06576 2.62861 2.57598 2.34743 2.29894 2.13042 2.38704 2.09025 1.85498 2.29136 1.55968 1.90399 1.41096 1.10858 1.97162 0.845899
threshold=0.46318879855465228 0.30952380952380959 0.16929280397022337 0.21483516483516488 0.11343861958031733 0.58571428571428574 0.029027637344118642 0.26365441906653431 0.10555555555555557 39.500000000000007 0.018019480519480522 0.23611111111111113 38.500000000000007 86.500000000000014 0.091608391608391626 0.21111111111111114 0.44949494949494956 1.0000000180025095e-35 5.5000000000000009 8.5000000000000018 20.500000000000004 57.500000000000007 0.061381475667189961 0.42261904761904767 0.086057110304066098 0.13004065040650412 0.72077922077922085 0.11805555555555557 1.0000000180025095e-35 0.13993006993006998
decision_type=2 2 2 2 2 2 2 2 2 2 2 2 2 2 2 2 2 2 2 2 2 2 2 2 2 2 2 2 2 2
left_child=1 2 21 4 13 8 -7 15 -5 12 -11 -10 -6 16 -15 27 -3 -4 22 26 -21 29 23 -17 -23 -26 -19 28 -2 -1
right_child=7 3 17 5 9 6 -8 -9 11 10 -12 -13 -14 14 -16 18 -18 19 -20 20 -22 24 -24 -25 25 -27 -28 -29 -30 -31
leaf_value=-0.10013745676490887 0.07872849668475318 -0.094034467233241312 0.080155679429731397 0.16084410626028156 -0.015105705921739529 0.62484818227800731 0.095840667003746313 0.10056654499892353 -0.11201042182555454 0.072642882414758594 -0.068162689281758546 0.0029047377716950804 -0.25934649380531821 0.35424442836757009 -0.10274540272377918 0.12423205579645161 0.1244171951899942 -0.054129122082584413 0.10143752583243482 -0.034836068670658672 0.037802947685740558 -0.10026986004434586 0.10360500551996217 -0.046114977760155364 0.091133586672024813 -0.083222687975001874 -0.25625682730628785 -0.070822798524340272 -0.040427244392239041 -0.05100665511944074
leaf_weight=48.890949179185554 2.4962121658027199 23.7014262683224 2.602267453446987 2.0550391769502303 28.841745387995619 0.26805139321368088 9.7614030147669819 47.370690871495754 3.4090475782286367 13.692768606124448 2.8152280803769818 87.29640166182071 0.73177077667787571 0.41356521751731534 0.36784361605532467 0.98557847738265802 0.55237858253531058 7.308340260875414 7.010983697604388 9.6643235862720775 8.5054518696852011 1.6509994847001497 1.9163286858238278 3.9716913923621178 1.6180717803072187 1.0218327874317763 0.36248181480914343 2.2339063212275505 3.1297480948269367 3.7749574119225136
leaf_count=26781 23 8859 155 43 1116 15 788 8502 811 180 33 2891 10 29 38 10 7 768 816 586 135 757 141 96 82 35 13 26 36 938
internal_value=-0.00161534 -0.0233516 -0.0642452 -0.00327008 -0.0263508 0.0126987 0.109979 0.0799347 0.00218051 0.00384821 0.0486303 -0.0014142 -0.0211492 -0.0819373 0.139119 0.0349877 -0.0890592 -0.0103728 0.0611473 -0.0194894 -0.000833026 -0.0911478 0.0200517 -0.0122475 -0.0240333 0.0236452 -0.0636806 -0.0112235 0.0124416 -0.0966159
internal_weight=328.421 259.306 85.3997 173.907 71.1167 102.79 10.0295 69.1151 92.7605 46.0815 16.508 90.7054 29.5735 25.0352 0.781409 21.7444 24.2538 28.4429 13.8846 25.8406 18.1698 56.9568 6.8736 4.95727 4.2909 2.6399 7.67082 7.85987 5.62596 52.6659
internal_count=54720 45070 30250 14820 10272 4548 803 9650 3745 1339 213 3702 1126 8933 67 1148 8866 1657 1063 1502 721 28593 247 106 874 117 781 85 59 27719
is_linear=0
shrinkage=0.1


Tree=50
num_leaves=31
num_cat=0
split_feature=3 5 4 2 7 2 8 3 3 10 3 1 9 8 8 7 8 4 2 8 8 7 8 11 1 7 10 2 10 3
split_gain=51.1621 16.4027 12.67 11.6509 5.83463 5.16846 6.02755 5.97807 5.00828 4.73442 4.09796 3.21308 7.58448 3.01316 2.62858 2.61624 2.20083 2.10131 2.42081 2.08017 3.03249 9.05919 2.02482 4.71538 3.94764 1.95813 1.85107 1.61799 1.69016 1.60854
threshold=0.36038961038961043 0.30952380952380959 0.16929280397022337 0.080322580645161304 13.500000000000002 0.42997198879551829 30.500000000000004 0.18019480519480521 0.22474747474747478 3.5000000000000004 0.14039408866995076 0.58571428571428574 2.5000000000000004 1.0000000180025095e-35 35.500000000000007 41.500000000000007 5.5000000000000009 0.45049019607843144 0.20611577964519143 38.500000000000007 39.500000000000007 14.500000000000002 48.500000000000007 1.0000000180025095e-35 0.72077922077922085 7.5000000000000009 4.5000000000000009 0.52440476190476204 2.5000000000000004 0.46410256410256417
decision_type=2 2 2 2 2 2 2 2 2 2 2 2 2 2 2 2 2 2 2 2 2 2 2 2 2 2 2 2 2 2
left_child=1 2 19 4 13 6 7 -3 -9 17 22 12 -8 -2 -11 29 25 18 -4 -1 21 -21 23 -7 -24 -15 -18 28 -12 -6
right_child=3 5 9 -5 15 10 11 8 -10 14 27 -13 -14 16 -16 -17 26 -19 -20 20 -22 -23 24 -25 -26 -27 -28 -29 -30 -31
leaf_value=-0.099021911607736185 0.095610808109793499 -0.078525662281025838 -0.025576288510600544 0.097477328184275736 0.019677995656348517 -0.054413602184472033 0.0093966782753690248 0.05836566473150006 -0.041893983829086545 -0.11790559587388486 0.13202580069386147 0.12792692565451452 -0.1553058371764586 -0.054804660595982727 -0.0074573642062513937 -0.14660649436607329 -0.10139813449237077 0.10993787755352709 0.04942938763832963 0.0048404267203898416 -0.059101500137574092 1.1930426931116029 -0.030329358842212613 0.045140727977536481 0.10535189844486491 -0.21920871100985645 0.04214856030210927 0.10384569980413022 -0.021952926787522319 0.083832971990287691
leaf_weight=43.6332383408444 1.0801212494261587 25.342684318195097 9.584116844460377 51.070424336008728 7.1261970791965732 6.0668505402281907 45.032904715742916 7.6042335371021208 14.450487905647604 4.8226601904025284 0.98412076034583007 2.0196733027696601 2.9810025163460514 1.2701823688112202 3.8951438625808805 0.6720096794888385 1.8613746725022795 2.293254268821328 7.8090787008404723 0.37907497200649043 7.9665438362862915 0.077241242746822536 20.727270534727726 22.047837027348578 2.3918087519705287 1.6862124064937232 1.7363057676702736 6.6950739908497781 2.5862688603810966 8.6543474523350579
leaf_count=25994 38 8970 1023 9106 105 409 2667 384 317 273 34 16 37 27 77 9 25 180 207 110 2464 25 183 343 71 25 39 760 75 727
internal_value=-0.0015401 -0.0241377 -0.0609266 0.0704378 0.0131067 -0.00551292 -0.0198402 -0.0453952 -0.00732552 -0.00720592 0.0171853 0.00436833 -0.00082908 -0.0591457 -0.068557 0.0466328 -0.0846499 0.0199623 0.00809925 -0.0902391 -0.0447411 0.205969 0.00563052 0.023658 -0.0162923 -0.148574 -0.0321199 0.0748537 0.0204888 0.0548618
internal_weight=314.548 239.391 80.4604 75.1572 24.0868 158.93 97.431 47.3974 22.0547 28.4043 61.4992 50.0336 48.0139 7.6342 8.7178 16.4526 6.55408 19.6864 17.3932 52.0561 8.42286 0.456316 51.2338 28.1147 23.1191 2.95639 3.59768 10.2655 3.57039 15.7805
internal_count=54720 44619 30353 10101 995 14266 12391 9671 701 1760 1875 2720 2704 154 350 841 116 1410 1230 28593 2599 135 1006 752 254 52 64 869 109 832
is_linear=0
shrinkage=0.1


Tree=51
num_leaves=31
num_cat=0
split_feature=4 5 4 2 2 12 4 2 7 2 10 3 5 7 11 2 8 7 7 1 7 7 10 2 2 1 7 3 8 2
split_gain=44.9474 16.9179 10.81 6.44142 5.15373 5.63863 3.81813 8.1779 3.42023 3.38516 3.35015 3.30895 2.54099 2.36309 2.29294 2.37198 2.37125 2.24605 2.85559 2.0202 5.04265 2.93363 2.40933 2.22503 1.91849 1.6135 1.16071 1.00204 1.75932 0.584108
threshold=0.46318879855465228 0.21111111111111114 0.11551543694400838 0.26365441906653431 0.62645348837209314 1.0000000180025095e-35 0.1178513071895425 0.24509048902579902 9.5000000000000018 0.3551971326164875 3.5000000000000004 0.13188405797101452 0.21111111111111114 41.500000000000007 1.0000000180025095e-35 0.66987179487179505 2.5000000000000004 12.500000000000002 7.5000000000000009 0.38750000000000007 14.500000000000002 4.5000000000000009 3.5000000000000004 0.46737588652482276 0.50471698113207564 0.58571428571428574 3.5000000000000004 0.16064516129032261 75.500000000000014 0.84105263157894739
decision_type=2 2 2 2 2 2 2 2 2 2 2 2 2 2 2 2 2 2 2 2 2 2 2 2 2 2 2 2 2 2
left_child=1 2 27 12 5 6 7 -3 24 -10 -8 14 26 17 16 -16 -6 18 -14 20 -4 23 -22 -21 -7 -23 -2 29 -29 -1
right_child=3 4 19 -5 11 8 10 -9 9 -11 -12 -13 13 -15 15 -17 -18 -19 -20 21 22 25 -24 -25 -26 -27 -28 28 -30 -31
leaf_value=-0.10018014829848472 0.05642883497851308 -0.07328410109330552 -0.090359292412400122 0.10046513038189467 0.14556308267583504 -0.040252976216215958 0.055159257309778754 0.019759782741443091 -0.020300745943258869 0.079770821758948396 -0.011668580558331549 0.10096608341557463 0.083026717395253594 -0.24231075757881856 0.11797031671161243 0.017710982653127719 -0.079963912415057251 0.10265350297197824 -0.063240243234331792 0.15633495830582214 0.035329629525882957 -0.0041329508882785512 -0.050864406813393041 0.022852256260560325 -0.094435656100444562 -0.15045283934965226 -0.036088435471446335 -0.10057865879898652 0.23861896891153431 0.059606223924035778
leaf_weight=37.804440618027002 1.7641318691894436 14.508719762670806 9.8073800368001702 38.950488768750802 0.53703224379569903 28.463240411365405 22.25494529097341 27.073541288031265 25.006231818464588 3.9086880631512022 11.315730482339857 6.0527749559842041 2.9308734368532861 0.25575859379023391 2.7713209837675121 15.888440802693365 3.5350991333834827 6.8818579949438572 2.4509635684080422 1.6517044067149962 8.7277861776528862 1.9334019209491091 5.1603941689245394 5.1190968429436907 8.4823453386779857 1.235065378481522 5.8623538110405207 0.41115854145027597 0.24345165491104126 0.23017078160773863
leaf_count=25581 23 5065 2644 8502 16 3745 635 1177 2923 90 272 955 169 4 35 348 104 817 73 28 776 52 138 182 135 27 62 113 1 28
internal_value=-0.00146798 -0.0205522 -0.0610547 0.0767215 -0.00330054 -0.0111718 0.00754776 -0.0127047 -0.0325326 -0.00677318 0.0326335 0.0352601 0.0308151 0.0585341 0.0177647 0.0326014 -0.0502214 0.0648082 0.0164147 -0.0195906 -0.0354631 0.0182501 0.00330274 0.0554147 -0.0526928 -0.0611683 -0.0146877 -0.0971019 0.02557 -0.0992132
internal_weight=301.219 242.122 72.3241 59.0964 169.798 141.013 75.1529 41.5823 65.8605 28.9149 33.5707 28.7847 20.1459 12.5195 22.7319 18.6598 4.07213 12.2637 5.38184 33.6348 23.6956 9.93927 13.8882 6.7708 36.9456 3.16847 7.62649 38.6892 0.65461 38.0346
internal_count=54720 45070 29570 9650 15500 14042 7149 6242 6893 3013 907 1458 1148 1063 503 383 120 1059 242 3847 3558 289 914 210 3880 79 85 25723 114 25609
is_linear=0
shrinkage=0.1


Tree=52
num_leaves=31
num_cat=0
split_feature=3 5 4 2 7 1 8 4 10 2 10 8 4 7 8 8 8 10 4 8 1 8 11 10 3 8 5 4 10 8
split_gain=39.4441 13.0986 11.8054 10.7254 4.78204 4.15602 4.26372 7.60046 4.45061 3.13469 3.0229 2.77011 2.74111 2.69149 2.4509 2.4296 2.22125 1.96649 2.84673 2.47939 1.88115 1.87054 1.54689 1.00177 0.882525 1.47264 0.817231 3.08815 3.4474 0.801842
threshold=0.36038961038961043 0.30952380952380959 0.11551543694400838 0.080322580645161304 13.500000000000002 0.81666666666666676 23.500000000000004 0.10726270373921382 3.5000000000000004 0.85239651416122009 3.5000000000000004 131.00000000000003 0.30289129830414241 25.500000000000004 35.500000000000007 1.0000000180025095e-35 22.500000000000004 7.5000000000000009 0.38729838709677428 14.500000000000002 0.38750000000000007 3.5000000000000004 1.0000000180025095e-35 4.5000000000000009 0.16064516129032261 75.500000000000014 0.21111111111111114 0.37066905615292717 10.500000000000002 6.5000000000000009
decision_type=2 2 2 2 2 2 2 2 2 2 2 2 2 2 2 2 2 2 2 2 2 2 2 2 2 2 2 2 2 2
left_child=1 2 24 4 15 6 7 22 -9 11 12 -8 13 -4 -12 -2 -14 18 29 -20 -16 -17 -3 -23 -1 -26 27 -5 -29 -6
right_child=3 5 10 26 17 -7 9 8 -10 -11 14 -13 16 -15 20 21 -18 -19 19 -21 -22 23 -24 -25 25 -27 -28 28 -30 -31
leaf_value=-0.099082686164892853 0.090534122281523535 -0.09908425716501286 -0.034452222140991404 -0.2815131071229508 0.021772048914528025 0.073375485127862627 0.0049870592146617088 0.015678832399549016 -0.089937287682932243 -0.22259783271640743 -0.11508799202346243 -0.21894221784349904 0.038443983277106922 0.063092977617272769 -0.047733122171352921 -0.18075774525414909 0.23671207452081885 0.10625250838507901 0.043004177050590051 -0.06821146588144858 0.10978296157441472 -0.08775574707807661 0.050150560759727174 0.0015465288008587939 -0.10055901095843529 0.20919225114439777 0.10119373051569665 0.10103959103714644 -0.27359834808166167 0.12595905064336282
leaf_weight=35.378307865117677 1.0069684158079351 14.411248216987584 16.072024642489858 0.25620413850992818 1.0295228287577622 6.5042313719168297 103.88836874568369 22.120939994696531 4.8678790261037639 0.61519740498624642 4.7292329324409348 0.5553813548758616 6.0529183559119693 3.4328300346387541 3.1428159365896136 1.3582037142477927 0.62323711533099402 3.773921620566397 4.2037656097672862 3.831608644220978 0.99924084916710842 2.8730754111893475 0.72974540689028877 2.2320345561020076 0.39880393876228382 0.24951727688312531 38.338389721000567 3.7585776196792722 0.26279659196734417 2.6148848403245211
leaf_count=26193 38 7808 3009 8 11 565 4362 1348 111 35 379 4 339 201 72 27 13 538 149 88 28 38 33 51 118 1 8477 590 31 55
internal_value=-0.00136321 -0.0212672 -0.0567648 0.0668984 0.011742 -0.00485054 -0.00830732 -0.0351842 -0.00337078 0.00247061 -0.0154483 0.00379631 0.0016461 -0.0172844 -0.0658974 -0.0539495 0.0569528 0.0434971 0.0232199 -0.0100282 -0.00973352 -0.0764597 -0.0918916 -0.0487114 -0.0969639 0.0186539 0.0965681 0.0551105 0.076557 0.0965269
internal_weight=290.312 224.772 71.0789 65.54 22.924 153.693 147.189 42.1298 26.9888 105.059 35.0523 104.444 26.181 19.5049 8.87129 7.47028 6.67616 15.4537 11.6798 8.03537 4.14206 6.46331 15.141 5.10511 36.0266 0.648321 42.616 4.27758 4.02137 3.64441
internal_count=54720 44619 30353 10101 995 14266 13701 9300 1459 4401 4041 4366 3562 3210 479 154 352 841 303 237 100 116 7841 89 26312 119 9106 629 621 66
is_linear=0
shrinkage=0.1


Tree=53
num_leaves=31
num_cat=0
split_feature=4 5 4 2 2 2 12 2 8 5 3 1 8 10 1 7 2 2 3 10 10 4 8 3 2 1 4 4 4 3
split_gain=34.7819 13.2411 10.2664 6.21029 4.21005 5.20792 4.75293 4.51666 3.48164 2.1838 2.05482 2.24652 2.64074 1.87898 1.84952 4.19102 2.79842 2.47624 1.59241 1.58873 0.997626 0.968095 0.899113 1.2752 0.836521 0.722412 0.546485 0.261007 0.000499151 0.000258875
threshold=0.46318879855465228 0.21111111111111114 0.11551543694400838 0.26365441906653431 0.70106382978723414 0.69337606837606847 1.0000000180025095e-35 0.45080645161290328 11.500000000000002 0.21111111111111114 0.13188405797101452 0.58571428571428574 37.500000000000007 5.5000000000000009 0.44949494949494956 14.500000000000002 0.47247474747474755 0.62645348837209314 0.7947368421052633 3.5000000000000004 4.5000000000000009 0.67669683257918567 66.500000000000014 0.16064516129032261 0.51925925925925942 0.72077922077922085 0.6453654552878727 0.69789381307591059 0.095389748255990309 0.56385869565217395
decision_type=2 2 2 2 2 2 2 2 2 2 2 2 2 2 2 2 2 2 2 2 2 2 2 2 2 2 2 2 2 2
left_child=1 2 22 9 5 6 7 -3 -8 20 11 -6 -13 18 15 24 -16 -18 21 -17 -2 -11 -1 25 -4 -24 -22 -20 -12 -15
right_child=3 4 14 -5 10 -7 8 -9 -10 13 28 12 -14 29 16 19 17 -19 27 -21 26 -23 23 -25 -26 -27 -28 -29 -30 -31
leaf_value=-0.10013327028686812 0.022042834867282163 -0.0030722673359724986 -0.090064890812545317 0.10038278613500891 0.12891366017667005 -0.19016821280342561 -0.070661168836162885 0.054165609738418954 -0.01448891775985741 0.01590632746364044 0.10641072206650518 -0.040436567579781257 0.049808479673833679 0.10293536823692562 0.11534463495383263 0.026524684996946202 -0.082090649964256232 0.037568261020824535 -0.18135209161210863 -0.044350780844909003 -0.084961829127115668 0.11568788608484784 -0.1008091368667208 0.18858102399767529 0.10113153942688975 0.12677956184847061 -0.0070252455643173553 -0.066358261163412466 0.10066214052389638 0.10082675317355541
leaf_weight=30.540037157130431 3.7356201484799412 59.450681394664571 8.8350815639132634 32.033944750670344 1.7723726714029933 1.5634587756358076 13.939041226869447 17.948606218211353 52.947888215305284 4.1710937488824111 0.15658310451544721 5.9253643834963423 7.1613303031772375 0.67211179947480548 2.3347806383389962 9.189760565524919 2.8974216188071296 4.2901588613167405 0.3052301900461315 4.8223510697716838 2.087570004165173 1.2679041223600505 0.85618365136906394 0.24908336997032154 0.23491679178550917 0.16661150753498077 1.5811260882765052 0.55860978411510587 4.2717241304926574 4.3538841060362756
leaf_count=25287 38 6711 2667 8502 20 25 3535 585 3432 126 7 212 153 34 39 779 50 163 7 138 13 64 434 1 11 1 34 50 820 782
internal_value=-0.00126672 -0.017832 -0.0562862 0.0736364 -0.00283182 -0.00863819 -0.00667117 0.010201 -0.0261951 0.0278997 0.0410756 0.023257 0.00894753 0.0555024 -0.0168525 -0.0321501 0.0202289 -0.010668 0.0191351 0.00213247 -0.0143332 0.0391668 -0.0967024 -0.014322 -0.0851128 -0.0637353 -0.0513729 -0.10699 0.100865 0.101109
internal_weight=280.321 229.553 64.4164 50.7671 165.137 145.85 144.286 77.3993 66.8869 18.7331 19.2874 14.8591 13.0867 11.3288 32.6045 23.0821 9.52236 7.18758 6.30284 14.0121 7.40432 5.439 31.8119 1.27188 9.07 1.0228 3.6687 0.86384 4.42831 5.026
internal_count=54720 45070 29570 9650 15500 14288 14263 7296 6967 1148 1212 385 365 1063 3847 3595 252 213 247 917 85 190 25723 436 2678 435 47 57 827 816
is_linear=0
shrinkage=0.1


Tree=54
num_leaves=31
num_cat=0
split_feature=3 5 4 2 7 1 8 4 10 7 7 2 1 7 8 8 10 4 8 10 8 4 9 11 7 8 5 10 3 7
split_gain=30.5486 10.3222 10.9045 9.74728 4.06706 3.41227 3.34232 7.03352 3.726 2.90252 4.76945 3.38913 2.59668 3.02057 2.02732 2.13116 1.91177 2.39835 2.51097 1.79852 2.99193 1.74662 1.55398 1.41949 1.38921 1.08831 0.879748 2.26005 2.67582 4.76902
threshold=0.36038961038961043 0.30952380952380959 0.11551543694400838 0.080322580645161304 12.500000000000002 0.81666666666666676 23.500000000000004 0.10726270373921382 3.5000000000000004 21.500000000000004 27.500000000000004 0.21483516483516488 0.44949494949494956 18.500000000000004 1.0000000180025095e-35 4.5000000000000009 7.5000000000000009 0.38729838709677428 14.500000000000002 2.5000000000000004 39.500000000000007 0.18225524475524477 1.5000000000000002 1.0000000180025095e-35 35.500000000000007 10.500000000000002 0.21111111111111114 10.500000000000002 0.37980769230769235 3.5000000000000004
decision_type=2 2 2 2 2 2 2 2 2 2 2 2 2 2 2 2 2 2 2 2 2 2 2 2 2 2 2 2 2 2
left_child=1 2 -1 4 14 6 7 23 -9 11 -11 -8 13 22 -2 -16 17 25 -19 21 -21 -14 -4 -3 -15 -6 27 28 29 -5
right_child=3 5 12 26 16 -7 9 8 -10 10 -12 -13 19 24 15 -17 -18 18 -20 20 -22 -23 -24 -25 -26 -27 -28 -29 -30 -31
leaf_value=-0.09661844866838401 0.084741307244155351 -0.098405878814129641 -0.048881119729042889 0.10121301543947284 0.009093140078945525 0.069978790467443444 -0.042481004944945167 0.015357210017352563 -0.083212133182191811 0.11678253875703865 -0.0032708429915357176 0.0053590502994278972 -0.0042849248300837646 0.015736792397729942 -0.16404384649456688 -0.033293475480526566 0.10677131688739123 0.044541684633755435 -0.06431068386980214 -0.071274103185608575 0.10343748091711191 0.11274865289134449 -0.13967985008519879 0.045996587530469701 -0.10760683422544426 0.12472028639263893 0.10116050567179953 -0.2041991474972675 0.10153922817264689 -0.67136852115446777
leaf_weight=29.671129680646118 0.87556105898693459 12.774668973521326 9.8438538684276882 0.20910595613531757 1.2031434569507831 5.9406385996844611 18.625098662101664 21.793868481880057 4.65385872661136 5.5191827877424648 8.2642002010252309 72.261309072258882 2.0564695820212346 10.573122519883324 1.919783412478864 3.5551172611303627 3.2425596127286545 4.3094006679020804 4.169569952879101 3.1492375964298844 1.4231266379356382 3.3565747702959925 2.3312810129718846 0.71905799652449864 0.99944806657731611 2.5168765373528004 31.84308915794827 0.31907041929662217 3.2368510947562754 0.12930646492168307
leaf_count=26312 33 7808 2821 37 14 565 2219 1348 111 245 230 1707 39 541 34 62 547 158 92 128 42 170 244 33 56 55 8477 31 544 17
internal_value=-0.00115954 -0.0185538 -0.0523998 0.0635308 0.0108188 -0.00429966 -0.00735102 -0.0319616 -0.00198749 0.00204025 0.0448013 -0.00444468 -0.0135057 -0.0314966 -0.0565462 -0.0791413 0.0385232 0.0203825 -0.00898693 0.029281 -0.016896 0.0682864 -0.0662672 -0.0907109 0.0050844 0.0873237 0.0956736 0.0508085 0.0735664 -0.193988
internal_weight=271.486 213.956 63.4042 57.5294 21.792 150.552 144.611 39.9415 26.4477 104.67 13.7834 90.8864 33.7331 23.7477 6.35046 5.4749 15.4416 12.199 8.47897 9.98541 4.57236 5.41304 12.1751 13.4937 11.5726 3.72002 35.7374 3.89433 3.57526 0.338412
internal_count=54720 44619 30353 10101 995 14266 13701 9300 1459 4401 475 3926 4041 3662 129 96 866 319 250 379 170 209 3065 7841 597 69 9106 629 598 54
is_linear=0
shrinkage=0.1


Tree=55
num_leaves=31
num_cat=0
split_feature=4 5 4 2 1 8 4 3 2 3 8 4 11 7 2 10 3 3 7 4 5 7 7 7 7 2 1 12 2 3
split_gain=26.9982 10.3359 9.49808 5.90693 3.36378 2.74816 6.46277 3.24572 2.98148 2.85257 2.36889 2.35548 3.58051 1.98564 3.55022 3.49899 3.19926 2.12408 2.74673 2.4766 1.84851 1.76215 1.74095 1.98626 2.19517 1.21644 0.926518 1.29844 0.625781 0.00409624
threshold=0.46318879855465228 0.21111111111111114 0.10188133993866479 0.26365441906653431 0.61250000000000016 23.500000000000004 0.10726270373921382 0.24068965517241384 0.16152751423149908 0.23303167420814483 39.500000000000007 0.098287470725995321 1.0000000180025095e-35 25.500000000000004 0.20611577964519143 2.5000000000000004 0.22902097902097904 0.20942982456140355 33.500000000000007 0.35450268817204306 0.21111111111111114 2.5000000000000004 41.500000000000007 12.500000000000002 11.500000000000002 0.52440476190476204 0.11805555555555557 1.0000000180025095e-35 0.84105263157894739 0.53137254901960795
decision_type=2 2 2 2 2 2 2 2 2 2 2 2 2 2 2 2 2 2 2 2 2 2 2 2 2 2 2 2 2 2
left_child=1 2 28 20 5 6 25 9 -8 -7 -9 12 -6 14 16 -16 -4 18 -15 -19 26 -14 23 24 -22 -3 27 -2 -1 -25
right_child=3 4 13 -5 11 7 8 10 -10 -11 -12 -13 21 17 15 -17 -18 19 -20 -21 22 -23 -24 29 -26 -27 -28 -29 -30 -31
leaf_value=-0.10011000871327756 0.06454378879273058 -0.10030678431637426 -0.10258954563936157 0.10031753602113223 -0.10939203727578228 -0.0025460869548391126 -0.029588310913197927 3.5085146054121285e-05 0.034027832264998052 -0.13388353787316049 0.087458449075278277 0.10127353115991003 0.10321887948150583 0.11511068419232642 0.057813086566426357 -0.045919353475821878 0.0049193747730564424 -0.108207045595792 -0.10836678491750239 0.070762364134376518 0.042306222139787727 0.011208119432722008 -0.19723312651332317 0.10727480872109459 -0.14257362104306073 0.014299629983768934 -0.070939073441306413 -0.036143449056860455 0.070475839257858316 0.10091764282571486
leaf_weight=24.524754059733826 2.3194081084802773 11.016344352741724 8.4644772356259654 26.407513961428776 1.8806715686805517 87.977046473068185 18.461395320715386 5.511439068708567 12.259215626632793 1.6853873706422735 7.0824774976354092 4.6294484820682547 3.1175949219614267 3.3461654786951831 6.6475662237498891 6.3654407519497909 4.1129336138255885 1.8000013709533962 0.65815733582712699 1.3554699867963789 4.1818265479523653 6.2627256652340293 0.27180880680680353 1.3857438494451342 0.75875490531325329 1.0111383424373332 2.0174386585131288 2.8601616816595197 0.21695095987524737 3.7740522362291813
leaf_count=24700 23 8070 3449 8502 35 4222 1043 127 451 18 223 872 175 186 493 286 302 55 65 6 221 160 4 50 21 104 26 36 28 767
internal_value=-0.00106176 -0.0154568 -0.0518507 0.0704237 -0.00245235 -0.00723888 -0.0285309 0.00166222 -0.00420197 -0.00501484 0.0491996 0.0412259 0.0165401 -0.0165225 -0.0295468 0.00707134 -0.0674331 0.0300289 0.0783795 -0.0313286 0.0254915 0.0417883 0.0525109 0.0592317 0.0139131 -0.0906719 -0.0134484 0.00894423 -0.0986142 0.102625
internal_weight=262.364 218.387 57.4919 43.9767 160.895 145.004 42.7481 102.256 30.7206 89.6624 12.5939 15.8904 11.261 32.7502 25.5904 13.013 12.5774 7.15979 4.00432 3.15547 17.5692 9.38032 10.3722 10.1004 4.94058 12.0275 7.19701 5.17957 24.7417 5.1598
internal_count=54720 45070 29570 9650 15500 14258 9668 4590 1494 4240 350 1242 370 4842 4530 779 3751 312 251 61 1148 335 1063 1059 242 8174 85 59 24728 817
is_linear=0
shrinkage=0.1


Tree=56
num_leaves=31
num_cat=0
split_feature=4 5 4 2 1 3 1 8 3 2 10 7 5 7 7 7 2 3 10 8 10 10 10 2 11 3 4 5 8 8
split_gain=23.5511 9.09322 9.1068 5.8244 2.97595 2.80666 8.86586 4.12384 4.57495 3.68027 3.31635 2.10642 1.74195 2.06246 3.35792 1.63138 3.1565 3.06102 2.83651 1.87938 2.74008 1.2206 0.82394 0.573248 0.512871 3.10797 0.443099 0.305407 0.155761 0.00160996
threshold=0.46318879855465228 0.21111111111111114 0.10188133993866479 0.26365441906653431 0.81666666666666676 0.12310606060606062 0.23611111111111113 39.500000000000007 0.13188405797101452 0.52440476190476204 1.5000000000000002 1.0000000180025095e-35 0.58571428571428574 2.5000000000000004 9.5000000000000018 25.500000000000004 0.20611577964519143 0.22902097902097904 2.5000000000000004 8.5000000000000018 2.5000000000000004 7.5000000000000009 3.5000000000000004 0.84105263157894739 1.0000000180025095e-35 0.075498575498575513 0.066852886405959044 0.30952380952380959 7.5000000000000009 24.500000000000004
decision_type=2 2 2 2 2 2 2 2 2 2 2 2 2 2 2 2 2 2 2 2 2 2 2 2 2 2 2 2 2 2
left_child=1 2 23 12 5 6 11 9 -9 -7 -8 -3 13 28 27 16 17 -4 -18 -17 -21 -16 -14 -1 25 -6 -27 -15 -2 -26
right_child=3 4 15 -5 24 7 10 8 -10 -11 -12 -13 22 14 21 19 18 -19 -20 20 -22 -23 -24 -25 29 26 -28 -29 -30 -31
leaf_value=-0.10009954855930217 0.12640609424740726 0.12998606539237531 -0.10239398007294048 0.10028723827612339 -0.19585792506394875 -0.015431162514677174 0.00060747143453213212 0.27943474049653477 0.036440974188903373 0.10044407715712141 -0.16912160697544373 -0.093570962064695437 -0.010173337322412095 -0.12878961796855187 0.0063979125292261962 -0.10303296061563461 0.052254423522999027 0.0044121888786599417 -0.041124555512803668 0.14839007289700709 0.0034584332619012666 0.11239257702636984 0.10072136749277479 0.064334656306772764 0.10898383993185656 -0.008457513512712244 0.10113840221921491 -0.066981447235549205 0.068341951823788896 0.10154296128168989
leaf_weight=22.193116765178278 1.0888734301552201 0.43415549432393064 7.6728648065472971 23.901359145762399 0.46802829951047842 40.268918507033959 70.469921765674371 0.80302416696213441 22.054095543920994 2.9411219605244687 1.1703112585819315 14.426216961583121 0.83211760595440765 1.578868907876311 6.4050666764378548 0.97018128825584327 6.6207644061651063 4.1263964613899589 6.3952200965140946 1.8568830260192042 4.3849250661442056 1.3083728093188254 3.4389374074526131 0.21405570360366155 0.33558494132012162 0.44081156980246339 2.2614349038340151 1.6194105576723814 0.80248843599110831 2.17803246807307
leaf_count=24700 26 277 3449 8502 3 1778 2389 41 488 438 161 9215 29 15 120 120 493 302 286 78 114 143 766 28 11 6 530 26 23 163
internal_value=-0.000998515 -0.0143728 -0.0496283 0.0684217 -0.00224585 -0.00489271 -0.0167462 0.0106269 0.0449779 -0.00754403 -0.00216521 -0.0870396 0.0238144 0.00536605 -0.0113439 -0.0154162 -0.0275832 -0.0650421 0.00637398 0.0264486 0.0465743 0.024377 0.0791161 -0.0985287 0.0688014 0.042054 0.0832603 -0.0974938 0.10177 0.102536
internal_weight=253.662 212.686 54.4344 40.9755 158.252 152.568 86.5006 66.0672 22.8571 43.21 71.6402 14.8604 17.0741 12.8031 10.9117 32.0272 24.8152 11.7993 13.016 7.21199 6.24181 7.71344 4.27106 22.4072 5.68389 3.17027 2.70225 3.19828 1.89136 2.51362
internal_count=54720 45070 29570 9650 15500 14787 12042 2745 529 2216 2550 9492 1148 353 304 4842 4530 3751 779 312 192 263 795 24728 713 539 536 41 49 174
is_linear=0
shrinkage=0.1


Tree=57
num_leaves=31
num_cat=0
split_feature=4 5 4 2 1 12 5 2 2 2 2 8 7 4 8 5 10 5 10 7 3 10 3 2 11 3 4 8 2 3
split_gain=20.5531 7.97498 9.2912 5.69067 2.58179 2.48608 4.60685 4.87769 4.55156 5.93685 2.1726 1.62899 2.28819 3.63218 3.1638 1.57428 1.88757 1.10391 1.29952 0.968519 1.22032 0.795861 0.582819 0.527621 0.487579 2.68842 0.427653 0.00119445 7.07019e-05 4.74064e-05
threshold=0.46318879855465228 0.30952380952380959 0.10188133993866479 0.26365441906653431 0.81666666666666676 1.0000000180025095e-35 0.58571428571428574 0.16152751423149908 0.85239651416122009 0.62645348837209314 0.79449472096530926 52.500000000000007 29.500000000000004 0.1937129690585912 20.500000000000004 0.58571428571428574 3.5000000000000004 0.21111111111111114 5.5000000000000009 28.500000000000004 0.16954022988505749 3.5000000000000004 0.47213622291021679 0.84105263157894739 1.0000000180025095e-35 0.075498575498575513 0.066852886405959044 24.500000000000004 0.79449472096530926 0.57518796992481214
decision_type=2 2 2 2 2 2 2 2 2 2 2 2 2 2 2 2 2 2 2 2 2 2 2 2 2 2 2 2 2 2
left_child=1 2 23 15 5 6 10 -8 9 -7 -3 12 13 -4 -14 16 -2 22 -19 20 -13 -17 -18 -1 25 -6 -27 -26 -29 -23
right_child=3 4 11 -5 24 8 7 -9 -10 -11 -12 19 14 -15 -16 21 17 18 -20 -21 -22 29 -24 -25 27 26 -28 28 -30 -31
leaf_value=-0.10009268792588395 0.098305809430533686 -0.0061005911301808156 -0.087378751833389154 0.10025982734632133 -0.18519104640930611 -0.026137070096298422 0.0093436470243512329 0.12737639755563449 -0.3314812479134574 0.073661029011219112 0.11648510832178212 0.10489021633362057 -0.080437250376121108 -0.0062123574333317931 0.1273549887531574 -0.0090751662767682307 -0.081094089042446638 -0.0093992233177365367 0.10160356723099287 -0.052752528417674985 0.00016068504840655615 0.10151599294034386 -0.015038347275601112 0.05858332686143225 0.10810963266728907 -0.0075937524067861877 0.10103600948504848 0.10273018874588519 0.10112649746597931 0.10047667263838463
leaf_weight=20.730222916754432 1.8492507496848727 65.405878232093528 8.3348512973752857 21.632454923819751 0.44661191105842535 59.908612937259022 8.3175655371742305 6.0461680625448926 0.46108787134289642 6.6195385907776645 1.4784565181471396 2.3961622429778791 1.1186286734300659 16.286627880996093 2.1241080194013193 0.83913680072873775 2.2735177613794786 3.7373957852832973 1.469288795487955 0.99652276118285943 2.076974487863481 0.52861728472635183 3.238150249235332 0.21169552835635741 0.30597984045743976 0.44180201506242189 2.0165849607437849 0.33013600856065717 1.6433630138635635 2.5850645143073052
leaf_count=25270 30 5504 3549 8502 3 6571 1288 417 35 216 80 97 98 1085 66 29 19 61 197 18 39 54 46 28 11 6 526 13 150 712
internal_value=-0.000951752 -0.013344 -0.046289 0.0665097 -0.00168914 -0.00411513 0.00764399 0.0590275 -0.0183772 -0.0162072 -0.00339087 -0.0134947 -0.023289 -0.0336888 0.0556741 0.022316 0.00500359 -0.011094 0.021925 0.0364006 0.056262 0.0773591 -0.0422858 -0.0984887 0.0676763 0.0405109 0.0815139 0.102296 0.101395 0.100653
internal_weight=245.85 207.698 54.2758 38.1529 153.422 148.237 81.2481 14.3637 66.9892 66.5282 66.8843 33.3339 27.8642 24.6215 3.24274 16.5204 12.5676 10.7184 5.20668 5.46966 4.47314 3.95282 5.51167 20.9419 5.18448 2.905 2.45839 2.27948 1.9735 3.11368
internal_count=54720 45070 30250 9650 14820 14111 7289 1705 6822 6787 5584 4952 4798 4634 164 1148 353 323 258 154 136 795 65 25298 709 535 532 174 163 766
is_linear=0
shrinkage=0.1


Tree=58
num_leaves=31
num_cat=0
split_feature=3 2 5 4 7 12 2 5 2 10 4 7 1 3 2 2 1 7 2 2 2 7 5 7 10 9 7 4 4 2
split_gain=17.9377 7.39455 5.89051 9.27894 3.18584 2.29592 3.85854 3.42904 4.71499 7.5996 3.23632 2.52061 5.52985 2.38522 2.25471 3.57082 1.86972 2.83644 1.94564 1.66895 3.91953 1.63252 1.67731 1.41158 1.29732 1.25166 2.05007 1.32548 1.01204 0.983454
threshold=0.36602870813397131 0.080322580645161304 0.30952380952380959 0.10188133993866479 12.500000000000002 1.0000000180025095e-35 0.62645348837209314 0.58571428571428574 0.16152751423149908 1.5000000000000002 0.15857863751051307 7.5000000000000009 0.64583333333333337 0.24068965517241384 0.79449472096530926 0.69337606837606847 0.44949494949494956 14.500000000000002 0.30079365079365084 0.85239651416122009 0.89699381078691431 41.500000000000007 0.18333333333333338 1.5000000000000002 3.5000000000000004 2.5000000000000004 5.5000000000000009 0.30289129830414241 0.69282051282051293 0.70106382978723414
decision_type=2 2 2 2 2 2 2 2 2 2 2 2 2 2 2 2 2 2 2 2 2 2 2 2 2 2 2 2 2 2
left_child=2 4 3 -1 24 7 11 14 10 -10 -9 12 -7 -13 15 -4 17 23 -19 29 -21 22 -6 -5 -2 26 -18 -27 -26 -8
right_child=1 -3 5 16 21 6 19 8 9 -11 -12 13 -14 -15 -16 -17 25 18 -20 20 -22 -23 -24 -25 28 27 -28 -29 -30 -31
leaf_value=-0.098388144983252324 -0.13776416731477809 0.092962633611081535 0.0024270344197459982 0.0048841314803135007 -0.0046535713857644469 -0.043049258626993228 0.027821417440295832 -0.077577544626943273 0.46725394552364863 0.084034006760512953 0.053849691050575146 -0.023531942726762921 -0.4282901536560253 0.044144678639785634 0.077677048676669844 -0.073985039858139409 0.12594981458296625 0.0068977604192273934 -0.26144866752851142 -0.26243705499892328 0.05376669637463647 -0.11138254030051434 0.073171921695731862 -0.091351163331411453 0.0044272533052971165 -0.017168299821326456 -0.080228087252421407 0.10118977701694309 -0.09830310780282181 0.10641709577192848
leaf_weight=18.968862004869152 1.3258974868804241 24.813080597436056 57.191111491585616 1.9534745519631558 4.2322264574468109 27.793911626387857 2.9537206215318275 3.0405609698500466 0.57509617239702482 5.1653418319765478 4.8818656946532428 19.216170496190902 0.37766758864745398 7.1437828997150055 3.4126172319520256 6.8479509192984542 2.2587196844397099 14.027083662338551 0.27549699682276774 0.54718057764694061 1.3823830604087561 0.69406367652118284 8.011526568559928 6.9355992120108567 3.2816663947887719 5.5510538305388764 0.61318524531088758 1.14060364337638 1.3548706045839933 3.4534562465269119
leaf_count=25298 31 9013 5351 482 49 3042 62 1211 40 440 64 3223 9 140 333 165 94 1172 16 27 126 9 798 2994 44 115 24 183 51 114
internal_value=-0.000849052 0.0570669 -0.0137852 -0.0427308 0.0099415 -0.00338689 -0.0177305 0.00773017 0.053414 0.122426 0.00340902 -0.027417 -0.0482138 -0.00519097 -0.00152345 -0.00574401 -0.0104991 -0.0258415 0.00172886 0.0456304 -0.0359015 0.037813 0.0462704 -0.0702024 -0.0505365 0.0267061 0.0819284 0.00300602 -0.0255922 0.0701843
internal_weight=239.42 43.7133 195.707 51.7241 18.9003 143.983 62.8683 81.1145 13.6629 5.74044 7.92243 54.5315 28.1716 26.36 67.4517 64.0391 32.7552 23.1917 14.3026 8.33674 1.92956 12.9378 12.2438 8.88907 5.96243 9.56356 2.8719 6.69166 4.63654 6.40718
internal_count=54720 9995 44725 30378 982 14347 6743 7604 1755 480 1275 6414 3051 3363 5849 5516 5080 4664 1188 329 153 856 847 3476 126 416 118 298 95 176
is_linear=0
shrinkage=0.1


Tree=59
num_leaves=31
num_cat=0
split_feature=4 8 4 2 2 1 2 4 2 8 3 4 7 8 10 3 8 5 7 7 2 10 3 10 12 12 11 4 4 5
split_gain=15.7982 6.56733 12.8215 5.36398 4.15659 8.67304 3.83808 3.83536 3.43989 3.29691 2.20471 2.08731 2.43625 1.93787 1.93067 4.22827 2.64627 1.36542 1.70241 2.7304 1.23591 1.07825 0.762222 0.743304 0.427584 0.290131 0.262742 0.189622 0.132851 0.112665
threshold=0.46318879855465228 21.500000000000004 0.1178513071895425 0.26365441906653431 0.16152751423149908 0.10555555555555557 1.0000000180025095e-35 0.12015037593984963 0.20766968880176431 3.5000000000000004 0.36602870813397131 0.42146381578947373 27.500000000000004 113.50000000000001 3.5000000000000004 0.22902097902097904 49.500000000000007 0.58571428571428574 2.5000000000000004 9.5000000000000018 0.80243902439024406 7.5000000000000009 0.31698564593301443 3.5000000000000004 1.0000000180025095e-35 1.0000000180025095e-35 1.0000000180025095e-35 0.59221466364323516 0.40405073649754503 0.18333333333333338
decision_type=2 2 2 2 2 2 2 2 2 2 2 2 2 2 2 2 2 2 2 2 2 2 2 2 2 2 2 2 2 2
left_child=1 2 20 17 6 8 7 -4 -6 -7 13 29 -13 14 15 -3 -16 18 25 27 22 -21 26 -19 -22 -2 -1 -20 -8 -12
right_child=3 10 4 -5 5 9 28 -9 -10 -11 11 12 -14 -15 16 -17 -18 23 19 21 24 -23 -24 -25 -26 -27 -28 -29 -30 -31
leaf_value=-0.10002062137086061 0.14637359733719932 0.001498976141040495 0.44523905613433667 0.10021543915169635 0.37098097639303373 0.065828353765622502 -0.1070412831987978 -0.015081000524094288 0.1236825972600939 -0.026818072010506878 0.15548724505432807 0.096994974172976131 -0.18805121984451792 -0.12240693354961403 -0.068611888940003529 0.098308186369057554 0.011518906564008238 -0.0067317554300805249 -0.11989156588868147 0.0056948259186499709 0.084990409343526405 0.11275159327023937 0.11954384109859487 0.10058961738609261 -0.045593716096343467 0.062523997334820808 0.03840810163925984 -0.069478931253771567 -0.015635740026464166 0.10582301469514162
leaf_weight=23.821150953008338 0.68825419014319655 102.40264685853617 0.18278835521778702 17.886533634271473 0.73493082157802136 5.5304615822969962 5.5204130848287596 18.536056427634321 2.3969928867882118 12.574095853022298 0.5537342326715583 0.62234418978914596 0.57861250732094049 1.2887781137833361 8.7663491555722448 4.719519837293773 7.7779454431147306 0.8505551924463356 1.2731979200616463 6.1496775504201651 0.46964540611952432 1.1107066862750796 0.16032895771786471 2.6748762158676982 0.53799002361483872 1.0305560536216944 0.13790626463014533 1.8023148430511353 0.16372422454878677 2.6086093394551426
leaf_count=28577 19 10643 63 8502 7 389 1252 1998 80 1023 5 49 12 33 328 133 204 29 13 120 20 143 2 766 22 30 14 28 5 211
internal_value=-0.000742807 -0.0113796 -0.0358705 0.0628509 -0.0042873 0.028063 -0.0324399 -0.010586 0.181713 0.00148295 0.0020224 0.0718963 -0.0403383 -0.000417519 0.000853782 0.00576413 -0.0309401 0.0199551 0.00394563 -0.0113791 -0.0932366 0.0220726 -0.0977696 0.074697 0.0152698 0.0960995 -0.0992238 -0.0903487 -0.104408 0.114519
internal_weight=233.552 200.085 70.7665 33.4667 45.6395 21.2365 24.403 18.7188 3.13192 18.1046 129.319 4.3633 1.20096 124.955 123.666 107.122 16.5443 15.5801 12.0547 10.3359 25.127 7.26038 24.1194 3.52543 1.00764 1.71881 23.9591 3.07551 5.68414 3.16234
internal_count=54720 45070 33452 9650 4817 1499 3318 2061 87 1412 11618 277 61 11341 11308 10776 532 1148 353 304 28635 263 28593 795 42 49 28591 41 1257 216
is_linear=0
shrinkage=0.1


Tree=60
num_leaves=31
num_cat=0
split_feature=4 8 4 2 2 1 2 4 8 2 3 4 7 7 2 1 12 4 3 4 2 8 5 10 11 5 10 7 10 4
split_gain=13.7255 5.6826 11.8909 5.20217 3.46077 7.53201 3.57583 3.50718 2.70829 2.41509 1.92865 1.8761 1.86859 1.69513 5.24751 8.6463 4.28478 5.22268 3.31977 3.10039 1.22797 1.53567 1.22349 1.64056 1.00067 0.917398 1.07491 0.785077 0.717624 0.265565
threshold=0.46318879855465228 21.500000000000004 0.1178513071895425 0.26365441906653431 0.16152751423149908 0.10555555555555557 1.0000000180025095e-35 0.25108695652173918 3.5000000000000004 0.20766968880176431 0.36602870813397131 0.42146381578947373 27.500000000000004 21.500000000000004 0.20550527903469082 0.095454545454545472 1.0000000180025095e-35 0.07278747742323903 0.22902097902097904 0.38729838709677428 0.52440476190476204 1.5000000000000002 0.58571428571428574 3.5000000000000004 1.0000000180025095e-35 0.21111111111111114 5.5000000000000009 9.5000000000000018 3.5000000000000004 0.10726270373921382
decision_type=2 2 2 2 2 2 2 2 2 2 2 2 2 2 2 2 2 2 2 2 2 2 2 2 2 2 2 2 2 2
left_child=1 2 20 22 6 9 7 -4 -7 -6 13 -12 -13 14 18 -16 17 -15 -3 -18 -1 29 23 -2 -23 27 -27 -25 -24 -22
right_child=3 10 4 -5 5 8 -8 -9 -10 -11 11 12 -14 16 15 -17 19 -19 -20 -21 21 24 28 25 -26 26 -28 -29 -30 -31
leaf_value=-0.10078176475336775 0.094290432244830913 -0.073998912962619276 -0.063477252881092655 0.10019489669224227 0.32938408418482895 0.060467061158768022 -0.10354674512149958 0.025252132602760692 -0.024003273675928243 0.12112439784735494 0.11284462456492626 0.094941622122223304 -0.15424762457122682 -0.10499263614267705 0.22980816953378583 0.0011696221768169347 -0.007317722059900382 0.099546997069656612 0.013580674265637943 -0.270673629474739 0.033712945538658147 -0.10406831088281294 -0.0060236671663968528 -0.099193283868028601 0.1102331785847577 -0.007305806615595949 0.10148207146783739 -0.015157746047767812 0.10053381635358156 0.15665452408113228
leaf_weight=20.337317820987668 1.7102538209874207 15.53185300785117 7.3458467770833584 16.18755357246846 0.7441170047968656 5.4245748921530348 5.1844745725975363 11.318814596626906 12.640102240431586 2.2123686918057501 2.9012454707408315 0.57469296338967957 0.63169097620993853 1.4499783972278244 1.6888109916471865 80.205063911154866 10.389222332276402 8.9776030127541144 6.0001811210531732 0.46712172776460725 0.33409663120983113 1.6062600427540017 0.85522407991811578 1.5884353434666971 0.25208792090415943 3.6425805506296456 1.2099533942528067 3.7040358567610383 2.4216032680124044 0.37059666216373444
leaf_count=28081 30 5471 1778 8502 7 389 1257 283 1023 80 216 49 12 342 25 4650 534 233 81 5 69 480 29 20 3 61 197 45 766 2
internal_value=-0.000692403 -0.0104876 -0.0339279 0.0607907 -0.00400329 0.0255779 -0.0300768 -0.00966907 0.00136201 0.173541 0.00184422 0.0692651 -0.0355397 -0.000376459 -0.00566533 0.00588459 0.025324 0.0711053 -0.0495937 -0.0186493 -0.0925612 -0.0273321 0.018638 0.00368868 -0.074998 -0.011585 0.0198199 -0.0403794 0.0727232 0.0983677
internal_weight=227.908 196.588 67.7707 31.3196 44.8703 21.0212 23.8491 18.6647 18.0647 2.95649 128.817 4.10763 1.20638 124.71 103.426 81.8939 21.2839 10.4276 21.532 10.8563 22.9004 2.56304 15.1321 11.8553 1.85835 10.145 4.85253 5.29247 3.27683 0.704693
internal_count=54720 45070 33452 9650 4817 1499 3318 2061 1412 87 11618 277 61 11341 10227 4675 1114 575 5552 539 28635 554 1148 353 483 323 258 65 795 71
is_linear=0
shrinkage=0.1


Tree=61
num_leaves=31
num_cat=0
split_feature=4 5 4 2 1 4 11 7 2 1 3 2 4 7 7 7 8 8 3 8 4 4 7 2 7 2 2 8 3 4
split_gain=11.9179 5.25307 7.42545 5.03385 2.02371 1.8386 2.40924 1.77557 3.26032 12.8528 3.92076 3.05586 3.84239 1.48356 1.21803 1.98118 1.98617 1.8541 1.33275 1.10351 1.93587 2.16295 0.945104 0.825218 1.06014 0.556653 0.254614 0.226509 0.200972 0.120962
threshold=0.46318879855465228 0.30952380952380959 0.10188133993866479 0.26365441906653431 0.61250000000000016 0.098287470725995321 1.0000000180025095e-35 15.500000000000002 0.14017543859649126 0.087121212121212141 0.19615384615384621 0.35781671159029654 0.07278747742323903 2.5000000000000004 2.5000000000000004 12.500000000000002 1.0000000180025095e-35 4.5000000000000009 0.6043478260869567 52.500000000000007 0.13993006993006998 0.14328485885372114 14.500000000000002 0.20611577964519143 22.500000000000004 0.84105263157894739 0.40161290322580651 18.500000000000004 0.14907407407407411 0.50280898876404512
decision_type=2 2 2 2 2 2 2 2 2 2 2 2 2 2 2 2 2 2 2 2 2 2 2 2 2 2 2 2 2 2
left_child=1 2 25 14 7 6 -6 8 10 -10 -3 12 -9 -8 27 16 -16 -18 22 20 -4 -22 -17 24 -21 -1 -13 29 -25 -2
right_child=3 4 19 -5 5 -7 13 11 9 -11 -12 26 -14 -15 15 18 17 -19 -20 23 21 -23 -24 28 -26 -27 -28 -29 -30 -31
leaf_value=-0.10006753288609019 0.16332575433816668 -0.093111537519754928 -0.10142448645351095 0.10017631871741875 -0.095556087281426477 0.10105777776106738 0.10352441785652532 -0.07492995997055972 0.1898327289670676 -0.0096312961095936008 -0.0081264631444896793 0.18602622891475479 0.024398408397267105 0.010811434665572179 0.11602326148258635 0.096890558034620697 -0.13407272125364733 -0.0058148495368468018 0.1010326481809605 -0.10555534199393493 0.14800531053364982 -0.016868616225743531 -0.010038106237549442 0.11436817337204158 0.028962957648019733 0.063588816456326649 0.11068412676605127 0.019339312558374844 0.049722070958895692 0.094870416769845464
leaf_weight=14.520035831257697 0.33040283806622284 9.4939728082972596 2.6370813537505517 14.649682706454767 1.6429766148794414 3.3176669880049294 2.391260146163404 4.6243845661520089 3.374228910310193 75.838088556192815 12.677360418252645 0.73504783882526581 24.675793650036212 6.2032018443569541 0.69865372334606757 1.0272274930030105 2.0961829402949661 2.4380136984400451 2.3801735565066338 0.74311083287466262 0.82500285457354294 22.39239268831443 4.2320575173944235 0.95997460337821372 2.7688005508389324 0.21085330564528781 1.1507858604891223 0.33849500352516759 0.96361331781372428 1.1800034353509543
leaf_count=25270 6 5832 2264 8502 35 864 175 1888 117 4445 424 13 831 160 50 16 44 75 752 75 184 2350 100 20 34 28 36 9 25 96
internal_value=-0.000650876 -0.00971946 -0.0391824 0.0586762 -0.000440339 0.0363626 0.0153967 -0.0042034 -0.010622 -0.00113467 -0.0445179 0.0166631 0.00872162 0.0366072 0.0173777 0.00647627 -0.0409256 -0.0651091 0.0389454 -0.0116214 -0.020232 -0.01101 0.0108469 0.0293362 0.000499254 -0.097725 0.14005 0.0932754 0.081984 0.109845
internal_weight=221.517 192.146 46.0209 29.3709 146.125 13.5551 10.2374 132.57 101.384 79.2123 22.1713 31.186 29.3002 8.59446 14.7212 12.8723 5.23285 4.5342 7.63946 31.29 25.8545 23.2174 5.25929 5.4355 3.51191 14.7309 1.88583 1.8489 1.92359 1.51041
internal_count=54720 45070 30250 9650 14820 1234 370 13586 10818 4562 6256 2768 2719 335 1148 1037 169 119 868 4952 4798 2534 116 154 109 25298 49 111 45 102
is_linear=0
shrinkage=0.1


Tree=62
num_leaves=31
num_cat=0
split_feature=3 1 3 11 1 2 2 5 10 8 2 7 2 9 3 2 4 9 4 1 10 4 5 5 8 7 3 3 1 8
split_gain=10.5215 4.48432 6.82338 6.49786 4.23535 7.99185 6.9522 3.7735 3.63985 3.97443 3.282 3.13789 3.20216 3.16012 2.96082 2.82597 2.71956 2.62452 4.9507 3.5532 2.49395 1.96061 9.21241 1.72993 1.12832 1.09621 0.558347 0.0615514 0.0424258 0.0282604
threshold=0.47213622291021679 0.34848484848484856 0.12310606060606062 1.0000000180025095e-35 0.069047619047619066 0.13221420643729193 1.0000000180025095e-35 0.58571428571428574 2.5000000000000004 50.500000000000007 0.21103238866396765 1.5000000000000002 0.39811320754716989 1.5000000000000002 0.36038961038961043 0.20864427860696519 0.37066905615292717 2.5000000000000004 0.31843156843156845 0.5634920634920636 6.5000000000000009 0.12778327560613559 0.92857142857142871 0.63333333333333341 12.500000000000002 1.0000000180025095e-35 0.16064516129032261 0.53137254901960795 0.41428571428571431 73.500000000000014
decision_type=2 2 2 2 2 2 2 2 2 2 2 2 2 2 2 2 2 2 2 2 2 2 2 2 2 2 2 2 2 2
left_child=1 2 3 21 5 6 -4 16 9 -6 15 12 -5 -13 -10 20 17 18 -3 -19 23 25 -23 24 -2 -1 -7 -22 -9 -30
right_child=10 7 4 11 8 26 -8 28 14 -11 -12 13 -14 -15 -16 -17 -18 19 -20 -21 27 22 -24 -25 -26 -27 -28 -29 29 -31
leaf_value=0.014148200486964004 0.0030855779420447785 0.033398764346544825 0.010221792184677621 -0.043684308039658483 -0.0094094752032915056 0.23292085357455608 -0.11154449752204978 0.057880396390220336 -0.11113633937324752 0.31979860546783656 0.10023967417761935 0.014176415241267613 0.1417012035637282 -0.08688927699826586 0.069368525829194769 -0.33844493696411981 0.10073570172539154 -0.06515014083200811 -0.22436392088575718 0.0018163233985316919 0.13642413959570315 -0.041644001854107958 0.96192597253363066 0.10473511906490229 -0.095357453095435307 -0.10010906807407785 0.12320362039802178 0.10170537151982142 0.10636490236612013 0.067104812723516913
leaf_weight=0.87450089896447636 4.3975273533724248 26.037172051583187 49.435454200138338 1.4803998350398644 4.243155757605563 0.52300678874598716 5.1801988889346822 0.20531134423799713 7.8441237449878809 0.40141217620111991 11.927828465355558 7.3001586333848518 2.5139730591326952 5.3693910551955923 1.0277980549726633 0.21155578386969942 2.8582167874556026 10.278429764730388 0.76707175932824512 34.579057560447836 0.66431206394918296 3.2626652513863514 0.094108180725015589 1.2892255185870451 1.5835632905364034 21.102854629745707 4.0989589422242716 2.207342132460326 3.8278810845222324 0.19257133617065836
leaf_count=1220 81 1937 2406 92 455 7 626 22 529 10 7340 744 13 113 82 6 985 976 36 1354 11 1566 30 144 24 31829 201 699 1163 19
internal_value=-0.000590596 -0.0080838 -0.0206946 -0.0527893 -0.00216762 0.0093576 -0.00132753 0.0102933 -0.0526783 0.0190427 0.0644826 -0.00429009 0.0729934 -0.0286555 -0.0902251 0.0232885 0.00508047 0.00126527 0.0260222 -0.0135281 0.0308341 -0.0846905 -0.0135086 -0.000331273 -0.0229784 -0.0955627 0.135619 0.109737 0.10222 0.104484
internal_weight=215.779 193.498 114.752 41.9981 72.7541 59.2376 54.6157 78.7457 13.5165 4.64457 22.2814 16.6639 3.99437 12.6695 8.87192 10.3535 74.5199 71.6617 26.8042 44.8575 10.142 25.3341 3.35677 7.27032 5.98109 21.9774 4.62197 2.87165 4.22576 4.02045
internal_count=54720 46415 39923 35607 4316 3240 3032 6492 1076 465 8305 962 105 857 611 965 5288 4303 1973 2330 959 34645 1596 249 105 33049 208 710 1204 1182
is_linear=0
shrinkage=0.1


Tree=63
num_leaves=31
num_cat=0
split_feature=3 5 4 2 1 2 5 12 8 8 4 8 3 4 2 10 2 10 4 2 4 11 9 3 4 8 4 2 5 3
split_gain=9.1987 3.90315 6.65025 3.1888 2.13742 2.14295 2.07211 1.99806 1.7523 1.59649 1.59294 3.09568 2.74028 1.55869 1.4825 2.31468 2.0238 1.45384 1.19586 0.507176 0.397784 2.00908 0.07877 0.025692 0.0029775 0.000342651 0.000320117 7.90411e-05 3.57498e-05 3.13088e-05
threshold=0.47213622291021679 0.21111111111111114 0.10188133993866479 0.21103238866396765 0.81666666666666676 0.89039039039039047 0.58571428571428574 1.0000000180025095e-35 117.50000000000001 80.500000000000014 0.30289129830414241 31.500000000000004 0.24068965517241384 0.16929280397022337 0.026491228070175444 5.5000000000000009 0.057417582417582429 3.5000000000000004 0.72283192174639155 0.84105263157894739 0.066852886405959044 1.0000000180025095e-35 3.5000000000000004 0.53137254901960795 0.46318879855465228 25.500000000000004 0.10914315569487985 0.26365441906653431 0.30952380952380959 0.097167584579071611
decision_type=2 2 2 2 2 2 2 2 2 2 2 2 2 2 2 2 2 2 2 2 2 2 2 2 2 2 2 2 2 2
left_child=1 2 19 6 5 8 14 10 9 -3 11 -4 -12 22 15 -2 -16 -15 -18 -1 21 -6 -9 -17 -8 -23 -22 28 -5 -28
right_child=3 4 7 27 20 -7 24 13 -10 -11 12 -13 -14 17 16 23 18 -19 -20 -21 26 25 -24 -25 -26 -27 29 -29 -30 -31
leaf_value=-0.10005586915341236 -0.024052566250358516 -0.0038878451040833895 -0.054786058454141619 0.10284505898537355 -0.08572547535714925 -0.29320775733885179 0.10783174383348798 -0.10202606522638431 -0.17572127448900102 0.033690284278475285 0.13558586894192839 0.057002514629090534 0.0031663149142647663 0.0034945119158066142 -0.17487182520316014 0.12784527252367037 0.10961442216231634 -0.066852699991376746 -0.085993910660339845 0.056895061020801475 0.10488392222354002 0.1051708869763935 -0.16258450580698766 0.10401189723819906 0.10041954244571244 0.10115642363802749 0.10284285819483763 0.1001553043051719 0.10093912494220827 0.10026048007229248
leaf_weight=11.724899347143943 3.4280219422653335 127.20688328481629 6.3440689565904922 0.1298743486404409 0.84185901004820984 0.25188066333066572 0.8272683774121109 2.3145425906404848 0.57339355652220447 12.408499405602923 2.4525839288253328 4.0641473296564072 4.3073465414345264 8.1065527217579056 1.0302017098292711 0.72809157473966468 0.64204424503259339 4.607593558728694 0.60899072978645563 0.20956773799844164 0.16832720348611507 0.24677026923745882 0.23676009476184834 1.1940805256599558 1.5713373220060018 1.5362184061668811 0.048211041837930568 10.258897850406354 0.40627461660187691 1.7934982944279907
leaf_count=24700 38 15035 1798 5 9 16 22 1715 11 259 105 267 322 784 10 12 21 263 20 28 11 13 1 178 664 161 2 7218 117 915
internal_value=-0.00058624 -0.00752097 -0.0334765 0.0624982 0.000416935 -0.00178813 0.0219024 -0.00999163 -0.00126453 -0.00054804 0.0134129 -0.0111354 0.0512097 -0.0363133 -0.00357948 0.0252008 -0.0710779 -0.0219992 0.0143943 -0.0972998 0.067232 0.0415958 -0.107646 0.11304 0.102976 0.101712 0.10071 0.100217 0.101401 0.100328
internal_weight=210.269 189.444 44.3681 20.8251 145.076 140.441 10.03 32.4336 140.189 139.615 17.1681 10.4082 6.75993 15.2654 7.63143 5.35019 2.28124 12.7141 1.25103 11.9345 4.63488 2.62485 2.5513 1.92217 2.39861 1.78299 2.01004 10.795 0.536149 1.84171
internal_count=54720 46415 29983 8305 16432 15321 965 5255 15305 15294 2492 2065 427 2763 279 228 51 1047 41 24728 1111 183 1716 190 686 174 928 7340 122 917
is_linear=0
shrinkage=0.1


Tree=64
num_leaves=31
num_cat=0
split_feature=3 2 8 4 10 2 4 2 2 8 1 5 4 8 8 7 7 2 10 2 4 4 3 11 4 7 3 4 4 3
split_gain=8.05949 3.65483 3.84991 9.49573 3.69757 3.04382 2.69908 2.4373 2.41121 2.0897 1.97196 1.88538 1.40737 2.14425 3.85555 3.68571 1.68014 1.24729 2.06936 1.73204 1.02129 0.684554 0.652444 0.227532 0.213711 0.0298828 0.0188063 0.00802664 0.00220136 0.000454211
threshold=0.47213622291021679 0.77207792207792225 21.500000000000004 0.1178513071895425 5.5000000000000009 0.21103238866396765 0.37066905615292717 0.75277777777777788 0.73401360544217698 69.500000000000014 0.68333333333333346 0.58571428571428574 0.18225524475524477 33.500000000000007 30.500000000000004 2.5000000000000004 4.5000000000000009 0.026491228070175444 5.5000000000000009 0.057417582417582429 0.72283192174639155 0.14644659377628261 0.31698564593301443 1.0000000180025095e-35 0.43613053613053615 3.5000000000000004 0.53137254901960795 0.086057110304066098 0.46318879855465228 0.21980676328502416
decision_type=2 2 2 2 2 2 2 2 2 2 2 2 2 2 2 2 2 2 2 2 2 2 2 2 2 2 2 2 2 2
left_child=1 2 3 22 6 11 -5 8 10 -9 -4 17 13 14 16 -16 -3 18 -2 -19 -21 27 23 -1 -6 -10 -20 -15 -13 -14
right_child=5 12 7 4 24 -7 -8 9 25 -11 -12 28 29 21 15 -17 -18 19 26 20 -22 -23 -24 -25 -26 -27 -28 -29 -30 -31
leaf_value=-0.099707054245436105 -0.021541146279881049 0.060733876834850743 -0.0015034597551667986 -0.016583713413864148 -0.19815200268249375 0.1001965543691815 0.040684430717176333 -0.01045976985465126 0.10530644906861733 -0.23005445650506151 0.10475111635167089 0.10706465582529051 0.10303490268200066 0.10109673532029761 -0.041877646935497698 -0.45517784147563189 -0.12372563340134952 -0.16469963906294344 0.1249455742080815 0.10870166997422892 -0.074832514932112335 -0.032205573317400787 0.11516405795579604 0.035753383369476401 -0.12385836331785599 0.13214394807832164 0.10366595491077629 0.11611303050289129 0.1003798247620948 0.10043581796799972
leaf_weight=15.809455079026518 3.4440229022875446 2.7187124752090299 111.96853888797341 30.289305035606958 0.71346732834353932 9.7696688321884704 11.300126783200538 0.8889226151513856 0.73251759400591143 0.84556946903467178 1.7743140952661622 0.75363266142085228 0.90407767891883883 2.4098377386690126 0.54345341760199506 0.3578460649587214 0.60338134673656885 0.98672733688727055 0.67330626444891084 0.58557485672645249 0.62871776008978486 0.42932924255728711 0.14401238691061813 0.12497921532485712 0.84666200412902981 0.95684836077271029 1.0838712974218649 0.41765956371091295 1.4223387885140253 2.6236648643389344
leaf_count=28565 38 149 10886 3876 35 7340 1061 41 29 12 80 22 108 153 35 14 11 10 12 21 20 24 2 14 11 24 178 19 664 1266
internal_value=-0.00052371 -0.00686765 -0.0103563 -0.0311351 -0.00669326 0.0609235 -0.00102358 0.000147455 0.00191542 -0.117513 0.000154042 0.0208652 0.0490353 0.0244803 -0.0225359 -0.205972 0.0272311 -0.00318961 0.0235136 -0.0662916 0.0136742 0.0854499 -0.0967295 -0.0986446 -0.157834 0.120507 0.11182 0.103315 0.102695 0.101102
internal_weight=206.751 187.403 176.395 59.228 43.1496 19.3479 41.5894 117.167 115.432 1.73449 113.743 9.57819 11.008 7.48022 4.22339 0.901299 3.32209 7.40222 5.2012 2.20102 1.21429 3.25683 16.0784 15.9344 1.56013 1.68937 1.75718 2.8275 2.17597 3.52774
internal_count=54720 46415 44636 33564 4983 8305 4937 11072 11019 53 10966 965 1779 405 209 49 160 279 228 51 41 196 28581 28579 46 53 190 172 686 1374
is_linear=0
shrinkage=0.1


Tree=65
num_leaves=31
num_cat=0
split_feature=3 5 4 2 10 4 7 2 10 2 2 8 1 12 4 8 8 5 8 4 2 8 2 7 3 8 3 1 2 4
split_gain=7.04931 3.24788 5.73143 2.90347 1.94503 1.84873 2.0188 1.75344 1.87656 1.733 1.67695 2.21582 1.97033 1.60456 1.30376 2.54338 2.19869 1.18855 0.993388 0.81781 1.59668 0.426925 0.405389 0.091471 0.0746816 0.0679586 0.0238426 0.00487039 0.0020902 0.00087659
threshold=0.47213622291021679 0.18333333333333338 0.10188133993866479 0.21103238866396765 3.5000000000000004 0.45049019607843144 25.500000000000004 0.20864427860696519 6.5000000000000009 0.77207792207792225 0.75277777777777788 36.500000000000007 0.68333333333333346 1.0000000180025095e-35 0.066852886405959044 33.500000000000007 30.500000000000004 0.63333333333333341 12.500000000000002 0.2228132387706856 0.31622807017543864 1.5000000000000002 0.84105263157894739 3.5000000000000004 0.075498575498575513 12.500000000000002 0.53137254901960795 0.64583333333333337 0.80810147299509005 0.30289129830414241
decision_type=2 2 2 2 2 2 2 2 2 2 2 2 2 2 2 2 2 2 2 2 2 2 2 2 2 2 2 2 2 2
left_child=1 2 22 7 5 6 -4 8 17 10 12 27 13 -3 15 16 -11 18 -2 23 -21 -7 -1 -6 -16 -14 -10 -12 -17 -19
right_child=3 9 4 -5 19 21 -8 -9 26 14 11 -13 25 -15 24 28 -18 29 -20 20 -22 -23 -24 -25 -26 -27 -28 -29 -30 -31
leaf_value=-0.10004834869916622 0.0089879939493796648 0.0079925071487081077 -0.02088513168392175 0.10017804970114791 -0.14261034814888196 -0.012787079164054483 0.053221320859798721 -0.24030800880410097 0.12552862649878282 0.022294923595234779 0.080423032219851434 -0.15709514760116339 0.050338434648404373 -0.014157524240506146 0.15731637557066691 0.095838306328585407 -0.15668041027108592 0.1092391958444917 -0.084594684629007891 -0.055793512097377485 0.075555507757286977 0.1150603348127348 0.043333642985638625 -0.09459167624092446 0.10058407325618131 0.10445240135734533 0.10129913461826329 0.10271049151077867 0.10309367232972688 0.10193396347161339
leaf_weight=9.7403503461973706 4.1799182374961674 72.850469624885591 15.744929188687829 8.8415118410484848 0.59204232145566305 0.30714218469802235 4.7957283887080839 0.25195430405438024 0.53665647422894869 1.9381779772229486 0.14220054051838715 1.4231439044233409 0.26726479409262482 59.346724153903779 0.25888339988887343 0.52503641182556782 1.0627807313576338 0.20989100262522686 1.5567543816287068 5.729532124241814 1.1037611461943013 1.7460930054076014 0.20126373111270446 1.2023252630606291 2.2373466632561758 1.7625115667469797 1.669799073715694 0.31578954751603305 1.6291845086961982 0.75552924873773009
leaf_count=24411 81 7871 4062 7340 61 53 249 6 11 85 19 30 111 7186 2 16 43 3 24 170 132 278 28 204 1133 96 699 55 120 141
internal_value=-0.000437015 -0.00625231 -0.0310191 0.0592996 -0.00996293 0.00546071 -0.00358313 0.0198446 0.0272023 0.000839245 -0.00176397 -0.0955264 -0.000449928 -0.00195121 0.0471468 0.0184226 -0.0410887 0.000868139 -0.0164074 -0.050354 -0.0345771 0.0959357 -0.0971456 -0.110435 0.106468 0.0973271 0.107192 0.0957905 0.101325 0.103522
internal_weight=202.925 184.923 41.1632 18.002 31.2216 22.5939 20.5407 9.1605 8.90855 143.76 136.108 1.88113 134.227 132.197 7.65141 5.15518 3.00096 6.70209 5.73667 8.62766 6.83329 2.05324 9.94161 1.79437 2.49623 2.02978 2.20646 0.45799 2.15422 0.96542
internal_count=54720 46415 29648 8305 5209 4642 4311 965 959 16767 15368 104 15264 15057 1399 264 128 249 105 567 302 331 24439 265 1135 207 710 74 136 144
is_linear=0
shrinkage=0.1


Tree=66
num_leaves=31
num_cat=0
split_feature=3 1 1 2 4 2 2 2 12 4 3 9 2 1 8 2 7 2 1 2 2 7 4 7 5 2 3 10 7 4
split_gain=6.13169 3.35062 10.3734 13.931 8.5918 6.66044 5.89313 4.88199 9.30757 4.78409 3.58083 3.15724 6.00548 5.33898 4.26523 3.22962 2.53432 2.53085 1.83052 1.45831 2.76447 1.32527 0.957453 0.933999 0.555789 1.2382 0.529637 0.466966 0.235193 0.124345
threshold=0.5590277777777779 0.31666666666666671 1.0000000180025095e-35 0.16152751423149908 0.13212968987204513 1.0000000180025095e-35 0.35781671159029654 0.36140661938534285 1.0000000180025095e-35 0.07278747742323903 0.37980769230769235 1.5000000000000002 0.2958754208754209 0.34848484848484856 51.500000000000007 0.37617924528301894 1.5000000000000002 0.29061583577712619 0.23611111111111113 0.21244358478401035 0.029631255487269536 3.5000000000000004 0.42146381578947373 8.5000000000000018 0.30952380952380959 0.044610281923714766 0.44949494949494956 2.5000000000000004 14.500000000000002 0.536811201445348
decision_type=2 2 2 2 2 2 2 2 2 2 2 2 2 2 2 2 2 2 2 2 2 2 2 2 2 2 2 2 2 2
left_child=1 2 3 5 -5 9 26 8 -8 -1 11 12 14 15 -3 -13 -14 -15 -9 20 23 -22 -7 -2 -23 -26 27 -4 -6 -25
right_child=19 10 6 4 28 22 7 18 -10 -11 -12 13 16 17 -16 -17 -18 -19 -20 -21 21 24 -24 29 25 -27 -28 -29 -30 -31
leaf_value=-0.10195461106394295 0.0094171039466320623 0.11829410278784627 -0.08992158386001442 0.60028317931408126 0.11298044257666423 -0.11058690603330119 -0.10207023920486813 -0.1178741702600213 1.576429951302174 0.0082562916531731898 0.10240095228279289 -0.12019131211338113 0.084746632770534458 0.086664554361369592 0.42265490276225476 -0.0032469766805899311 -0.041772438490839565 0.0029144403137596874 0.072573621943633732 0.10014949122142665 0.10584082573573078 -0.19443548620435444 0.042419666195000011 0.15881123345681336 -0.16948073342231798 0.10105535114990134 0.10387290176215579 -0.12587760816798277 0.16876164576621891 0.10313437085402646
leaf_weight=4.2467752053635186 1.2901157741434857 2.4226809017127366 14.50448481258355 0.42580852936953206 2.9182954471325506 6.8076296652434385 0.074185015284455758 0.66440491456887718 0.059560010762652382 54.290061373088975 3.8831175875384352 5.6832807687751465 2.5402361135638785 3.808983618306228 0.5684699575358535 4.0404110177187249 4.2025922161992639 68.465825562539976 2.0994606228778139 6.6723029313143343 0.31296432786621142 0.59637609124183633 0.43511531315743912 0.51117369160056148 0.43179728905670345 0.27815926901530474 0.12970900943037023 4.8096743609930845 1.020084556774236 1.8632291676476596
leaf_count=4968 36 335 21149 49 253 4157 28 255 16 5199 2175 1592 188 546 8 555 341 4772 436 6238 29 3 9 26 4 100 7 549 20 677
internal_value=-0.000370066 -0.00478387 -0.0183544 0.00054668 0.173564 -0.0109323 -0.0776965 0.0553454 0.645408 0.000260627 0.00834234 0.00436075 0.0582064 -0.00203122 0.176138 -0.0715983 0.00589129 0.00732819 0.0267919 0.0690706 0.0298247 -0.0789874 -0.101395 0.0779072 -0.123268 -0.0634853 -0.0975229 -0.0988755 0.127428 0.115121
internal_weight=200.057 188.101 92.4852 70.1438 4.36419 65.7796 22.3415 2.89761 0.133745 58.5368 95.6156 91.7325 9.73398 81.9985 2.99115 9.72369 6.74283 72.2748 2.76387 11.9561 5.28382 1.6193 7.24274 3.66452 1.30633 0.709957 19.4439 19.3142 3.93838 2.3744
internal_count=54720 47607 37095 14655 322 14333 22440 735 44 10167 10512 8337 872 7465 343 2147 529 5318 691 7113 875 136 4166 739 107 104 21705 21698 273 703
is_linear=0
shrinkage=0.1


Tree=67
num_leaves=31
num_cat=0
split_feature=3 2 5 4 7 1 1 4 4 4 1 2 4 8 8 10 2 2 9 7 7 4 5 2 11 4 1 7 3 4
split_gain=5.44518 3.02213 2.96148 4.80016 1.65877 2.56074 2.31565 3.48476 2.44077 2.08604 1.57423 7.84312 1.4741 1.67001 1.99696 1.45917 1.39559 2.38043 1.14204 1.13306 0.898392 0.620381 0.442996 1.04985 0.114611 0.0954868 0.00805577 0.00250892 0.000390799 0.000151231
threshold=0.5590277777777779 0.77207792207792225 0.18333333333333338 0.10188133993866479 9.5000000000000018 0.5634920634920636 0.31666666666666671 0.23979166666666671 0.35450268817204306 0.066852886405959044 0.72077922077922085 0.63944444444444459 0.18225524475524477 33.500000000000007 32.500000000000007 3.5000000000000004 0.21244358478401035 0.029631255487269536 3.5000000000000004 3.5000000000000004 8.5000000000000018 0.14644659377628261 0.30952380952380959 0.044610281923714766 1.0000000180025095e-35 0.536811201445348 0.61250000000000016 10.500000000000002 0.21980676328502416 0.27151675485008825
decision_type=2 2 2 2 2 2 2 2 2 2 2 2 2 2 2 2 2 2 2 2 2 2 2 2 2 2 2 2 2 2
left_child=1 2 3 -1 6 9 7 -4 -8 -6 15 -12 13 14 18 -5 17 20 -3 -19 -2 26 -21 -24 -7 -22 -15 -27 29 -14
right_child=16 12 4 10 5 24 8 -9 -10 -11 11 -13 28 21 -16 -17 -18 19 -20 22 25 -23 23 -25 -26 27 -28 -29 -30 -31
leaf_value=-0.1000418412434935 0.0085092190832252602 -0.030511822971430791 -0.063111031292702055 0.0041645762266826532 -0.02750461838153458 0.068707289213560022 -0.0032615537681524366 0.020875363368010248 0.1031645063656715 0.02027915116470607 -1.0365077192701497 0.10315036472776351 0.10369585897527174 0.090692469077108095 -0.18771421913891884 -0.044118754130038129 0.10013539805809313 0.10529850144000495 0.084490079990662562 -0.17961424259149589 0.15350534382896619 -0.029318981060500654 -0.15733275383690129 0.10095640501327777 0.12343547017076904 0.11120856239911568 0.10468637540111853 0.10109002401996597 0.10033410880371119 0.10063657996884989
leaf_weight=8.2406129161827248 1.2852562257321536 2.4779135062417468 15.669528294325575 19.583830747113105 12.183369141304864 0.47395618073642176 60.560098337155068 7.2151097102323538 2.2344249573652624 36.527885071991477 0.08730140794068475 0.19586960470769554 0.58338882378302548 0.52882450964534733 0.5931254606693982 9.1992170849989616 6.0381561612593941 0.28456606704276044 1.3254023976041933 0.58175140619277932 0.47769923543091897 0.42701267055235792 0.41927157645113766 0.25192305480595678 1.9863701947033405 0.2973736433777957 1.8520765214343553 1.3926517118234185 2.6426073020556942 0.22348595585208386
leaf_count=24376 36 127 6589 4346 4274 106 1720 262 1004 1955 7 51 51 23 15 557 6238 29 67 3 26 24 4 100 25 14 149 663 1822 57
internal_value=-0.000463128 -0.00453648 -0.0076993 -0.0326747 -0.000890754 0.0133552 -0.00939912 -0.0366317 0.000525417 0.00832776 -0.0135754 -0.248205 0.0471658 0.021427 -0.0170502 -0.011267 0.0677956 0.0286668 0.00956473 -0.0748341 0.0747527 0.081672 -0.115745 -0.0603877 0.112893 0.114029 0.101578 0.10287 0.100922 0.102849
internal_weight=195.84 184.811 174.158 37.3068 136.851 51.1716 85.6792 22.8846 62.7945 48.7113 29.0662 0.283171 10.6538 7.20436 4.39644 28.783 11.0286 4.99049 3.80332 1.53751 3.45298 2.80791 1.25295 0.671195 2.46033 2.16772 2.3809 1.69003 3.44948 0.806875
internal_count=54720 47607 45272 29337 15935 6360 9575 6851 2724 6229 4961 58 2335 405 209 4903 7113 875 194 136 739 196 107 104 131 703 172 677 1930 108
is_linear=0
shrinkage=0.1


Tree=68
num_leaves=31
num_cat=0
split_feature=3 12 4 3 8 2 3 10 11 2 2 1 9 10 8 8 2 8 1 4 2 2 2 8 2 2 8 3 7 8
split_gain=4.80817 2.73742 3.42068 4.20076 3.31157 3.26971 3.00966 5.41959 3.99558 2.95514 7.88868 2.75187 3.13717 2.56368 2.52787 3.88778 3.32646 5.32297 5.03648 2.96669 2.20506 1.33436 1.83283 1.39385 1.33331 2.05113 1.20221 1.1077 0.97521 0.901944
threshold=0.5590277777777779 1.0000000180025095e-35 0.30289129830414241 0.24068965517241384 26.500000000000004 0.62645348837209314 0.069366479550922219 1.5000000000000002 1.0000000180025095e-35 0.16152751423149908 0.16247642991829042 0.41428571428571431 1.5000000000000002 2.5000000000000004 8.5000000000000018 2.5000000000000004 0.50471698113207564 68.500000000000014 0.58571428571428574 0.25108695652173918 0.6195238095238097 0.85239651416122009 0.85880398671096347 101.50000000000001 0.21244358478401035 0.029631255487269536 32.500000000000007 0.19615384615384621 3.5000000000000004 7.5000000000000009
decision_type=2 2 2 2 2 2 2 2 2 2 2 2 2 2 2 2 2 2 2 2 2 2 2 2 2 2 2 2 2 2
left_child=1 2 4 13 9 14 8 -8 -6 27 -11 12 -5 -4 15 19 18 -18 -16 -3 -17 23 -23 29 25 -2 -24 -1 -27 -7
right_child=24 5 3 11 6 21 7 -9 -10 10 -12 -13 -14 -15 16 20 17 -19 -20 -21 -22 22 26 -25 -26 28 -28 -29 -30 -31
leaf_value=-0.10129571852666962 0.071584098978209526 -0.058269989566740843 0.10701319679726928 0.0095369301763714928 -0.10871569725943223 -0.023663730158545185 0.22955970269123538 0.027448405730614234 0.0044287684824736049 0.8739897783657522 -0.0093921336969380008 0.1011678057835908 -0.24694424938157566 0.33312829835989433 -0.013833265619705895 -0.095394781392805453 -0.027698089343925134 -0.20111389713675978 0.11721968541808921 0.10902137099434957 -0.45790087887442898 -0.2709712143733069 0.056211040512048983 -0.1176201838751388 0.10012261782368215 0.10480522278615623 -0.095264013290014715 -0.033576047661081271 -0.10936091446817844 0.088236466630202862
leaf_weight=5.9678757840301859 3.2600966827012581 2.47976106009446 2.7573576790164256 9.3835964302998001 3.4549846957088439 0.82972778216935505 1.4140645839797823 21.483820254477905 32.300905025214888 0.10181242931866918 14.243146395398069 3.3677025631186543 0.50243554572807703 0.61287412955425669 47.406723481675726 8.6618271532643085 7.2719863523961958 2.3394361905520782 3.1258231779211192 1.8515445736120453 0.17111385072348717 0.26616524660494212 1.5756597524741667 0.40632670372724522 5.4642115092137828 0.25863622920587648 0.78499641700182099 4.0577328075887635 1.1949258100357836 5.4620429887727369
leaf_count=9294 739 3509 171 379 2867 250 245 1612 753 63 7093 2011 52 17 10486 7134 258 16 93 132 3 18 436 3 6238 29 54 298 107 360
internal_value=-0.000384197 -0.00411908 0.00704033 0.0484457 -0.00125026 -0.0175764 0.0116233 0.0399298 -0.00650404 -0.0322337 -0.00312239 0.0230969 -0.00349815 0.148132 -0.0246709 -0.0643625 -0.0159832 -0.0699078 -0.00572664 0.0132436 -0.102417 0.0381976 -0.0222077 0.0618869 0.0665061 0.0275369 0.00584056 -0.0738871 -0.0712538 0.0734796
internal_weight=192.459 182.281 99.6483 16.624 83.0243 82.6331 58.6538 22.8979 35.7559 24.3706 14.345 13.2537 9.88603 3.37023 73.3082 13.1642 60.144 9.61142 50.5325 4.33131 8.83294 9.32492 2.62682 6.6981 10.1779 4.71366 2.36066 10.0256 1.45356 6.29177
internal_count=54720 47607 24855 2630 22225 22752 5477 1857 3620 16748 7156 2442 431 188 21631 10778 10853 274 10579 3641 7137 1121 508 613 7113 875 490 9592 136 610
is_linear=0
shrinkage=0.1


Tree=69
num_leaves=31
num_cat=0
split_feature=3 2 8 4 7 7 8 2 8 4 8 1 2 2 8 8 7 7 3 4 5 2 9 11 5 4 1 7 3 4
split_gain=4.21208 2.45434 2.49031 7.62772 2.25776 2.36007 1.56778 1.55862 2.16611 1.32515 1.47956 1.63722 1.30337 1.72876 1.13127 1.07163 0.934577 0.80762 0.623964 0.544504 0.398259 0.895251 0.275697 0.207826 0.202895 0.0633145 0.00945634 0.00151824 0.000290697 0.000108006
threshold=0.5590277777777779 0.77207792207792225 21.500000000000004 0.1178513071895425 34.500000000000007 28.500000000000004 113.50000000000001 0.75277777777777788 97.500000000000014 0.18225524475524477 33.500000000000007 0.68333333333333346 0.21244358478401035 0.029631255487269536 32.500000000000007 69.500000000000014 8.5000000000000018 3.5000000000000004 0.31698564593301443 0.14644659377628261 0.30952380952380959 0.044610281923714766 3.5000000000000004 1.0000000180025095e-35 0.41428571428571431 0.536811201445348 0.61250000000000016 10.500000000000002 0.21980676328502416 0.27151675485008825
decision_type=2 2 2 2 2 2 2 2 2 2 2 2 2 2 2 2 2 2 2 2 2 2 2 2 2 2 2 2 2 2
left_child=1 2 3 18 5 -5 7 8 -4 10 11 22 13 16 -13 -9 -2 -15 23 26 -19 -22 -3 -1 -6 -18 -12 -27 29 -11
right_child=12 9 6 4 24 -7 -8 15 -10 28 19 14 -14 17 -16 -17 25 20 -20 -21 21 -23 -24 -25 -26 27 -28 -29 -30 -31
leaf_value=-0.099314018946262489 0.00064834468263868627 0.039456129959834801 0.002149222232652175 -0.0065789799208596459 -0.073156827614966891 0.090540699729955765 -0.115610285740471 -0.0073684510144144512 0.084541117674016467 0.10333900697241945 0.088336997286064922 -0.024517060478848926 0.10011104179521224 0.10435680826023208 -0.17922107188298408 -0.15713383070903233 0.14613039274332201 -0.16134099355574047 0.11444228695964001 -0.024537530075960809 -0.1397685058812734 0.10096427695001042 0.13360684293049999 0.037453948576488587 -0.14807966913571077 0.1094209602931266 0.10408340207891967 0.10092372417601701 0.10029076980739245 0.10052251826705605
leaf_weight=11.505681991853629 1.2443595122313111 0.68707867828197577 107.74641103015165 40.071770061622374 0.55572226631920685 2.668778921943157 1.1246257207239967 0.90585829014889796 3.288272092526312 0.52790484263096038 0.4920570144895472 2.5672907568223313 4.9447658494464122 0.23497813672292966 0.5793378697708248 1.0109999231062827 0.43178149044979353 0.54637820273637749 0.1399279157631107 0.41388737340457726 0.3942544610472396 0.25400915287900716 0.56824126379797235 0.11218772199936289 1.0339103161823002 0.25607055786531407 1.6956144807627422 1.1757420230424029 2.2284508557058871 0.18347518384689465
leaf_count=28565 36 43 10966 5414 45 87 29 42 84 51 23 146 6238 29 13 12 26 3 2 24 4 100 7 14 12 14 149 663 1822 57
internal_value=-0.00036469 -0.00378474 -0.00660659 -0.0238592 -0.00486698 -0.000514693 0.00187603 0.0030458 0.00458924 0.0445066 0.0208545 -0.0144803 0.0645957 0.0258933 -0.0530002 -0.0863585 0.0677561 -0.0651153 -0.0954652 0.0806426 -0.0984493 -0.0454422 0.082075 -0.0979933 -0.121887 0.112565 0.100542 0.102443 0.100853 0.102613
internal_weight=189.59 180.107 170.164 56.088 44.3302 42.7405 114.076 112.952 111.035 9.94334 7.00351 4.40195 9.48234 4.53757 3.14663 1.91686 3.10795 1.42962 11.7578 2.60156 1.19464 0.648264 1.25532 11.6179 1.58963 1.86359 2.18767 1.43181 2.93983 0.71138
internal_count=54720 47607 45272 34139 5558 5501 11133 11104 11050 2335 405 209 7113 875 159 54 739 136 28581 196 107 104 50 28579 57 703 172 677 1930 108
is_linear=0
shrinkage=0.1


Tree=70
num_leaves=31
num_cat=0
split_feature=5 2 4 4 2 7 1 4 2 2 2 7 4 4 3 2 2 5 3 3 4 8 1 8 8 3 10 1 4 8
split_gain=3.79961 6.49377 4.89487 2.17962 1.99538 2.35419 4.32462 4.81112 4.20115 2.83638 6.9941 2.80122 3.05209 5.50687 2.78004 2.04764 1.74147 1.48255 1.83956 3.80823 1.18191 1.29687 1.36038 1.07817 1.74711 0.88512 1.099 0.864319 0.523145 0.436927
threshold=0.53571428571428581 0.15345368916797492 0.01593650793650794 0.15857863751051307 0.77207792207792225 22.500000000000004 0.31666666666666671 0.2228132387706856 0.35781671159029654 0.2958754208754209 0.2869249394673124 36.500000000000007 0.07278747742323903 0.075693913929208059 0.23303167420814483 0.31866537717601556 0.16247642991829042 0.92857142857142871 0.21240601503759401 0.23669467787114848 0.18225524475524477 33.500000000000007 0.68333333333333346 66.500000000000014 45.500000000000007 0.21240601503759401 3.5000000000000004 0.81666666666666676 0.14644659377628261 52.500000000000007
decision_type=2 2 2 2 2 2 2 2 2 2 2 2 2 2 2 2 2 2 2 2 2 2 2 2 2 2 2 2 2 2
left_child=4 3 -3 23 5 6 7 8 -1 10 -8 12 -7 -14 -9 -11 -4 -5 -19 -20 21 22 -6 24 -2 26 -18 -24 -23 -26
right_child=1 2 16 17 20 11 9 14 -10 15 -12 -13 13 -15 -16 -17 25 18 19 -21 -22 28 27 -25 29 -27 -28 -29 -30 -31
leaf_value=-0.079270677488743391 -0.099415402222729765 0.73112648711134431 0.35327197520763592 0.12941141970843209 0.075882962127929471 -0.10241991629407242 0.035851068020502579 0.06103434601133996 0.053572785650382308 -0.091154438191974121 0.50633371029825625 -0.085944370185299546 0.4349842180304142 0.033805276299380668 -0.022294508591119876 -0.0029158762333285314 0.059279427314732895 0.088365478994679558 -0.19949510450406707 0.0094471464567790226 0.10086076456268947 0.099332744323500616 -0.1010497642107237 -0.26923366687001143 0.11676789025580687 0.097096071693220792 -0.1230148709051989 0.003250769275001078 -0.025515039040620576 -0.017265516656773543
leaf_weight=23.982730699804964 2.6862640684412362 0.11972503527067502 0.24190645321505044 1.0381445296225109 1.2241477399074918 1.6097826417535603 8.9660624660900758 5.1506657334393848 2.6429565548751262 2.7374342389084623 0.32751078478759232 2.2836438037920734 0.34793214136152784 20.622789685425232 17.979124806704931 66.938987139685196 1.7721026515064289 1.9848913678433744 1.0184652889147399 6.0785541306831874 2.3399285933119245 1.9673379359883258 1.5675169883179478 0.25783545523881901 0.54017883911728848 8.0620477606425975 0.40659082611091424 1.6111325132660568 0.404666167218238 0.44239572284277529
leaf_count=30119 2460 10 20 76 50 1357 1754 342 715 417 123 197 32 1024 681 5656 151 34 25 690 1672 159 36 15 20 6717 6 114 18 30
internal_value=-0.000328132 0.0362598 0.0953389 -0.00833268 -0.00587107 -0.00856883 -0.01401 -0.0371015 -0.0660842 0.000538908 0.0524311 0.0196011 0.0302752 0.0404614 -0.00373839 -0.00638258 0.0880774 0.0162044 0.00326385 -0.0205373 0.0395881 0.0184254 -0.0136885 -0.0715712 -0.05768 0.081813 0.0252594 -0.0481839 0.0780336 0.0564205
internal_weight=187.353 24.6491 10.6024 14.0467 162.704 153.59 128.725 49.7555 26.6257 78.97 9.29357 24.8641 22.5805 20.9707 23.1298 69.6764 10.4826 10.1201 9.08191 7.09702 9.11473 6.7748 4.4028 3.92667 3.66884 10.2407 2.17869 3.17865 2.372 0.982575
internal_count=54720 10254 6904 3350 44466 42417 39807 31857 30834 7950 1877 2610 2413 1056 1023 6073 6894 825 749 715 2049 377 200 2525 2510 6874 157 150 177 50
is_linear=0
shrinkage=0.1


Tree=71
num_leaves=31
num_cat=0
split_feature=3 12 4 11 8 8 4 8 1 7 10 8 4 2 5 7 8 8 2 8 1 4 2 8 8 8 2 2 2 7
split_gain=3.42566 2.14342 2.67388 5.62205 2.85108 5.76266 2.57699 11.2305 2.76386 2.57512 2.49688 3.0614 2.71204 2.45954 2.18796 4.92456 1.98794 3.5317 2.7283 4.47158 4.17936 2.20934 1.19973 1.30545 2.10946 1.29905 1.17343 1.53091 1.12148 0.860509
threshold=0.5590277777777779 1.0000000180025095e-35 0.066852886405959044 1.0000000180025095e-35 58.500000000000007 80.500000000000014 0.073727351164797242 86.500000000000014 0.44949494949494956 1.5000000000000002 2.5000000000000004 62.500000000000007 0.30289129830414241 0.62645348837209314 0.92857142857142871 1.0000000180025095e-35 8.5000000000000018 2.5000000000000004 0.50471698113207564 45.500000000000007 0.58571428571428574 0.25108695652173918 0.85239651416122009 30.500000000000004 33.500000000000007 101.50000000000001 0.21244358478401035 0.029631255487269536 0.6195238095238097 8.5000000000000018
decision_type=2 2 2 2 2 2 2 2 2 2 2 2 2 2 2 2 2 2 2 2 2 2 2 2 2 2 2 2 2 2
left_child=1 2 3 14 9 -6 7 8 -4 -5 11 -8 -12 16 -1 -16 17 21 20 -20 -18 -3 25 -24 -25 -15 27 29 -19 -2
right_child=26 13 6 4 5 -7 10 -9 -10 -11 12 -13 -14 22 15 -17 18 28 19 -21 -22 -23 23 24 -26 -27 -28 -29 -30 -31
leaf_value=-0.10147896255420691 0.002577631960780832 -0.051564826343336936 -6.3292320858148051e-05 0.090202333301090995 -0.085192179544089752 0.044317680978191498 0.036000722237733165 1.4676105818366412 0.43532934471174062 0.0090043021919237708 -0.02399698088899662 0.22307668893097665 0.038218246330756565 0.069857561002504065 0.58555546074659659 -0.037431169911280857 -0.011949487208832871 -0.091113126282874476 -0.0011711127119875154 -0.13821042115002599 0.11036444276571584 0.09611245831964528 0.045548680903463257 -0.23834978172405999 0.023791742169728597 -0.11427280688101796 0.10009751546078959 -0.063978081644531379 -0.32272902909788065 0.11186963238453718
leaf_weight=7.7388819737243448 1.252531250705941 2.1783151801937475 0.68656264871242356 5.3278586028609451 7.814556065015493 6.1314486121991649 22.041758303821556 0.063723969447892159 0.18510875792708248 14.633014867082236 18.521048445370983 0.9108993555419137 11.269979934499132 5.8689046256185957 0.14929482334991906 0.84530401582014747 46.535462156360154 7.7563723446510267 5.294379606319124 4.3271162841992918 2.9719710613717316 1.8937958638416601 1.3252148154424506 0.57073403836693593 0.66423506505088881 0.40991792827844609 4.1226394736149814 1.3247784714330917 0.21484213214716863 1.695722766802646
leaf_count=14447 36 3509 627 136 140 94 4563 6 19 443 1093 91 2215 610 32 949 10486 7134 225 49 93 132 437 18 53 3 6238 136 3 703
internal_value=-0.000372063 -0.00334353 0.00670514 -0.011989 0.00643934 -0.0282524 0.021555 0.186084 0.092397 0.0306773 0.0186371 0.043425 -0.00046089 -0.0154404 -0.0835353 0.0560826 -0.0216191 -0.0586508 -0.0140765 -0.0628024 -0.00460688 0.0171147 0.0343111 -0.0233847 -0.0973555 0.0578365 0.0620364 0.025315 -0.0973557 0.0654382
internal_weight=184.726 176.331 96.3194 42.6404 33.9069 13.946 53.6791 0.935395 0.871671 19.9609 52.7437 22.9527 29.791 80.0113 8.73348 0.994599 71.1723 12.0433 59.1289 9.6215 49.5074 4.07211 8.83901 2.56018 1.23497 6.27882 8.39567 4.27303 7.97121 2.94825
internal_count=54720 47607 24855 16241 813 234 8614 652 646 579 7962 4654 3308 22752 15428 981 21631 10778 10853 274 10579 3641 1121 508 71 613 7113 875 7137 739
is_linear=0
shrinkage=0.1


Tree=72
num_leaves=31
num_cat=0
split_feature=4 5 4 4 7 8 8 8 1 10 7 4 7 3 3 4 8 2 1 2 7 7 2 3 2 10 2 3 2 5
split_gain=3.05347 2.50255 3.78579 1.86721 2.23778 1.18182 1.42673 2.74592 1.87381 1.05522 1.08186 2.38462 2.10798 0.959226 0.853247 1.32739 0.995542 0.817512 0.541298 0.273127 0.706861 0.4411 0.195143 0.0008589 0.000731231 5.21918e-05 2.21138e-05 1.13045e-05 5.50207e-06 7.19938e-06
threshold=0.73557158712541637 0.18333333333333338 0.10188133993866479 0.43613053613053615 36.500000000000007 113.50000000000001 80.500000000000014 73.500000000000014 0.38750000000000007 3.5000000000000004 25.500000000000004 0.1937129690585912 33.500000000000007 0.7947368421052633 0.31414473684210531 0.56646586345381544 52.500000000000007 0.10471491228070177 0.19090909090909094 0.090230664857530549 12.500000000000002 11.500000000000002 0.84105263157894739 0.58578431372549034 0.13536417773705914 5.5000000000000009 0.17694497153700192 0.62828947368421062 0.26365441906653431 0.41428571428571431
decision_type=2 2 2 2 2 2 2 2 2 2 2 2 2 2 2 2 2 2 2 2 2 2 2 2 2 2 2 2 2 2
left_child=1 2 22 5 13 6 7 -3 -8 10 11 -4 -12 18 16 -16 -11 -15 -5 20 21 -2 -1 -22 -21 -25 -26 -27 29 -28
right_child=19 3 9 4 -6 -7 8 -9 -10 14 12 -13 -14 17 15 -17 -18 -19 -20 24 23 -23 -24 25 26 27 28 -29 -30 -31
leaf_value=-0.10003498536533802 0.049824196466152826 0.000907271443172512 -0.066085598297908596 0.04918188669740086 -0.10780390305183765 -0.10236746437014738 -0.015161660947751107 -0.088821730482220931 0.066761833341951474 -0.10963701116295688 0.068825916860133396 0.015568183818385562 -0.1087272590068819 -0.18930154801803556 0.016755667290823957 -0.079710580735233516 0.0016358575138165168 0.1003367589200701 0.10215072727170355 0.10818954343054386 0.11113325005812419 -0.1443432798767699 0.014009163103350758 0.1023849686361479 0.10153216288818392 0.10246751453669954 0.10153273699907983 0.10022655988847461 0.10005959858052685 0.10018392843952195
leaf_weight=5.978930869998293 0.22205491526983567 115.25115448090946 5.3320735805755346 4.8959343111491709 0.84991360991261977 1.1038965914631251 4.5778087847575062 3.5145370835380154 7.1568588929076213 2.61808503816428 4.3309997679898506 10.86323088390054 0.7907516183622646 0.26950709481025192 4.2601642782101408 2.1444295874680392 1.1604271951364351 0.1526440306333825 3.1839399646269158 0.11798316071508486 0.090143375098705292 0.24730152590200305 0.15390216547530133 0.157027990790084 0.11184353625867549 0.023501046001911163 0.05946433427743647 0.53401642292737961 2.533952778117964 0.11829828773625195
leaf_count=24411 35 15175 3274 465 18 20 186 133 99 379 184 1068 66 13 142 193 25 206 3527 26 1 9 28 21 30 1 5 520 4357 103
internal_value=-0.000395696 -0.00238135 -0.0252912 0.00373519 0.0469108 0.000667088 0.00153865 -0.00174801 0.0348027 -0.0112963 0.00135367 -0.0113152 0.0414133 0.062377 -0.0377775 -0.0155438 -0.0754638 -0.0845723 0.0700547 0.0837248 0.0450481 -0.0524817 -0.0971731 0.101935 0.100476 0.100775 0.100154 0.100321 0.100097 0.100635
internal_weight=182.805 178.589 37.633 140.956 9.35194 131.604 130.5 118.766 11.7347 31.5002 21.3171 16.1953 5.12175 8.50203 10.1831 6.40459 3.77851 0.422151 8.07987 4.21559 1.27405 0.469356 6.13283 0.804689 2.94154 0.714545 2.82356 0.557517 2.71172 0.177763
internal_count=54720 49612 29770 19842 4229 15613 15593 15308 285 5331 4592 4342 250 4211 739 335 404 219 3992 5108 587 44 24439 543 4521 542 4495 521 4465 108
is_linear=0
shrinkage=0.1


Tree=73
num_leaves=31
num_cat=0
split_feature=3 1 1 2 2 2 4 3 3 9 2 1 2 7 2 9 1 8 2 2 4 10 4 7 3 10 5 2 7 10
split_gain=2.73647 1.76827 7.14663 9.9035 5.62476 5.0297 3.30812 2.54497 2.52454 2.42796 4.27007 4.16183 2.99823 2.78578 2.45357 2.30354 2.0249 2.69784 1.04635 1.26047 0.813933 1.82802 0.763342 0.655489 0.440562 0.362302 0.315648 0.679597 0.112688 0.0154757
threshold=0.5590277777777779 0.31666666666666671 1.0000000180025095e-35 0.16152751423149908 1.0000000180025095e-35 0.35781671159029654 0.07278747742323903 0.10620300751879701 0.37980769230769235 1.5000000000000002 0.407785336356765 0.34848484848484856 0.37617924528301894 11.500000000000002 0.49576271186440685 2.5000000000000004 0.23611111111111113 33.500000000000007 0.21244358478401035 0.029631255487269536 0.69282051282051293 4.5000000000000009 0.52803983228511542 3.5000000000000004 0.44949494949494956 2.5000000000000004 0.30952380952380959 0.044610281923714766 14.500000000000002 4.5000000000000009
decision_type=2 2 2 2 2 2 2 2 2 2 2 2 2 2 2 2 2 2 2 2 2 2 2 2 2 2 2 2 2 2
left_child=1 2 3 4 6 24 -1 -5 9 10 13 12 -11 -3 -12 -13 -7 -18 19 20 29 -22 -6 -21 25 -4 -25 -28 -9 -2
right_child=18 8 5 7 22 16 -8 28 -10 11 14 15 -14 -15 -16 -17 17 -19 -20 23 21 -23 -24 26 -26 -27 27 -29 -30 -31
leaf_value=-0.10171284131413574 0.13147788236162763 0.091315827381823464 -0.086011691858602482 0.39666697197988238 -0.10876605174272135 -0.11338601812741628 0.007170945788219695 0.11578176602129726 0.10234422176780918 -0.11849178711697034 -0.10458126785151099 0.030012118746869772 -0.0013683133695559474 0.36101569833237412 0.044358783989963443 -0.0077687661278960235 0.19490348645561928 -0.018546135772482514 0.10008240680096994 0.10451735928092876 -0.13612497338489943 0.10106315189545004 0.071893517576598398 -0.1466010003098325 0.10337598541357298 -0.12101695126208374 -0.12257061476043891 0.10091733262214704 0.15537042689589559 0.10968528354434892
leaf_weight=2.9463309789280165 0.56537599361035951 4.7641656024061358 10.221997450644265 0.38157794714788806 5.6543193457910084 0.61738161034008898 52.698464351706207 2.8463067980483179 2.6824162940029046 4.9284070098656212 1.9504425070190334 25.672120029979851 3.9272841353376862 0.41646713406953484 2.5548536247370066 43.454785520400037 1.2042553634819344 1.164964186347788 3.3926342618651688 0.21063183963997278 0.53042583446949698 0.83873271563788876 0.24397388286888588 0.49942233785986878 0.11153734312392849 4.159927741755383 0.35994757059961557 0.21875603374792263 0.96203486778540526 0.76919098460348323
leaf_count=4968 19 578 21149 39 4161 271 5199 261 2175 1592 126 2255 555 43 125 3063 394 70 6238 29 13 605 5 3 7 549 4 100 22 102
internal_value=-0.000367406 -0.00290409 -0.0134216 0.00169081 -0.00843701 -0.0702513 0.00140567 0.150452 0.00678256 0.00385863 0.0510788 -0.00200641 -0.0665504 0.112997 -0.0201207 0.00626217 0.0479159 0.0899486 0.0592493 0.0245512 0.0633438 0.00917408 -0.101293 -0.0568329 -0.0946015 -0.0961369 -0.0883557 -0.0380898 0.125782 0.118918
internal_weight=180.949 173.564 83.2131 65.733 61.5431 17.4801 55.6448 4.18992 90.3509 87.6685 9.68593 77.9826 8.85569 5.18063 4.5053 69.1269 2.9866 2.36922 7.38512 3.99248 2.70373 1.36916 5.89829 1.28876 14.4935 14.3819 1.07813 0.578704 3.80834 1.33457
internal_count=54720 47607 37095 14655 14333 22440 10167 322 10512 8337 872 7465 2147 621 251 5318 735 464 7113 875 739 618 4166 136 21705 21698 107 104 283 121
is_linear=0
shrinkage=0.1


Tree=74
num_leaves=31
num_cat=0
split_feature=4 5 4 3 1 9 3 8 12 4 3 4 8 10 1 7 2 2 10 7 8 2 2 2 4 2 2 10 5 2
split_gain=2.47911 1.96829 3.36558 1.55452 2.80417 2.12697 3.19949 1.67454 2.84563 3.66447 2.55188 2.95219 2.21686 1.33952 1.04156 1.81031 1.74921 1.38899 1.18171 0.942466 0.380357 0.239955 0.589182 0.189923 0.00377064 0.00121511 0.000446489 2.05954e-05 1.31703e-05 1.20905e-05
threshold=0.73557158712541637 0.18333333333333338 0.10188133993866479 0.28991596638655465 0.34848484848484856 1.5000000000000002 0.30602006688963218 21.500000000000004 1.0000000180025095e-35 0.33514492753623193 0.267948717948718 0.31843156843156845 1.5000000000000002 4.5000000000000009 0.44949494949494956 12.500000000000002 0.47247474747474755 0.52440476190476204 3.5000000000000004 2.5000000000000004 7.5000000000000009 0.090230664857530549 0.029631255487269536 0.84105263157894739 0.18776709401709404 0.3047162859248343 0.13536417773705914 6.5000000000000009 0.92857142857142871 0.17694497153700192
decision_type=2 2 2 2 2 2 2 2 2 2 2 2 2 2 2 2 2 2 2 2 2 2 2 2 2 2 2 2 2 2
left_child=1 2 23 7 5 6 -5 8 9 -3 11 -9 -10 -12 15 19 20 -18 -17 -4 -16 22 27 -1 -6 -26 -23 28 -2 -28
right_child=21 3 14 4 24 -7 -8 10 12 -11 13 -13 -14 -15 16 18 17 -19 -20 -21 -22 26 -24 -25 25 -27 29 -29 -30 -31
leaf_value=-0.10003095335707253 0.10196738605609862 -0.017364677713962589 -0.010586187051787982 0.17092796748832079 0.11282004802538924 -0.14625852430069955 0.0058040844950061768 0.003273827940507121 0.064797771838294979 0.14789144703211507 0.17682804690999718 -0.23646445472985744 -0.093973329516457871 0.0078580052346072602 0.043768733304340703 0.018708746424862935 -0.096167722377472675 0.017924299545118854 -0.03682446584229794 -0.092606643766525193 0.12823575766699166 0.1069415725884994 -0.050418617190075267 0.012085790492826798 0.10570010526465434 0.10040069383790816 0.10125109121287686 0.10024199323397026 0.10046717419976742 0.10007937873514111
leaf_weight=5.1161205715761744 0.15016655717045002 11.412342514871854 2.0629651360213819 1.268267438979829 0.29486834828276087 0.82516606082208355 15.694163390435277 92.926202140079113 1.0066164242161892 1.5206158092478279 1.2896716640098014 0.51650707004591723 6.9595915267709643 0.73744162416551251 0.87197047466179212 9.6050875241053273 1.3784309864277018 4.7238473227480426 6.3750700520176897 4.3655903848266462 1.3718214129330588 0.10028215515194494 0.41266097768675536 0.1556881017750128 0.49693541415035758 3.3457999765814748 0.091701121476944869 0.44355282909236848 0.095882855937816203 2.2206283533596434
leaf_count=24411 15 4463 825 28 6 28 917 5186 536 214 54 9 4318 13 33 1301 52 574 182 2325 39 26 17 28 74 3996 30 515 40 4465
internal_value=-0.000400759 -0.00207732 -0.0228963 0.00334618 0.0277716 0.0105233 0.0181503 -0.00125584 -0.0268946 0.00206561 0.0043567 0.00194867 -0.0739109 0.115359 -0.0102419 -0.0214729 0.0199127 -0.00784771 -0.00344549 -0.0662857 0.0954106 0.0827484 0.0440929 -0.0967199 0.101922 0.101086 0.100409 0.100649 0.101383 0.100126
internal_weight=177.836 174.321 36.0266 138.294 21.9252 17.7876 16.9624 116.369 20.8992 12.933 95.4698 93.4427 7.96621 2.02711 30.7548 22.4087 8.34607 6.10228 15.9802 6.42856 2.24379 3.51487 1.10226 5.27181 4.1376 3.84274 2.41261 0.689602 0.246049 2.31233
internal_count=54720 49612 29770 19842 5049 973 945 14793 9531 4677 5262 5195 4854 67 5331 4633 698 626 1483 3150 72 5108 587 24439 4076 4070 4521 570 55 4495
is_linear=0
shrinkage=0.1


Tree=75
num_leaves=31
num_cat=0
split_feature=2 5 4 3 7 4 1 5 8 4 8 1 1 8 2 4 8 8 3 12 8 4 3 3 2 9 8 4 8 1
split_gain=2.22283 1.73034 3.43259 2.02412 1.44315 2.53341 2.1653 1.59019 1.48864 1.42622 1.04064 0.975231 0.708686 0.688248 0.964496 0.643893 1.47212 2.66849 1.12845 0.961165 0.744587 0.452193 0.43397 1.16453 0.637643 0.270273 0.285841 0.084902 0.238014 0.0156682
threshold=0.77207792207792225 0.30952380952380959 0.10188133993866479 0.51470588235294124 9.5000000000000018 0.66849816849816857 0.5634920634920636 0.41428571428571431 110.50000000000001 0.18225524475524477 33.500000000000007 0.68333333333333346 0.31666666666666671 32.500000000000007 0.85880398671096347 0.16929280397022337 38.500000000000007 39.500000000000007 0.10435571687840291 1.0000000180025095e-35 70.500000000000014 0.14644659377628261 0.7947368421052633 0.83666666666666678 0.10471491228070177 3.5000000000000004 28.500000000000004 0.536811201445348 4.5000000000000009 0.61250000000000016
decision_type=2 2 2 2 2 2 2 2 2 2 2 2 2 2 2 2 2 2 2 2 2 2 2 2 2 2 2 2 2 2
left_child=1 2 -1 4 7 6 -6 12 -9 10 11 25 -3 14 -13 16 -4 -18 19 -17 -20 29 27 24 -24 26 -2 28 -5 -12
right_child=9 3 15 22 5 -7 -8 8 -10 -11 21 13 -14 -15 -16 18 17 -19 20 -21 -22 -23 23 -25 -26 -27 -28 -29 -30 -31
leaf_value=-0.10003169565724711 -0.037583235271424743 -0.12273533818014942 -0.10182052481162288 -0.047690781850772773 0.01073047377046412 -0.31501047560961193 0.11201834835053155 -0.0042067849316239983 -0.11861152204632053 0.10048904550554241 0.080829448060760922 -0.083913994451390181 0.020910871157864941 -0.12735539033274121 0.038663885609216894 0.15531858318743824 0.35412699331180736 -0.021605687001901283 -0.010884365503092375 -0.10296089365839545 0.09262820105375949 -0.01791173412614137 -0.11763498819748255 0.10017081969048927 0.10020943213867246 0.12331560608727683 0.095639931748414717 0.10519968991902605 0.10227787307744921 0.10320237337291537
leaf_weight=4.9369354998634654 0.33382531016832018 1.6937922725919627 2.293934733199424 0.14736152047407758 43.966288291063393 0.23295747925294463 2.2170133918989441 76.208279241138371 1.1546042923582707 3.2114149607368745 0.40680723701370913 1.1140172116574836 0.4308066157682332 0.66213440801948298 1.5147136389277875 0.73922455831780354 0.20531879895133931 2.3811433473310899 24.179754154989499 0.17896806300268508 0.71547378785908122 0.41549689322710026 0.55525662610307325 1.025367185618961 0.17725891654845327 0.52517335314769298 0.31117655758862384 2.0297535543213598 0.37548015287029557 1.3577478315564802
leaf_count=25235 32 601 3006 35 5678 25 112 8211 14 4633 23 28 113 13 118 93 14 261 1791 111 9 24 84 1872 326 7 11 1964 127 149
internal_value=-0.000371582 -0.00311311 -0.0226399 0.00223004 -7.6881e-05 0.0139335 0.0155928 -0.00825817 -0.00591422 0.045776 0.0193185 -0.00835378 -0.0936081 -0.0362346 -0.0132828 -0.0101918 -0.043502 0.00822076 -0.00389408 0.104976 -0.00790948 0.0759443 0.0696123 0.0313771 -0.0649196 0.0700551 0.0266893 0.0959435 0.0600096 0.0980444
internal_weight=175.697 165.845 35.6308 130.214 125.904 46.4163 46.1833 79.4875 77.3629 9.85251 6.64109 4.46104 2.1246 3.29087 2.62873 30.6938 4.8804 2.58646 25.8134 0.918193 24.8952 2.18005 4.31048 1.75788 0.732516 1.17018 0.645002 2.5526 0.522842 1.76456
internal_count=54720 49682 30520 19162 14754 5815 5790 8939 8225 5038 405 209 714 159 146 5285 3281 275 2004 204 1800 196 4408 2282 410 50 43 2126 162 172
is_linear=0
shrinkage=0.1


Tree=76
num_leaves=31
num_cat=0
split_feature=4 2 5 4 7 1 7 2 5 4 4 8 1 10 2 8 11 4 9 2 7 7 11 1 3 2 3 4 10 10
split_gain=2.0401 1.5182 1.50898 2.81655 1.20686 1.9925 1.45196 1.28171 3.37257 2.98176 1.12036 0.915855 0.808416 0.716879 1.8199 1.12442 0.561664 0.421938 0.228663 0.215533 0.533633 0.272893 0.111148 0.0195777 0.000596439 0.00034827 0.000113005 4.00758e-05 2.86926e-05 1.36848e-05
threshold=0.73557158712541637 0.77207792207792225 0.18333333333333338 0.10188133993866479 9.5000000000000018 0.5634920634920636 10.500000000000002 0.19848484848484851 0.53571428571428581 0.23979166666666671 0.18225524475524477 33.500000000000007 0.68333333333333346 2.5000000000000004 0.23582887700534763 6.5000000000000009 1.0000000180025095e-35 0.14644659377628261 3.5000000000000004 0.090230664857530549 12.500000000000002 11.500000000000002 1.0000000180025095e-35 0.61250000000000016 0.58578431372549034 0.13536417773705914 0.21980676328502416 0.23112535612535615 5.5000000000000009 2.5000000000000004
decision_type=2 2 2 2 2 2 2 2 2 2 2 2 2 2 2 2 2 2 2 2 2 2 2 2 2 2 2 2 2 2
left_child=1 2 3 -1 7 6 -6 9 -9 -4 11 12 18 14 -5 -15 -14 23 -3 20 21 -2 -7 -13 -22 -21 27 -12 -26 -29
right_child=19 10 4 13 5 22 -8 8 -10 -11 26 17 16 15 -16 -17 -18 -19 -20 25 24 -23 -24 -25 28 -27 -28 29 -30 -31
leaf_value=-0.10002514724831933 0.044298931202275835 0.025253828547548277 -0.070512432071241915 -0.020460472012108794 0.075031759226150144 0.061061307364612308 0.004305018447572073 -0.0061459708806265168 0.088175182494604751 0.01504671848417106 0.10263869946553519 0.077048924368009628 -0.079795099397353145 -0.078833330438601745 0.06583077591953751 -0.012565352898889846 0.0033088594556873185 -0.016041179658956097 0.11604593047181089 0.1064857930084817 0.10985729725351034 -0.12474675726714671 0.12001400662989006 0.10287672603529954 0.10196553025428921 0.1001160410361177 0.10017899907510451 0.10039804209582115 0.10024803056802677 0.10221654276021903
leaf_weight=4.1679110883560488 0.17385869665304143 0.61784109924337627 8.9441651691304305 7.4496361603669374 3.1105934553925172 0.39424310400499885 43.408536853006808 60.98869695031317 4.0421568265592205 7.4794318213826037 0.29319945268798653 0.38523961248574812 1.4193136402755044 3.1433033090870621 3.6374506541324081 13.80903912062058 1.9046040796674788 0.41744476056192059 0.50341693247901276 0.089871922100428825 0.081677049398422241 0.21186948497779667 1.6939667323604226 1.2322330648603381 0.12900195183465257 1.911554143152898 1.6898104913125278 0.1651052690576762 0.39542941132094711 0.055222894239705056
leaf_count=24376 35 43 5449 3178 648 153 5808 3345 1516 142 30 23 59 357 371 1057 100 24 7 26 1 9 25 149 21 4495 2674 68 521 10
internal_value=-0.000331578 -0.0017646 -0.00394459 -0.0233231 0.000854131 0.0133239 0.0090343 -0.00658713 -0.000283202 -0.0315481 0.0389733 0.0180282 -0.007408 -0.0119218 0.00784995 -0.0248528 -0.0321766 0.0735922 0.0660172 0.0815119 0.0433936 -0.048553 0.108884 0.0967252 0.101908 0.100402 0.100574 0.101873 0.100671 0.100854
internal_weight=173.946 170.953 162.269 32.2073 130.062 48.6073 46.5191 81.4545 65.0309 16.4236 8.68343 6.48009 4.44518 28.0394 11.0871 16.9523 3.32392 2.03492 1.12126 2.99326 0.991837 0.385728 2.08821 1.61747 0.606108 2.00143 2.20334 0.513528 0.524431 0.220328
internal_count=54720 49612 46425 29339 17086 6634 6456 10452 4861 5591 3187 405 209 4963 3549 1414 159 196 50 5108 587 44 178 172 543 4521 2782 108 542 78
is_linear=0
shrinkage=0.1


Tree=77
num_leaves=31
num_cat=0
split_feature=4 2 8 4 4 3 7 2 2 2 1 4 12 7 5 2 3 7 11 2 7 7 7 3 2 3 4 10 10 2
split_gain=1.82588 1.29739 1.42419 5.16051 2.05151 4.00964 1.66875 1.16101 1.75796 1.47401 1.31633 1.06045 0.900489 0.974513 0.593846 0.742009 0.52122 0.452584 0.222208 0.206104 0.480447 0.233016 0.0120715 0.000435957 0.000257691 8.3711e-05 2.96021e-05 2.12344e-05 1.01518e-05 6.80902e-06
threshold=0.73557158712541637 0.77207792207792225 21.500000000000004 0.1178513071895425 0.12015037593984963 0.21980676328502416 34.500000000000007 0.75277777777777788 0.73401360544217698 0.76043478260869579 0.68333333333333346 0.18225524475524477 1.0000000180025095e-35 4.5000000000000009 0.21111111111111114 0.85239651416122009 0.31698564593301443 1.0000000180025095e-35 1.0000000180025095e-35 0.090230664857530549 12.500000000000002 11.500000000000002 3.5000000000000004 0.58578431372549034 0.13536417773705914 0.21980676328502416 0.23112535612535615 5.5000000000000009 2.5000000000000004 0.26365441906653431
decision_type=2 2 2 2 2 2 2 2 2 2 2 2 2 2 2 2 2 2 2 2 2 2 2 2 2 2 2 2 2 2
left_child=1 2 3 16 5 -5 -6 8 10 -9 -4 12 13 17 -14 -16 18 -3 -1 20 21 -2 -10 -22 -21 26 -13 -25 -28 -26
right_child=19 11 7 4 6 -7 -8 9 22 -11 -12 25 14 -15 15 -17 -18 -19 -20 24 23 -23 -24 27 29 -27 28 -29 -30 -31
leaf_value=-0.098903345603205239 0.040723082694965856 0.024774638014229237 0.0015092198670570004 -0.10041256189684714 -0.0023677547023211068 0.63084640598305908 -0.11419306611951513 -0.19838704537977553 0.10420780304378785 -0.013528699146315893 0.10340422465124 0.10238450434211543 -0.1210440676327199 -0.089497933898573828 0.086508083011681058 -0.036895697640899054 0.11155138816566715 0.10523221862585418 0.047402865038860389 0.10584963587406393 0.10883176108641267 -0.1180499380871243 0.12278070821073384 0.10177684248868327 0.10068029816382081 0.10016207590070392 0.10036014266482043 0.10022464684758073 0.10200543184475164 0.10003673929238571
leaf_weight=7.3598354753557933 0.17040318576618974 1.1658164384716645 105.14250012219418 0.15365826994820864 41.884188907308271 0.14644731325097382 1.3783921150024969 0.6368748192617194 0.62188570699072332 1.3365717621054498 1.2832989185990289 0.26592296612216149 0.51433385675773058 0.42245883087161917 0.67331982799805734 1.7631840815301982 0.1219836736563592 1.7465515422809401 0.10529410524759431 0.081783276051282772 0.074565187096595764 0.20201755338348448 0.80027838805108331 0.11693118250695989 0.18396723773912516 1.5292489732091779 0.14944697468308732 0.35787857280229218 0.050065891467966139 1.5458565177978014
leaf_count=28565 35 146 11017 142 6402 7 67 24 30 36 91 30 30 16 34 97 2 82 14 26 1 9 28 21 138 2674 68 521 10 4357
internal_value=-0.000301252 -0.00161066 -0.00359639 -0.017379 -0.0041232 0.256432 -0.00593063 0.00282291 0.00421376 -0.0731866 0.00273789 0.0369922 0.0168325 0.0524366 -0.0234047 -0.00279347 -0.0934893 0.0730252 -0.0968397 0.0807771 0.042282 -0.0454025 0.114659 0.101723 0.100365 0.100519 0.101694 0.100607 0.100773 0.100105
internal_weight=171.985 169.252 160.971 51.1498 43.5627 0.300106 43.2626 109.821 107.848 1.97345 106.426 8.28035 6.28566 3.33483 2.95084 2.4365 7.58711 2.91237 7.46513 2.7334 0.921796 0.372421 1.42216 0.549375 1.81161 1.99468 0.465436 0.47481 0.199513 1.72982
internal_count=54720 49612 46425 35199 6618 149 6469 11226 11166 60 11108 3187 405 244 161 131 28581 228 28579 5108 587 44 58 543 4521 2782 108 542 78 4495
is_linear=0
shrinkage=0.1


Tree=78
num_leaves=31
num_cat=0
split_feature=4 12 5 2 7 4 4 2 2 8 1 8 8 8 8 4 3 10 1 2 8 3 8 11 2 3 4 10 2 2
split_gain=1.63352 1.25517 2.0332 1.80864 2.26111 1.91447 1.88812 1.79244 1.70984 4.19356 3.80479 2.77371 1.79258 1.60663 1.93468 1.6539 3.8985 2.42491 0.998016 0.969081 1.21237 1.00757 0.940283 0.737928 0.688537 0.546737 1.29587 0.421842 0.197319 0.434828
threshold=0.73557158712541637 1.0000000180025095e-35 0.58571428571428574 0.19848484848484851 14.500000000000002 0.15857863751051307 0.66849816849816857 0.62645348837209314 0.50471698113207564 68.500000000000014 0.58571428571428574 58.500000000000007 50.500000000000007 85.500000000000014 99.500000000000014 0.30289129830414241 0.24068965517241384 2.5000000000000004 0.58571428571428574 0.85239651416122009 101.50000000000001 0.18019480519480521 97.500000000000014 1.0000000180025095e-35 0.90550595238095244 0.069366479550922219 0.017937580437580442 2.5000000000000004 0.090230664857530549 0.029631255487269536
decision_type=2 2 2 2 2 2 2 2 2 2 2 2 2 2 2 2 2 2 2 2 2 2 2 2 2 2 2 2 2 2
left_child=1 2 13 4 6 -6 -4 8 10 11 12 -10 -3 15 22 17 -17 -1 -16 20 23 24 -15 -9 -21 -5 -27 -12 29 -2
right_child=28 7 3 25 5 -7 -8 19 9 -11 27 -13 -14 14 18 16 -18 -19 -20 21 -22 -23 -24 -25 -26 26 -28 -29 -30 -31
leaf_value=-6.304656110188855e-05 0.10051840008454896 -0.025084678686588136 -0.016701278276781025 -0.10406028574397622 -0.046458699703244073 0.11381938045482448 -0.31110903240380516 0.0044478423109982493 -0.040049040661795161 -0.17436076227213937 0.12007562095482796 0.14803161725490627 0.018075376484308143 0.066226255020349539 -0.12068581974651667 0.12700773418260272 -0.0020849426311669961 -0.049454717816438759 0.032238069537697638 -0.11990902745487214 -0.10990137156685248 0.10119827903623724 0.1912681364658298 0.089196311566696287 -0.00044667389382695155 0.35110666907698906 0.09254825699710531 0.023157484401006848 0.10033032483582785 -0.044221520247653565
leaf_weight=47.806824463288649 0.50594680101494249 42.490654280809395 4.0745024615607672 0.12776844191830505 1.002837413834641 2.9013537505525164 0.23014071397483338 1.3758880369277884 7.6336958545798534 2.2457675029290831 2.371786176518071 0.87386164991767135 12.440610944729995 3.3572504186740835 0.78740417705557753 3.0933903908007769 9.5969479632331041 12.549276410492892 0.93177203164668754 0.85578144458122585 0.41346506774425495 0.5444673629826865 0.73260884889168654 4.0567291846964508 1.1059854616178197 0.20462638419121537 3.6775713575334521 0.55399488500552241 1.6397389315534381 0.3519358990015462
leaf_count=19482 570 20497 969 12 311 110 7 891 596 16 95 11 756 147 58 149 1240 946 12 20 3 765 14 92 88 2 2226 97 4521 17
internal_value=-0.000277825 -0.00147103 0.00647392 0.0444311 0.017541 0.0726501 -0.0324413 -0.0108727 -0.0161974 -0.052815 -0.00939165 -0.0207302 -0.01531 0.000592391 0.0512087 -0.00343288 0.0293826 -0.0103326 -0.037803 0.0328668 0.0551694 -0.0191565 0.0886248 0.0677325 -0.0525597 0.0994779 0.106177 0.101724 0.0799999 0.0411406
internal_weight=170.535 168.037 91.0743 12.2188 8.20883 3.90419 4.30464 76.9627 68.6104 10.7533 57.857 8.50756 54.9313 78.8555 5.80904 73.0464 12.6903 60.3561 1.71918 8.35232 5.84608 2.50623 4.08986 5.43262 1.96177 4.00997 3.8822 2.92578 2.49762 0.857883
internal_count=54720 49612 25685 3637 1397 421 976 23927 22068 623 21445 607 21253 22048 231 21817 1389 20428 70 1859 986 873 161 983 108 2240 2228 192 5108 587
is_linear=0
shrinkage=0.1


Tree=79
num_leaves=31
num_cat=0
split_feature=3 1 9 4 8 4 10 3 2 4 8 3 3 2 10 8 3 10 8 2 7 1 11 5 12 3 2 4 9 12
split_gain=1.53625 3.20735 2.62167 2.66783 2.40011 3.64482 3.38296 4.37237 3.42489 2.84842 2.41324 2.05154 2.0594 1.8376 1.41547 1.27699 1.25852 1.90474 1.88444 0.996611 0.689629 1.64068 0.644547 0.59182 0.37668 0.304541 0.274272 0.525565 0.0911417 0.0447641
threshold=0.28991596638655465 0.41428571428571431 1.5000000000000002 0.21458087367178277 21.500000000000004 0.10726270373921382 2.5000000000000004 0.27888888888888896 0.15655637254901963 0.30289129830414241 16.500000000000004 0.267948717948718 0.26491228070175443 0.173494983277592 4.5000000000000009 40.500000000000007 0.24068965517241384 3.5000000000000004 39.500000000000007 0.41486424298205254 9.5000000000000018 0.72077922077922085 1.0000000180025095e-35 0.63333333333333341 1.0000000180025095e-35 0.29705882352941182 0.36899313501144165 0.21458087367178277 4.5000000000000009 1.0000000180025095e-35
decision_type=2 2 2 2 2 2 2 2 2 2 2 2 2 2 2 2 2 2 2 2 2 2 2 2 2 2 2 2 2 2
left_child=4 2 3 -2 5 22 7 8 -7 23 -11 12 16 15 24 -5 17 -6 -18 -9 -3 -22 28 -8 -13 -15 29 -28 -1 -4
right_child=1 20 26 13 11 6 9 19 -10 10 -12 14 -14 25 -16 -17 18 -19 -20 -21 21 -23 -24 -25 -26 -27 27 -29 -30 -31
leaf_value=-0.10155509293324645 0.1680286492844047 0.1030221405893848 -0.15564947094641601 -0.011265717092965128 0.0035533841302400554 -0.017872893094766709 -0.12077161266664271 -0.089902351703252129 0.071039652470578793 0.1519373764016938 -0.12325707376180886 0.10668990440008674 -0.17933999701781878 -0.10753207137142287 -0.0025471315283154537 0.063595051552333401 -0.056407335550974762 -0.053899815117146754 0.13221373078222162 -0.2538308755942475 0.1027310903575635 -0.18689720432263893 0.076127245465957241 -0.030889201032752923 0.21844393931760814 0.10655426907435123 -0.14298536480542454 0.10074176108965889 -0.0011634667315567359 -0.1181418189836055
leaf_weight=6.356817827676422 1.0624811511952525 4.7567941231682189 0.71030270209303015 19.080659845436465 93.11699525576114 8.8078116215329008 4.4520851814668267 1.5254843329312273 8.5260699757782259 0.9007445504539644 0.49309755384456366 0.53486933012027227 0.63195702410302956 0.068877245299517109 0.78070299816317845 2.5876814407529301 0.77470132819144 6.1516380776592987 1.6745954541256649 0.48998861116706383 0.59044215167523351 0.29246979317395017 0.21437732793856401 0.87682991637848307 0.6915995916351676 1.8822488715086363 0.21025070548057545 0.15275441730045713 0.091737097478471585 0.57640182346221991
leaf_count=27819 35 7645 27 1096 10711 3106 754 52 911 62 10 48 17 2 17 94 17 253 47 60 589 119 16 37 9 950 1 181 18 17
internal_value=-0.000221546 0.0195178 0.00485953 0.0130172 -0.00482497 -0.0284495 -0.011581 0.00965144 0.0258608 -0.0726921 0.0545822 0.00258565 0.000622168 0.00604423 0.102708 -0.00232568 0.00174024 -6.96798e-06 0.0725538 -0.129756 0.0879567 0.00679001 -0.094456 -0.105982 0.169707 0.0989967 -0.11719 -0.0404237 -0.100127 -0.138847
internal_weight=169.063 31.9714 26.3317 24.6819 137.092 32.735 26.0721 19.3494 17.3339 6.72276 1.39384 104.357 102.35 23.6195 2.00717 21.6683 101.718 99.2686 2.4493 2.01547 5.63971 0.882912 6.66293 5.32892 1.22647 1.95113 1.64971 0.363005 6.44855 1.2867
internal_count=54720 10756 2403 2177 43964 32845 4992 4129 4017 863 72 11119 11045 2142 74 1190 11028 10964 64 112 8353 708 27853 791 57 952 226 182 27837 44
is_linear=0
shrinkage=0.1


Tree=80
num_leaves=31
num_cat=0
split_feature=3 12 4 11 8 4 8 8 7 5 8 8 4 4 3 4 11 7 5 3 9 4 10 3 2 7 4 2 1 8
split_gain=1.4068 1.27502 1.83815 3.67274 2.27555 2.54384 2.2341 4.008 2.24971 1.61955 1.58834 3.20024 1.79812 9.737 1.52139 3.35361 3.3288 3.17032 2.626 1.75773 1.60461 1.47877 2.77272 2.45814 1.40587 1.17277 1.04294 1.01136 0.736823 0.694914
threshold=0.5590277777777779 1.0000000180025095e-35 0.066852886405959044 1.0000000180025095e-35 44.500000000000007 0.073727351164797242 58.500000000000007 80.500000000000014 1.5000000000000002 0.92857142857142871 8.5000000000000018 2.5000000000000004 0.25108695652173918 0.27151675485008825 0.24068965517241384 0.38729838709677428 1.0000000180025095e-35 4.5000000000000009 0.92857142857142871 0.13484848484848486 1.5000000000000002 0.30289129830414241 2.5000000000000004 0.24068965517241384 0.30825791855203627 7.5000000000000009 0.52803983228511542 0.52440476190476204 0.44949494949494956 5.5000000000000009
decision_type=2 2 2 2 2 2 2 2 2 2 2 2 2 2 2 2 2 2 2 2 2 2 2 2 2 2 2 2 2 2
left_child=1 2 3 9 21 28 8 -8 -5 -1 11 12 27 -14 16 17 19 -16 -17 -12 -18 22 -4 -23 -11 -7 -13 -3 -6 -2
right_child=29 10 4 6 5 25 7 -9 -10 24 14 26 13 -15 15 18 20 -19 -20 -21 -22 23 -24 -25 -26 -27 -28 -29 -30 -31
leaf_value=-0.10070515049751692 0.024418251130553098 -0.10103824444120453 0.019194884141406854 0.082057482125770603 0.1854546277413299 0.0078816343214690564 -0.07441207562283754 0.035235168344961598 0.0049010301063835554 -0.10025159805184164 -0.10045219432451909 -0.097255522154364671 0.6518473351934696 0.0035030924174727675 -0.060282311068687339 -0.017846321059963696 0.055554960722335324 0.084120536367265089 -0.24771023173715465 -0.029291213054313866 -0.005098800648316127 0.11371967084009504 -0.052375457492080404 0.0098839110555984499 0.14495845111342012 0.070172265817741733 0.063373868039577022 0.044791981161653061 0.43769929013329023 0.1020965038869782
leaf_weight=5.4003558983167741 3.2685780416504704 1.1583812839453442 13.466409696637131 5.1378501206636455 0.33001385314855625 4.9585583814332477 7.7947609792463464 5.8250720069045201 14.289100764377507 0.40735842214780849 4.891529022272155 6.5511042169382563 0.2697454395238309 1.6397745117719749 1.8778186114795952 4.8203689624206154 5.2904070736840394 7.9873825359391049 0.55412919286754903 11.953425593645077 24.845782103715464 2.9084890559315673 9.0513227995179459 10.548705789871745 0.54882041935343295 7.7410841329838149 0.43079288193257514 0.8067838476927135 0.17840597985195927 1.778241958672879
leaf_count=14447 4129 3467 4485 136 82 416 140 94 443 966 9171 7215 18 267 131 298 398 199 67 809 350 183 763 2373 15 307 288 74 5 2984
internal_value=-0.00020337 -0.00182644 0.0062396 -0.0098538 0.0191329 0.0546319 0.003536 -0.027517 0.0253066 -0.0794656 -0.0116043 -0.0468984 0.0259824 0.0950905 -0.00544602 0.0220092 -0.0143519 0.0566338 -0.0415461 -0.0499553 0.00554897 0.00609963 -0.00957383 0.0323258 0.0404922 0.045851 -0.0873445 -0.0411687 0.273968 0.0517881
internal_weight=166.711 161.664 88.5863 39.4033 49.183 13.2081 33.0468 13.6198 19.427 6.35653 73.0774 10.8566 3.87469 1.90952 62.2208 15.2397 46.9811 9.8652 5.3745 16.845 30.1362 35.9749 22.5177 13.4572 0.956179 12.6996 6.9819 1.96517 0.50842 5.04682
internal_count=54720 47607 24855 16241 8614 810 813 234 579 15428 22752 11329 3826 285 11423 695 10728 330 365 9980 748 7804 5248 2556 981 723 7503 3541 87 7113
is_linear=0
shrinkage=0.1


Tree=81
num_leaves=31
num_cat=0
split_feature=1 7 2 1 3 3 1 2 3 1 8 2 1 7 2 2 4 3 11 4 8 5 12 3 3 5 4 11 3 4
split_gain=1.40115 0.97255 2.60775 3.81222 2.40383 2.28814 1.90354 1.72491 3.39661 1.65002 1.51877 1.41308 1.37052 1.05938 1.35543 2.99476 1.67673 0.542917 1.55671 0.438622 0.356458 1.13337 0.264409 0.734586 0.212997 0.0883478 0.0685409 0.0192981 0.0981588 0.00105381
threshold=0.81666666666666676 14.500000000000002 0.21483516483516488 0.080128205128205135 0.19615384615384621 0.37980769230769235 0.23611111111111113 1.0000000180025095e-35 0.23303167420814483 0.44949494949494956 109.50000000000001 0.49576271186440685 0.23611111111111113 36.500000000000007 1.0000000180025095e-35 0.16345083487940634 0.07278747742323903 0.14039408866995076 1.0000000180025095e-35 0.017316341829085462 34.500000000000007 0.41428571428571431 1.0000000180025095e-35 0.075498575498575513 0.39444444444444454 0.30952380952380959 0.087082912032355922 1.0000000180025095e-35 0.089572192513368995 0.28669275929549903
decision_type=2 2 2 2 2 2 2 2 2 2 2 2 2 2 2 2 2 2 2 2 2 2 2 2 2 2 2 2 2 2
left_child=1 2 4 19 9 6 -5 8 -6 10 -1 13 -9 14 16 -16 -3 18 22 -4 24 -22 23 -2 -15 -13 -21 28 -27 -7
right_child=17 11 3 5 7 29 -8 12 -10 -11 -12 25 -14 20 15 -17 -18 -19 -20 26 21 -23 -24 -25 -26 27 -28 -29 -30 -31
leaf_value=-0.084168695144077724 -0.12706418796126934 -0.1031160505448257 0.2546483434333679 -0.10400619000798572 0.1047802148168054 0.10905624378152011 -0.0017791269172668942 -0.084683454540647948 -0.018169491287537691 0.11670235691086712 0.14146261761035303 0.1711279093458318 0.020976575343351057 -0.12506840128477889 -0.1036917190271141 0.016365053765508938 0.023683238830674112 0.10061246162894866 0.10150341238353255 0.16170328036346904 -0.10607260004148743 0.10616020394418574 -0.12218299055030575 0.10256403524347511 -0.050264429289798435 -0.100743196230411 0.10570630327282715 0.1139074471127945 0.10581289457644633 0.10062322135973663
leaf_weight=10.198474461387375 0.29767001942673188 1.0750931574002596 0.23964975168928448 1.8660363942399261 2.9409492240229183 0.16035679349442888 76.320658557473507 4.2833275860248241 9.5216568728792463 0.45617652023793276 0.30731746042147357 0.2709842125623243 1.7208073341171255 0.72704882999096232 3.0779558614813123 6.3937176205872674 34.791884626247338 1.7252697395015273 1.2341595664620399 0.24665255693253163 0.55253469602030214 0.46202090650331229 0.4559721940458985 0.26187306188512594 0.79893227282445878 0.026545020984485745 1.920898867305368 0.64266264624893665 0.17259662742435466 1.9516678772633893
leaf_count=22133 17 1715 2 3536 323 29 8858 376 408 19 13 12 104 146 3062 2104 2437 3710 174 9 35 18 17 27 58 5 595 8 168 4602
internal_value=-0.000241654 -0.00168858 -0.00682387 0.00227275 -0.0323889 -0.00144451 -0.00421892 -0.0103689 0.0108444 -0.069484 -0.0775685 0.0100653 -0.0544009 0.00747613 0.0109972 -0.0226491 0.0198825 0.0584105 0.026046 0.126272 -0.055362 -0.00942339 -0.0656578 -0.0195953 -0.0859045 0.121466 0.112078 0.105479 0.0782795 0.101264
internal_weight=165.102 161.127 112.135 82.7059 29.4287 80.2987 78.1867 18.4667 12.4626 10.962 10.5058 48.992 6.00413 47.8792 45.3387 9.47167 35.867 3.97494 2.24967 2.4072 2.54054 1.01456 1.01552 0.559543 1.52598 1.11279 2.16755 0.841804 0.199142 2.11202
internal_count=54720 50775 41007 17631 23376 17025 12394 1211 731 22165 22146 9768 480 9575 9318 5166 4152 3945 235 606 257 53 61 44 204 193 604 181 173 4631
is_linear=0
shrinkage=0.1


Tree=82
num_leaves=31
num_cat=0
split_feature=1 3 3 5 8 2 1 4 7 8 10 8 8 8 3 11 4 12 3 10 7 4 4 8 4 4 3 2 3 4
split_gain=1.26061 0.906933 2.06626 1.28684 1.09443 2.26947 1.99857 1.9419 1.71545 2.49617 1.53528 0.646684 1.20498 1.02864 0.494575 1.40007 0.435212 0.233769 0.652971 0.230485 0.0131706 0.000495184 0.000148319 0.000106551 8.82476e-05 7.79064e-05 3.85467e-05 2.40974e-05 1.80927e-05 7.99127e-06
threshold=0.81666666666666676 0.46410256410256417 0.45804195804195807 0.53571428571428581 8.5000000000000018 0.15345368916797492 0.087121212121212141 0.25108695652173918 19.500000000000004 13.500000000000002 3.5000000000000004 16.500000000000004 12.500000000000002 7.5000000000000009 0.14039408866995076 1.0000000180025095e-35 0.56646586345381544 1.0000000180025095e-35 0.075498575498575513 7.5000000000000009 2.5000000000000004 0.46318879855465228 0.095389748255990309 24.500000000000004 0.31843156843156845 0.43613053613053615 0.17519181585677754 0.95119047619047625 0.47213622291021679 0.23112535612535615
decision_type=2 2 2 2 2 2 2 2 2 2 2 2 2 2 2 2 2 2 2 2 2 2 2 2 2 2 2 2 2 2
left_child=1 2 4 11 5 7 -7 -1 10 -10 -6 12 13 -3 15 17 -14 18 -2 20 -13 24 -16 -17 -5 -26 -24 -25 -23 -28
right_child=14 3 -4 21 8 6 -8 -9 9 -11 -12 19 16 -15 22 23 -18 -19 -20 -21 -22 28 26 27 25 -27 29 -29 -30 -31
leaf_value=-0.1013574916869309 -0.12386117412355264 -0.0059302293350716002 -0.29232783421423147 0.10534226111024965 -0.00076987143582468503 0.14117566483172192 -0.0022063709538900989 -0.021919970725293891 0.11601866295310433 0.013189325103218606 -0.039579090026356852 0.078862332165261922 -0.011797371343393559 0.11715165765737168 0.10450288867745659 0.10380718030530998 -0.13961779839928451 -0.11981339966261806 0.10231799633964661 -0.035279808436648255 0.11016433082686153 0.1022064970585531 0.10213852923694751 0.10175719740827341 0.10156499862353846 0.10439291440505781 0.10076464256591705 0.10065442527023108 0.10011293096978424 0.10007365662775886
leaf_weight=4.6926397411662064 0.27594940127164558 3.17076944177097 0.24698474793694813 0.19936523350770574 87.594543158957094 1.0851186044746999 9.3372910343023232 8.9400181833480001 2.6062557514524114 25.054852418892551 11.535831513181618 0.16905404950375658 0.41008379726554245 0.86404009601392306 0.089779640053165966 0.15381901012733579 0.76015673638903536 0.42032015182485338 0.23749332927400246 0.13937989546684548 0.65611051072482951 0.04259855719283212 0.1075970273814163 0.27869149670004845 0.22947194916196167 0.16928523205569945 0.19533132179640222 0.68567179352976382 1.3327899014111606 1.1691992220294194
leaf_count=10647 17 947 24 10 21184 139 9261 287 629 2045 803 27 20 365 7 11 79 17 27 56 62 3 20 25 62 18 80 138 4107 3603
internal_value=-0.000247588 -0.00157302 -0.00332504 0.0309353 -0.00285185 -0.0224073 0.0127217 -0.049264 0.000858233 0.022878 -0.00528611 0.00845205 -0.00548486 0.0204273 0.0581549 0.0258792 -0.0948261 -0.0645127 -0.0192418 0.0836609 0.103751 0.101222 0.100557 0.101363 0.103624 0.102766 0.100316 0.100973 0.100178 0.100173
internal_weight=162.85 159.237 151.094 8.14311 150.847 24.0551 10.4224 13.6327 126.791 27.6611 99.1304 6.16959 5.20505 4.03481 3.61385 2.05195 1.17024 0.933763 0.513443 0.964544 0.825165 1.97351 1.56191 1.11818 0.598122 0.398757 1.47213 0.964363 1.37539 1.36453
internal_count=54720 50775 45019 5756 44995 20334 9400 10934 24661 2674 21987 1556 1411 1312 3945 235 99 61 44 145 89 4200 3710 174 90 80 3703 163 4110 3683
is_linear=0
shrinkage=0.1


Tree=83
num_leaves=29
num_cat=0
split_feature=1 8 5 4 3 8 7 7 1 7 7 3 10 3 11 1 12 3 4 4 8 3 2 4 5 8 4 3
split_gain=1.13306 0.902352 0.969688 2.211 1.2029 0.952746 2.0681 1.00606 0.514941 1.55977 1.43534 0.483934 0.884375 0.450275 1.2599 0.227559 0.207238 0.581278 0.0796224 0.000109307 7.89349e-05 2.85813e-05 1.78568e-05 5.93199e-06 6.45197e-06 2.71471e-06 3.65503e-07 2.73898e-07
threshold=0.81666666666666676 113.50000000000001 0.30952380952380959 0.10188133993866479 0.51470588235294124 97.500000000000014 2.5000000000000004 7.5000000000000009 0.44949494949494956 12.500000000000002 4.5000000000000009 0.7947368421052633 5.5000000000000009 0.14039408866995076 1.0000000180025095e-35 0.72077922077922085 1.0000000180025095e-35 0.075498575498575513 0.536811201445348 0.095389748255990309 24.500000000000004 0.17519181585677754 0.95119047619047625 0.23112535612535615 0.18333333333333338 33.500000000000007 0.40405073649754503 0.23303167420814483
decision_type=2 2 2 2 2 2 2 2 2 2 2 2 2 2 2 2 2 2 2 2 2 2 2 2 2 2 2 2
left_child=1 2 3 15 5 7 -7 -4 9 -5 -10 18 -13 14 16 27 17 -2 -6 -15 -16 -21 -22 24 -23 -24 -25 -1
right_child=13 -3 4 8 11 6 -8 -9 10 -11 -12 12 -14 19 20 -17 -18 -19 -20 21 22 23 25 26 -26 -27 -28 -29
leaf_value=-0.1000244140688878 -0.12096814301544874 -0.098289741144395523 -0.0081383993450386636 -0.060478999098454389 0.05717819298788604 -0.038120063129167193 0.12416330701604994 0.010396592815390278 0.050404970520332548 0.00027048548030706365 -0.041743600163509594 -0.071281994978234842 0.10013496145293573 0.10405758317786316 0.10344093082286579 0.078767824215091611 -0.11771818733500101 0.1020957373089933 0.10559537571780819 0.10193435689955806 0.10158933410574894 0.10172803737570962 0.10074726571020816 0.10017128986037781 0.10034011213979253 0.10031034894327305 0.10003364454152022 -0.10065714861258519
leaf_weight=3.0657520170389034 0.25535397950443361 0.95585333234339387 65.592481700907229 5.6696530077460983 0.43744044296909068 1.3640033396659412 1.8508355519152244 52.904081215747283 4.4734721201384664 16.603767332904681 2.716999183583539 0.60358130405074895 0.60032302023319062 0.081565884618612361 0.13964888965710998 0.072873673518188187 0.38674233572965022 0.21533684810856357 1.5194069153803864 0.097542899835388996 0.25256597483530641 0.044884034432470687 0.40018728422001004 0.2537982327485222 0.13197951711481437 0.22059962735511363 0.80420714571664575 0.0068567201524273305
leaf_count=25231 17 29 7844 3246 174 12 43 7209 415 1574 169 490 2048 7 11 25 17 27 2264 20 25 3 63 314 77 75 3289 2
internal_value=-0.000217042 -0.0014222 -0.000834247 -0.0161897 0.00317571 0.00159405 0.0553091 0.00013675 -0.00768181 -0.0151932 0.0155856 0.0640807 0.0141945 0.0579186 0.0257257 -0.0958836 -0.0634817 -0.0189184 0.094772 0.100504 0.101233 0.100286 0.10088 0.100156 0.100692 0.100592 0.100067 -0.100026
internal_weight=161.722 158.437 157.482 32.6094 124.872 121.711 3.21484 118.497 29.4639 22.2734 7.19047 3.16075 1.2039 3.28441 1.87043 3.14548 0.857433 0.470691 1.95685 1.41398 1.013 1.33241 0.873353 1.23487 0.176864 0.620787 1.05801 3.07261
internal_count=54720 50775 50746 30662 20084 15108 55 15053 5404 4820 584 4976 2538 3945 235 25258 61 44 2438 3710 174 3703 163 3683 80 138 3603 25233
is_linear=0
shrinkage=0.1


Tree=84
num_leaves=24
num_cat=0
split_feature=4 7 8 8 2 7 2 2 1 1 8 2 7 12 3 3 2 10 2 5 2 5 3
split_gain=1.02837 0.955909 0.814722 1.51614 1.27334 0.998078 1.30256 1.13216 0.714694 0.358162 0.170317 0.155736 0.38377 0.0431937 0.023626 0.000435983 0.000240162 1.35595e-05 3.86073e-06 8.78665e-07 5.54054e-07 6.5284e-07 2.54339e-09
threshold=0.73557158712541637 40.500000000000007 110.50000000000001 97.500000000000014 0.34400614754098363 1.0000000180025095e-35 0.5480030721966207 0.70106382978723414 0.38750000000000007 0.58571428571428574 44.500000000000007 0.090230664857530549 12.500000000000002 1.0000000180025095e-35 0.21980676328502416 0.58578431372549034 0.13536417773705914 5.5000000000000009 0.17694497153700192 0.21111111111111114 0.26365441906653431 0.41428571428571431 0.44097222222222227
decision_type=2 2 2 2 2 2 2 2 2 2 2 2 2 2 2 2 2 2 2 2 2 2 2
left_child=1 2 3 5 8 6 -1 -7 -5 -4 13 12 -2 14 -3 -14 -13 -17 -18 -19 21 -20 -22
right_child=11 10 9 4 -6 7 -8 -9 -10 -11 -12 16 15 -15 -16 17 18 19 20 -21 22 -23 -24
leaf_value=0.059322417104772665 -0.045726598429149105 -0.11752847721330573 -0.12130884166432104 0.069794076254100904 0.023110604583233475 -0.0057130726168490142 -0.0087814580807186633 0.02818538061848366 0.24808260588273578 -0.028219715976234263 -0.023287326792988991 0.1059905413721724 0.10896583284566103 -0.13818731067130668 -0.067091689363410575 0.10156229286438914 0.10090236736517089 0.10048459595847947 0.10069498313254927 0.10005774352557467 0.10004896286933529 0.10006674069760438 0.10001965376168867
leaf_weight=6.0500256971063191 0.30266242555808176 0.18399534136187756 0.74742819455423049 0.39453047423739862 1.5704964430115067 131.74762117168575 5.2413684654602548 10.648936036523081 0.52275292566628195 0.92460607070825063 0.25209229068423156 0.074343430926091747 0.075510956346988678 0.44795792696459102 0.18753514136187732 0.098625010374234989 0.055468382139224559 0.066101464093662798 0.027353390119969845 0.17831413849489763 0.030729192847502418 0.041843448780127801 0.81143222856917419
leaf_count=1718 44 35 34 53 24 43327 2684 1665 4 11 19 26 1 32 6 21 30 18 5 503 82 103 4275
internal_value=-0.000195093 -0.00103756 -0.000398542 0.000344822 0.077787 -0.000908751 0.0277092 -0.00317802 0.171399 -0.0698322 -0.0951673 0.0757727 0.0400559 -0.117279 -0.0920698 0.102087 0.100514 0.100573 0.100092 0.100173 0.100043 0.100315 0.100021
internal_weight=160.682 158.919 157.848 156.176 2.48778 153.688 11.2914 142.397 0.917283 1.67203 1.07158 1.76238 0.721214 0.819488 0.37153 0.418552 1.04117 0.343041 0.966827 0.244416 0.911358 0.0691968 0.842161
internal_count=54720 49612 49520 49475 81 49394 4402 44992 57 45 92 5108 587 73 41 543 4521 542 4495 521 4465 108 4357
is_linear=0
shrinkage=0.1


Tree=85
num_leaves=31
num_cat=0
split_feature=1 3 1 8 7 3 3 4 7 10 3 11 4 8 5 2 7 4 7 4 3 8 2 7 3 2 8 3 11 7
split_gain=1.01379 0.810248 3.67632 2.05407 3.06937 2.48574 2.47921 2.41087 2.20218 1.9523 2.06463 3.36032 1.95429 1.4276 1.40412 2.96665 1.16518 1.21583 1.12838 1.0362 2.47712 1.97338 1.80284 1.64153 3.08482 2.02376 0.905705 0.400764 1.12402 0.368568
threshold=0.81666666666666676 0.12310606060606062 0.23611111111111113 40.500000000000007 26.500000000000004 0.15894736842105264 0.14907407407407411 0.15857863751051307 18.500000000000004 1.5000000000000002 0.082207207207207214 1.0000000180025095e-35 0.23979166666666671 52.500000000000007 0.92857142857142871 0.16152751423149908 32.500000000000007 0.16929280397022337 2.5000000000000004 0.25108695652173918 0.23303167420814483 23.500000000000004 0.42365967365967372 26.500000000000004 0.29705882352941182 0.16345083487940634 66.500000000000014 0.14039408866995076 1.0000000180025095e-35 25.500000000000004
decision_type=2 2 2 2 2 2 2 2 2 2 2 2 2 2 2 2 2 2 2 2 2 2 2 2 2 2 2 2 2 2
left_child=1 2 14 19 6 -6 8 -7 -5 10 11 -4 26 -12 16 -16 29 -18 -8 23 21 -21 -22 25 -25 -3 -11 28 -2 -1
right_child=27 3 9 4 5 7 18 -9 -10 12 13 -13 -14 -15 15 -17 17 -19 -20 20 22 -23 -24 24 -26 -27 -28 -29 -30 -31
leaf_value=-0.099314763037863102 -0.06182119331271916 -0.07627681245719356 -0.091272088789516134 0.086165675776139733 0.10235524680591837 -0.14341636300501953 -0.02652305596983975 -0.0074740747259597244 0.30140010038797482 -0.11133204909755115 0.070334245292549738 0.0047711636639263429 -0.41686988669131264 0.34579228004442397 -0.10016502509653191 0.21308890481055923 -0.10131542172921298 0.21424795380791983 0.052088154599901973 0.094292729070186862 -0.01483107339492256 -0.048817233049850785 0.061695207466333307 -0.0067946729007588927 0.21232195412788823 -0.0043804379938157242 0.079609353141241568 0.10046959948417372 0.10110609212109645 -0.03739759189877203
leaf_weight=6.7518146359943749 0.78447559189225946 7.3471925771445994 3.8785036396366186 1.5092861695447966 1.320671819790731 1.8747947380179537 2.1677355675055869 4.2891007924336009 0.69392727025842749 1.1355407513728994 2.1275698283789093 59.968641026760451 0.18233914673328389 0.20639865286648262 0.71135794749716363 0.52577689764439128 0.22720595069768013 0.26392032945295796 11.58071130090684 4.6892845316906451 26.589375886753263 1.2127311716321854 3.4815645118360399 3.8365870548732337 0.77175398916006077 8.3812505296227737 0.31798496274859633 1.2616690642680621 0.92003914690576494 1.1209977615581008
leaf_count=25442 61 2372 8582 144 33 14 114 99 20 585 460 695 1 2 2248 35 298 6 356 247 2347 22 5077 211 8 529 34 3710 174 794
internal_value=-0.000172591 -0.00126569 -0.00855297 0.00580887 0.0306861 -0.0221463 0.0554752 -0.0488219 0.153956 -0.000353688 0.00231385 -0.00106315 -0.108273 0.0946937 -0.0664685 0.0329665 -0.0811762 0.0682613 0.0396934 -0.00454507 0.00565453 0.0648869 -0.00597099 -0.0225868 0.0299006 -0.0379652 -0.0695602 0.0577455 0.0261214 -0.0904985
internal_weight=160.13 157.164 77.4181 79.746 23.4362 7.48457 15.9517 6.1639 2.20321 67.817 66.1811 63.8471 1.63586 2.33397 9.60107 1.23713 8.36394 0.491126 13.7484 56.3097 35.973 5.90202 30.0709 20.3368 4.60834 15.7284 1.45353 2.96618 1.70451 7.87281
internal_count=54720 50775 39182 11593 780 146 634 113 164 10359 9739 9277 620 462 28823 2283 26540 304 470 10813 7693 269 7424 3120 219 2901 619 3945 235 26236
is_linear=0
shrinkage=0.1


Tree=86
num_leaves=31
num_cat=0
split_feature=3 1 9 4 8 4 10 3 2 4 8 3 3 2 10 2 3 3 8 4 7 1 5 11 12 3 2 4 9 1
split_gain=0.931447 2.31309 2.13606 1.7267 1.56531 2.60819 2.75635 3.33921 2.35071 2.23439 1.68388 1.62688 1.71972 1.53782 1.23224 1.02252 0.992735 1.60731 1.58742 0.826338 0.679504 1.28388 0.669481 0.450282 0.240163 0.225724 0.178172 0.403253 0.054245 0.00530976
threshold=0.28991596638655465 0.41428571428571431 1.5000000000000002 0.21458087367178277 21.500000000000004 0.10726270373921382 2.5000000000000004 0.27888888888888896 0.15655637254901963 0.30289129830414241 16.500000000000004 0.267948717948718 0.26491228070175443 0.173494983277592 4.5000000000000009 1.0000000180025095e-35 0.24068965517241384 0.23303167420814483 39.500000000000007 0.37066905615292717 9.5000000000000018 0.72077922077922085 0.63333333333333341 1.0000000180025095e-35 1.0000000180025095e-35 0.29705882352941182 0.36899313501144165 0.21458087367178277 4.5000000000000009 0.31666666666666671
decision_type=2 2 2 2 2 2 2 2 2 2 2 2 2 2 2 2 2 2 2 2 2 2 2 2 2 2 2 2 2 2
left_child=4 2 3 -2 5 23 7 8 -7 22 -11 12 16 15 24 -5 17 -6 -18 -9 -3 -22 -8 28 -13 -15 29 -28 -1 -4
right_child=1 20 26 13 11 6 9 19 -10 10 -12 14 -14 25 -16 -17 18 -19 -20 -21 21 -23 -24 -25 -26 -27 27 -29 -30 -31
leaf_value=-0.10120283059897338 0.13791143224219118 0.10306793221493754 -0.13644783755929679 0.0062656474247360875 0.0015611138717463949 -0.014253496909376754 -0.11966646932273045 -0.14961486908696706 0.062530523542980679 0.12795421617691163 -0.10901304600461928 0.10559110891017776 -0.16833133391430388 -0.10544867085308809 -0.0054437727951367086 -0.065186835519338987 -0.052973825298396671 -0.093408955906050278 0.12753115809738422 0.014765677064369695 0.10238365434713526 -0.16436304540791616 -0.021635858958122627 0.066255854649295162 0.19920023112760354 0.10625275325672084 -0.13435718461540688 0.10075291025464438 -0.01565483925974449 -0.12302020015865234
leaf_weight=4.3428761911200153 1.0363267947686932 3.4710568027949185 0.57678724545985349 18.414726751201677 94.379250486912497 8.1308679478170252 3.8594550046327631 1.5239408636116429 7.8234779203485241 0.85918635001871713 0.46064155001658946 0.46940591192105674 0.60139570839237322 0.052029370213857784 0.7454562002676538 2.2471984780277117 0.72864073584787492 1.8163669735658903 1.4703773650107903 0.38258890996803518 0.46387766030966293 0.29530161141883582 0.85009734795312386 0.16968441422795866 0.6586416345089674 1.574591343058273 0.19032497704029072 0.11829347637831233 0.075407765514682867 0.60171450719644781
leaf_count=27819 35 7645 6 1055 10930 3106 754 59 911 62 10 48 17 2 17 135 17 34 47 53 589 119 37 16 9 950 1 181 18 38
internal_value=-0.000208209 0.0159756 0.00432269 0.0117313 -0.00384192 -0.0245454 -0.0112833 0.00845187 0.0233988 -0.069745 0.0452488 0.00200325 0.000256153 0.00586448 0.0943198 -0.00150555 0.00128657 -0.000232112 0.0677212 -0.116628 0.0843242 -0.00137409 -0.101971 -0.0936034 0.160247 0.0994812 -0.111879 -0.0442395 -0.0997428 -0.129592
internal_weight=158.39 29.0422 24.812 23.3249 129.348 28.4782 23.8903 17.8609 15.9543 6.02938 1.31983 100.87 98.996 22.2885 1.8735 20.6619 98.3946 96.1956 2.19902 1.90653 4.23024 0.759179 4.70955 4.58797 1.12805 1.62662 1.48712 0.308618 4.41828 1.1785
internal_count=54720 10756 2403 2177 43964 32845 4992 4129 4017 863 72 11119 11045 2142 74 1190 11028 10964 64 112 8353 708 791 27853 57 952 226 182 27837 44
is_linear=0
shrinkage=0.1


Tree=87
num_leaves=31
num_cat=0
split_feature=4 7 7 4 7 5 8 2 1 3 1 2 8 3 8 2 7 7 1 12 3 1 3 2 10 2 5 2 5 3
split_gain=0.850051 0.786987 0.774473 1.79116 1.97197 2.93953 1.77202 1.76137 3.89419 3.19896 2.4523 2.09814 1.89517 0.173018 0.158205 0.126282 0.323723 0.159648 0.104788 0.0416894 0.0217204 0.00488022 0.000398948 0.000220394 1.11987e-05 3.42824e-06 6.58764e-07 3.12062e-07 3.6921e-07 1.15898e-09
threshold=0.73557158712541637 40.500000000000007 21.500000000000004 0.07278747742323903 26.500000000000004 0.92857142857142871 28.500000000000004 0.20611577964519143 0.080128205128205135 0.19615384615384621 0.23611111111111113 1.0000000180025095e-35 62.500000000000007 0.16064516129032261 44.500000000000007 0.090230664857530549 12.500000000000002 11.500000000000002 0.72077922077922085 1.0000000180025095e-35 0.21980676328502416 0.38750000000000007 0.58578431372549034 0.13536417773705914 5.5000000000000009 0.17694497153700192 0.21111111111111114 0.26365441906653431 0.41428571428571431 0.44097222222222227
decision_type=2 2 2 2 2 2 2 2 2 2 2 2 2 2 2 2 2 2 2 2 2 2 2 2 2 2 2 2 2 2
left_child=1 2 7 18 6 -6 -5 9 13 12 -10 -11 -1 -9 19 16 17 -2 21 20 -3 -4 -18 -17 -24 -25 -26 28 -27 -29
right_child=15 14 3 4 5 -7 -8 8 10 11 -12 -13 -14 -15 -16 23 22 -19 -20 -21 -22 -23 24 25 26 27 -28 29 -30 -31
leaf_value=-0.085509538552856701 0.04375453010102083 -0.11349415131344542 -0.10409273381722457 0.0025272938157122312 0.017636487034045235 -0.09350061140768573 0.08772648138318305 0.16387484495380689 -0.10573873333954763 0.013436591785143993 0.0029065575218643214 -0.053929283048656809 0.022549795856577515 0.10719933513144005 -0.020030715803661892 0.10587612835982406 0.10871001098550691 -0.10472395449397293 0.10257127096127037 -0.13325293297406035 -0.062582340462961433 -0.12275799035386477 0.10146693810160688 0.10087596412859334 0.10044216139501404 0.10057370116210188 0.10005569858797188 0.10003794263764017 0.10005531283223096 0.1000153445571085
leaf_weight=9.2717757728241832 0.13296106457710155 0.15491585743802605 1.0662854695001467 4.0016061467686104 14.222338354749811 2.8581766081479136 6.2601260786905186 0.75198448309674804 2.1303303809581839 19.461974148245648 83.850989450475026 6.0638307122499091 1.9674091895139998 1.8986042388569329 0.24824717905721627 0.072194400621810928 0.073702059686183929 0.1590322422562167 0.02443973347544659 0.41619157178865862 0.1825345647521317 0.16126361969509151 0.092589061736362055 0.052180324535584077 0.060347394552081823 0.022636250942014158 0.16390619066078216 0.023550718062324449 0.034956219926243648 0.62471036677015945
leaf_count=25025 35 35 1852 479 624 131 173 24 4520 880 14349 481 584 376 19 26 1 9 1 32 6 21 21 30 18 5 503 82 103 4275
internal_value=-0.00019835 -0.000926444 -0.00035168 0.0144995 0.0198551 -0.000960696 0.0545027 -0.00373818 0.00389498 -0.02214 0.00021469 -0.00256664 -0.0665938 0.123278 -0.0892682 0.0743997 0.0425342 -0.0371133 -0.102463 -0.112075 -0.0859548 -0.106545 0.102083 0.100597 0.100542 0.100094 0.10016 0.100036 0.100259 0.100016
internal_weight=156.506 154.993 153.991 28.5942 27.3422 17.0805 10.2617 125.397 88.6319 36.765 85.9813 25.5258 11.2392 2.65059 1.00189 1.51277 0.682538 0.291993 1.25199 0.753642 0.33745 1.22755 0.390545 0.830228 0.316843 0.758034 0.224254 0.705854 0.0575925 0.648261
internal_count=54720 49612 49520 3281 1407 755 652 46239 19269 26970 18869 1361 25609 400 92 5108 587 44 1874 73 41 1873 543 4521 542 4495 521 4465 108 4357
is_linear=0
shrinkage=0.1


Tree=88
num_leaves=31
num_cat=0
split_feature=1 1 8 8 8 5 4 3 10 8 7 7 8 8 3 3 5 4 11 1 3 4 8 4 5 2 3 8 4 5
split_gain=0.826828 0.758093 3.17006 7.85003 1.34434 0.816105 1.63328 0.905034 0.922357 1.97205 1.04105 0.509503 2.17214 1.38428 0.509379 0.7488 0.370253 0.354588 1.00373 0.190257 0.132669 0.0698894 2.93566e-05 2.6766e-05 1.10508e-05 9.19483e-06 1.67018e-06 1.53303e-06 2.23737e-07 1.71897e-07
threshold=0.81666666666666676 0.78888888888888908 37.500000000000007 36.500000000000007 32.500000000000007 0.30952380952380959 0.10188133993866479 0.51470588235294124 5.5000000000000009 30.500000000000004 7.5000000000000009 29.500000000000004 39.500000000000007 65.500000000000014 0.7947368421052633 0.83666666666666678 0.21111111111111114 0.14918826918041375 1.0000000180025095e-35 0.72077922077922085 0.075498575498575513 0.536811201445348 25.500000000000004 0.23112535612535615 0.13392857142857145 0.95119047619047625 0.12310606060606062 33.500000000000007 0.40405073649754503 0.21111111111111114
decision_type=2 2 2 2 2 2 2 2 2 2 2 2 2 2 2 2 2 2 2 2 2 2 2 2 2 2 2 2 2 2
left_child=1 5 3 4 16 6 19 8 10 -10 -7 13 -13 -8 21 -16 -3 18 20 -1 -2 -9 -20 24 -19 -24 -26 -27 29 -25
right_child=17 2 -4 -5 -6 7 11 14 9 -11 -12 12 -14 -15 15 -17 -18 23 22 -21 -22 -23 25 28 26 27 -28 -29 -30 -31
leaf_value=-0.10002380189191494 -0.11617879937383474 -0.08508897813485608 0.10482002678914144 -1.1534040838693675 -0.28860569247818396 -0.0048858191581914604 -0.020594197575548041 0.058520342998884423 -0.13743135907822429 0.017422945998706373 0.014331068760475799 0.071808834813111871 -0.080379327691809957 0.07788884904157059 -0.076705669609515206 0.10014000693116701 0.10244387469195092 0.10182234093249448 0.10242336057936718 0.078342567245045736 -0.027742121674657227 0.10560407717310308 0.10128202644179861 0.10025230357624229 0.10104474706906444 0.10061859766615076 0.10028240463326261 0.10025489380123893 0.10002526212226673 0.10007298519315602
leaf_weight=2.2833865749526043 0.26578921629697949 0.21239187322498654 0.54788963458850048 0.079183012247085571 0.24016480287536979 65.556029529179796 22.089490727899836 0.41900826456549056 1.4545210863579989 1.8922315374657044 49.459563576660003 2.9332624925591508 1.378611992113292 1.5258428954984982 0.53143121842003882 0.43575081812014105 0.20875724554207409 0.1416589645668862 0.11768232681788504 0.061410291891661362 0.46886885728599736 1.2732516613759797 0.20504298992455006 0.088094050472136587 0.043487693648785353 0.32136892643757164 0.084734659496461973 0.18125726375728846 0.56051094410941005 0.13597133239090908
leaf_count=25246 29 42 30 1 8 7716 5124 170 50 111 7116 158 36 45 459 1984 315 10 13 20 36 2144 25 46 6 61 66 75 3290 288
internal_value=-0.000199932 -0.00115538 -0.0775384 -0.212464 -0.0998002 -0.000504916 -0.0151899 0.00316834 0.00187209 -0.0498778 0.00337792 -0.00845938 0.0231505 -0.014231 0.0608599 0.00296976 0.00786822 0.0555606 0.025283 -0.0953524 -0.0597373 0.093946 0.100961 0.100355 0.101214 0.100718 0.100541 0.100487 0.100059 0.100143
internal_weight=155.197 152.582 1.28839 0.740497 0.661314 151.294 30.272 121.022 118.362 3.34675 115.016 27.9272 4.31187 23.6153 2.65944 0.967182 0.421149 2.61447 1.56001 2.3448 0.734658 1.69226 0.825352 1.05446 0.269881 0.707669 0.128222 0.502626 0.784576 0.224065
internal_count=54720 50775 396 366 365 50379 30629 19750 14993 161 14832 5363 194 5169 4757 2443 357 3945 239 25266 65 2314 174 3706 82 161 72 136 3624 334
is_linear=0
shrinkage=0.1


Tree=89
num_leaves=31
num_cat=0
split_feature=12 5 2 2 8 2 1 8 5 1 2 2 7 7 1 8 8 8 2 7 3 11 8 7 7 4 4 2 8 8
split_gain=0.783772 1.38389 1.30527 1.56168 3.82553 3.31953 3.0024 2.49205 1.83396 1.16331 2.99083 3.72029 3.02563 1.94093 2.08567 1.98236 1.23594 1.816 1.06453 1.64272 1.42999 1.02638 0.997584 2.27685 1.63211 0.994361 1.1794 0.859028 0.993226 0.928089
threshold=1.0000000180025095e-35 0.58571428571428574 0.62645348837209314 0.50471698113207564 45.500000000000007 0.55684754521963831 0.58571428571428574 30.500000000000004 0.30952380952380959 0.61250000000000016 0.69337606837606847 0.70106382978723414 1.0000000180025095e-35 1.5000000000000002 0.44949494949494956 62.500000000000007 37.500000000000007 36.500000000000007 0.19848484848484851 15.500000000000002 0.16064516129032261 1.0000000180025095e-35 50.500000000000007 5.5000000000000009 7.5000000000000009 0.66849816849816857 0.13004065040650412 0.85239651416122009 101.50000000000001 30.500000000000004
decision_type=2 2 2 2 2 2 2 2 2 2 2 2 2 2 2 2 2 2 2 2 2 2 2 2 2 2 2 2 2 2
left_child=1 9 3 6 5 7 22 -5 -7 10 13 -12 -13 15 -15 -1 17 21 19 25 -21 -11 24 -24 -2 26 -3 28 -4 -29
right_child=2 18 27 4 -6 8 -8 -9 -10 16 11 12 -14 14 -16 -17 -18 -19 -20 20 -22 -23 23 -25 -26 -27 -28 29 -30 -31
leaf_value=0.071453439487406054 -0.046152356649189312 -0.1146947310190074 0.065650601857129134 0.059866421218053814 -0.1223382967815741 -0.11682221072921473 0.097997116564859488 -0.13686951109274745 0.10168589237915776 -0.012646725258150436 -0.252890631985834 -0.19602989229881015 0.0048440236657234428 -0.016302663914256645 0.028009661395325944 -0.032608555508000486 0.10452502418512676 -0.23516537810355156 0.087538234627696124 -0.12343217619784304 0.098435006330464314 0.1034070926116705 0.086995672327333184 -0.011980082024658188 -0.0033219730936757293 -0.19143207292455555 0.019553588417975633 0.056774269214693876 -0.09107737206004321 -0.081077193161501082
leaf_weight=7.2530449665391625 13.972437760847241 0.81260556332563094 4.9295916679839129 0.94192107148410142 4.151756354389363 0.44529955528560128 2.6585022277940871 2.0346817869722145 2.7952192153752549 2.0996150642604334 0.94623497837164805 0.93807191352243524 3.7368803823119379 36.89968310173208 14.915153249887224 2.4486408145239693 2.1546501186967362 0.28144276862440154 3.2590848346590064 0.32447884531575288 2.7740941853408003 1.1962412943830711 3.160169934948498 8.7862762648219341 24.493455139789148 0.31282068458676793 3.3613010321860202 0.83530073882866451 0.44047772884368885 1.1759587303240548
leaf_count=2392 10590 917 2049 384 49 137 312 28 333 1033 18 42 181 17464 884 92 212 12 3687 263 293 84 219 537 10632 54 89 1657 3 73
internal_value=-0.000139718 0.00641061 -0.00788254 -0.0125133 -0.0480092 0.00162728 -0.00557823 -0.0746141 0.0716594 0.00145063 -0.0022412 -0.0720635 -0.0354632 0.00413895 -0.00354715 0.0451889 0.0446926 0.00865485 0.0397396 0.0192025 0.0752013 0.0294754 -0.0110403 0.0142018 -0.0188798 -0.0194708 -0.00658282 0.0319175 0.0527951 -0.0238258
internal_weight=154.535 83.714 70.821 63.4397 10.3689 6.21712 53.0708 2.9766 3.24052 72.8697 67.1377 5.62119 4.67495 61.5165 51.8148 9.70169 5.73195 3.5773 10.8444 7.5853 3.09857 3.29586 50.4123 11.9464 38.4659 4.48673 4.17391 7.38133 5.37007 2.01126
internal_count=54720 27717 27003 23221 931 882 22290 412 470 22414 21073 241 223 20832 18348 2484 1341 1129 5303 1616 556 1117 21978 756 21222 1060 1006 3782 2052 1730
is_linear=0
shrinkage=0.1


Tree=90
num_leaves=31
num_cat=0
split_feature=3 1 9 3 2 8 4 10 3 4 7 8 3 10 3 4 3 8 12 7 10 7 4 5 7 1 3 11 12 2
split_gain=0.729772 1.96246 1.76122 1.4025 1.56292 1.20477 2.25597 2.41751 2.81657 1.98062 1.83826 1.36681 1.34031 1.52275 1.75377 1.8183 1.65111 1.53664 1.67533 1.19086 1.0649 0.807209 0.776089 0.641008 0.605427 0.976385 0.484554 0.36135 0.152727 0.128307
threshold=0.28991596638655465 0.41428571428571431 1.5000000000000002 0.30217391304347835 0.173494983277592 21.500000000000004 0.10726270373921382 2.5000000000000004 0.27888888888888896 0.30289129830414241 26.500000000000004 16.500000000000004 0.267948717948718 3.5000000000000004 0.22902097902097904 0.18225524475524477 0.21240601503759401 28.500000000000004 1.0000000180025095e-35 13.500000000000002 4.5000000000000009 19.500000000000004 0.37066905615292717 0.63333333333333341 9.5000000000000018 0.72077922077922085 0.26491228070175443 1.0000000180025095e-35 1.0000000180025095e-35 0.36899313501144165
decision_type=2 2 2 2 2 2 2 2 2 2 2 2 2 2 2 2 2 2 2 2 2 2 2 2 2 2 2 2 2 2
left_child=5 2 3 21 19 6 27 8 10 23 -8 -11 13 14 16 -16 -7 26 -19 -5 28 -2 -10 -9 -3 -26 -15 -1 -14 -4
right_child=1 24 29 4 -6 12 7 9 22 11 -12 -13 20 17 15 -17 -18 18 -20 -21 -22 -23 -24 -25 25 -27 -28 -29 -30 -31
leaf_value=-0.09950576931603887 0.038852779455642208 0.10323804573593556 -0.12143969138044358 -0.036779265079992053 0.10449951277896991 0.0035328145791531235 0.031593849545025005 -0.11822469366329456 -0.14357991740363196 0.11714610876945174 -0.1050311862390103 -0.10058713311523437 0.10457572200451025 -0.11701831160532737 -0.0093705235105233358 0.15490688705813049 -0.079835646171430352 0.024329199784048523 -0.081474467723221575 0.014887056702937263 -0.0042947482051624644 0.18989505914150706 0.017321404722592668 -0.019942115209498023 0.10238036514355703 -0.13801668063484643 -0.27370930111202957 0.060544243321379344 0.18237410927595452 -0.044761079858665204
leaf_weight=3.6713042606425037 0.78648138692370639 2.9224000851027081 1.0904960178449972 6.8001364720694317 1.455134983989409 84.907173981613596 14.31295157656132 3.5078742781406609 1.4274974138243131 0.8366853322368113 1.0575583977479261 0.43988696197629906 0.41620283445808925 0.75928562035551184 1.2042796682217152 1.5294764502905307 2.4439778580854172 3.1888011505725444 2.8201326685157255 12.969761977787128 0.74605271784821514 0.64318302366882563 0.37945851273252618 0.81843479257076968 0.39309163083089504 0.29630395988351665 0.26667284895665944 0.14670073112938542 0.64088453073054552 0.2728195716626941
leaf_count=27837 37 7645 44 237 941 10623 3876 754 59 62 141 10 48 73 22 40 52 131 99 948 17 14 53 37 589 119 5 16 9 182
internal_value=-8.59588e-05 0.0146271 0.00429226 0.0109352 0.00447766 -0.00332461 -0.0222182 -0.0102954 0.00830957 -0.0673352 0.0221934 0.0421186 0.0017555 0.000169455 0.00366861 0.0825391 0.00120027 -0.0446388 -0.0253269 -0.00288431 0.087182 0.106804 -0.109791 -0.099632 0.0833527 -0.00094289 -0.157746 -0.0933561 0.151743 -0.106095
internal_weight=153.151 27.6298 24.018 22.6547 21.225 125.521 26.5984 22.7803 17.1775 5.60288 15.3705 1.27657 98.9229 97.1198 90.0849 2.73376 87.3512 7.03489 6.00893 19.7699 1.80314 1.42966 1.80696 4.32631 3.6118 0.689396 1.02596 3.818 1.05709 1.36332
internal_count=54720 10756 2403 2177 2126 43964 32845 4992 4129 863 4017 72 11119 11045 10737 62 10675 308 230 1185 74 51 112 791 8353 708 78 27853 57 226
is_linear=0
shrinkage=0.1


Tree=91
num_leaves=31
num_cat=0
split_feature=3 3 5 8 8 12 4 2 7 3 10 3 8 4 4 10 2 1 3 2 4 7 3 4 8 2 5 4 2 12
split_gain=0.674572 1.19599 1.00845 0.698091 1.67797 2.13792 1.54621 1.42422 2.49407 1.39406 1.14376 2.85983 1.63569 0.842795 0.774711 0.553737 0.977293 0.729013 0.606358 0.445138 0.299843 0.176121 0.18446 0.131133 0.0723285 0.0751475 0.00643019 0.000325724 0.00030633 7.2914e-05
threshold=0.46410256410256417 0.45804195804195807 0.53571428571428581 8.5000000000000018 2.5000000000000004 1.0000000180025095e-35 0.27151675485008825 0.12933094384707292 17.500000000000004 0.41421568627450983 3.5000000000000004 0.21980676328502416 43.500000000000007 0.13004065040650412 0.60136986301369866 5.5000000000000009 0.061381475667189961 0.12916666666666668 0.56385869565217395 0.21244358478401035 0.52803983228511542 8.5000000000000018 0.47213622291021679 0.54616477272727282 12.500000000000002 0.16345083487940634 0.21111111111111114 0.46318879855465228 0.19848484848484851 1.0000000180025095e-35
decision_type=2 2 2 2 2 2 2 2 2 2 2 2 2 2 2 2 2 2 2 2 2 2 2 2 2 2 2 2 2 2
left_child=1 3 15 4 7 6 -6 8 -1 10 11 -5 -12 -9 23 16 18 21 -2 -19 -7 22 -17 -11 28 -26 -23 29 -18 -4
right_child=2 -3 27 9 5 20 -8 13 -10 14 12 -13 -14 -15 -16 17 24 19 -20 -21 -22 26 -24 -25 25 -27 -28 -29 -30 -31
leaf_value=-0.08958467974133108 -0.078824675032531766 -0.19633200187707156 0.10460188014539601 -0.001201121699905212 -0.058106665220080816 -0.095816088324474788 0.030693329024396844 -0.024617415422320724 0.059065097956534723 0.10565239856756203 -0.049185943284031003 0.054532483242430221 0.013061044360348785 0.084277903327674542 -0.11708143078639464 -0.10941913296393838 0.10463952215255326 -0.10545565671908824 0.010630432145603158 0.10008063919179962 0.050167147761525491 0.11792081195037898 0.10182410434446272 0.018915562204033776 -0.10392930461068312 0.10016487201429869 0.10174790362246762 0.10020975635564709 0.1002883012628554 0.10221349605555162
leaf_weight=2.4785146336107591 1.6019995799288151 0.31460047919244871 0.23142846187693056 92.834475669533276 3.4912869862800999 4.8676885412951378 4.4731203816481866 0.91895413610109233 2.0725253746368253 1.8627981643730889 10.188550749553544 10.220315199898321 7.208030483860056 3.136620465265878 0.18318535674188741 0.078672796487808117 0.37134302977938194 0.35669787786900986 1.4378186296671627 0.14954683435644256 0.14488560309837328 0.70323624637967419 0.087103459016361739 0.19229599937534647 0.03637806698679924 0.035789524714346044 0.37796679609891726 1.0365850529196903 0.28672219376312569 0.28551502664049622
leaf_count=2585 20 28 53 23388 5918 7171 860 3242 502 225 677 619 314 693 19 1 17 16 25 855 116 31 43 40 1 86 187 5950 967 71
internal_value=-9.1256e-05 -0.00156671 0.030054 -0.001142 -0.0177266 -0.0404336 -0.00823314 0.0165108 -0.0218902 0.00177557 0.000322492 0.00432618 -0.0233948 0.0596033 0.0799716 0.0100337 -0.0115585 0.0564648 -0.0365129 -0.0447394 -0.0915965 0.0975513 0.00157394 0.0975364 0.0923214 -0.00271443 0.112267 0.101232 0.102744 0.103283
internal_weight=151.665 144.588 7.0768 144.273 21.5836 12.977 7.96441 8.60661 4.55104 122.69 120.451 103.055 17.3966 4.05557 2.23828 5.52328 3.77005 1.75322 3.03982 0.506245 5.01257 1.24698 0.165776 2.05509 0.730233 0.0721676 1.0812 1.55353 0.658065 0.516943
internal_count=54720 46397 8323 46369 21087 14065 6778 7022 3087 25282 24998 24007 991 3935 284 2249 1116 1133 45 871 7287 262 44 265 1071 87 218 6074 984 124
is_linear=0
shrinkage=0.1


Tree=92
num_leaves=7
num_cat=0
split_feature=8 8 8 8 8 8
split_gain=0.667357 0.649239 1.48613 1.20641 0.889309 1.55789
threshold=113.50000000000001 111.50000000000001 110.50000000000001 104.50000000000001 101.50000000000001 97.500000000000014
decision_type=2 2 2 2 2 2
left_child=1 2 3 4 5 -1
right_child=-2 -3 -4 -5 -6 -7
leaf_value=-0.0004759772517836383 -0.086529955909934217 0.13247026470549739 -0.20009231181386369 0.12718534463713718 -0.12284857435949025 0.11432708406642318
leaf_weight=146.28484613862747 0.88766208167362393 0.37148381321458046 0.36987943291023739 0.74912852908891991 0.58728772620815917 1.1916591045446683
leaf_count=54592 33 5 7 20 23 40
internal_value=-7.88841e-05 0.000434236 0.00010545 0.000603048 -3.73947e-05 0.00045167
internal_weight=150.442 149.554 149.183 148.813 148.064 147.477
internal_count=54720 54687 54682 54675 54655 54632
is_linear=0
shrinkage=0.1


Tree=93
num_leaves=29
num_cat=0
split_feature=1 8 5 4 4 7 10 8 3 7 7 8 8 3 11 3 12 3 2 4 8 3 2 4 5 8 4 3
split_gain=0.634325 0.594536 0.581956 1.4111 0.761934 1.06072 0.912366 2.10065 1.21311 0.713175 0.448863 1.81104 1.15743 0.288657 0.844808 0.176678 0.17267 0.443126 0.155204 4.68006e-05 9.71475e-06 8.57215e-06 6.09753e-06 1.44547e-06 1.35423e-06 1.17732e-06 1.12713e-07 9.39691e-08
threshold=0.81666666666666676 117.50000000000001 0.30952380952380959 0.10188133993866479 0.43613053613053615 36.500000000000007 5.5000000000000009 56.500000000000007 0.37980769230769235 12.500000000000002 29.500000000000004 39.500000000000007 65.500000000000014 0.14039408866995076 1.0000000180025095e-35 0.44949494949494956 1.0000000180025095e-35 0.075498575498575513 0.84105263157894739 0.095389748255990309 26.500000000000004 0.17519181585677754 0.95119047619047625 0.23112535612535615 0.30952380952380959 33.500000000000007 0.40405073649754503 0.12310606060606062
decision_type=2 2 2 2 2 2 2 2 2 2 2 2 2 2 2 2 2 2 2 2 2 2 2 2 2 2 2 2
left_child=1 2 3 18 6 9 8 -8 -4 -6 12 -12 -5 14 16 -7 17 -2 27 -15 -16 -21 -22 24 -23 -24 -25 -1
right_child=13 -3 4 10 5 15 7 -9 -10 -11 11 -13 -14 19 20 -17 -18 -19 -20 21 22 23 25 26 -26 -27 -28 -29
leaf_value=-0.10001583199043838 -0.11562353182659502 -0.12562318120811591 0.00025459950975091812 -0.018711769815087716 0.02745060964844296 -0.13117604855209039 -0.11067687137378285 0.11806146929326111 0.067890356068450286 0.10446894235468281 0.066922893415214943 -0.076213425416632716 0.072041407338223493 0.10306857905103964 0.10165242501506298 -0.029007494884989316 -0.11291158179580907 0.10183425098295325 0.072757815644001952 0.10129760901203988 0.10115371899637911 0.1008480327025755 0.10057709548332723 0.1001197058505181 0.10016030092361544 0.10023788918518162 0.1000202447321546 -0.10010472057758504
leaf_weight=1.7729196731706931 0.19384277533390493 0.38097373272103041 106.88166856471798 21.475817344515242 4.3547091368673128 0.35972401499748219 1.8458415266650257 0.51309353203396302 2.7192987102753241 1.6608184017895835 2.8772999708162379 1.2759415925247592 1.5037053815321986 0.062501018539478426 0.114193374523893 0.31966845026181545 0.29331884858402191 0.18140254449099302 0.053451997169759013 0.067317282198928297 0.17019604495726526 0.047115170396864414 0.26738611911423504 0.15823804666433716 0.072986221770406701 0.16574982448946685 0.4069760553757078 0.12748224513052253
leaf_count=24814 17 22 13591 5165 4798 2 80 32 243 1291 158 36 45 7 18 52 17 27 7 20 24 7 57 314 73 75 3289 439
internal_value=-6.93294e-05 -0.000861218 -0.0005395 -0.0132157 0.0025679 0.0353377 0.00060835 -0.0609238 0.0019327 0.0487145 -0.00730512 0.0229491 -0.0127732 0.0532176 0.0254474 -0.0831036 -0.0554306 -0.0104992 -0.095295 0.100439 0.100807 0.100221 0.100647 0.100115 0.10043 0.100447 0.100048 -0.100022
internal_weight=150.324 148.122 147.741 29.0866 118.655 6.69492 111.96 2.35894 109.601 6.01553 27.1328 4.15324 22.9795 2.20122 1.38609 0.679392 0.668564 0.375245 1.95385 0.815134 0.717525 0.752633 0.603332 0.685315 0.120101 0.433136 0.565214 1.9004
internal_count=54720 50775 50753 30664 20089 6143 13946 112 13834 6089 5404 194 5210 3945 235 54 61 44 25260 3710 174 3703 156 3683 80 132 3603 25253
is_linear=0
shrinkage=0.1


Tree=94
num_leaves=31
num_cat=0
split_feature=12 4 11 8 8 1 2 7 1 8 8 3 5 5 8 10 3 3 3 1 4 2 8 2 7 8 8 1 2 8
split_gain=0.578296 1.12459 2.24702 1.73397 3.10779 2.26414 1.94836 1.49084 2.75617 2.62551 1.3674 2.10236 1.11592 1.05829 1.43157 1.00979 2.832 1.24085 1.40644 1.07019 1.06723 1.00313 1.33372 1.76117 3.49636 1.54712 2.0985 3.35051 2.04006 1.66037
threshold=1.0000000180025095e-35 0.066852886405959044 1.0000000180025095e-35 58.500000000000007 80.500000000000014 0.44949494949494956 0.72456896551724148 1.5000000000000002 0.5634920634920636 33.500000000000007 52.500000000000007 0.13188405797101452 0.92857142857142871 0.41428571428571431 63.500000000000007 2.5000000000000004 0.18898809523809526 0.24068965517241384 0.089572192513368995 0.31666666666666671 0.2228132387706856 0.62645348837209314 72.500000000000014 0.39339826839826847 26.500000000000004 51.500000000000007 48.500000000000007 0.64583333333333337 0.5480030721966207 52.500000000000007
decision_type=2 2 2 2 2 2 2 2 2 2 2 2 2 2 2 2 2 2 2 2 2 2 2 2 2 2 2 2 2 2
left_child=1 2 12 7 6 -6 -5 9 -9 -4 15 13 -1 -12 -15 17 -17 18 -3 -19 -18 22 25 24 -24 26 -2 -28 29 -27
right_child=21 10 3 4 5 -7 -8 8 -10 -11 11 -13 -14 14 -16 16 20 19 -20 -21 -22 -23 23 -25 -26 28 27 -29 -30 -31
leaf_value=-0.099282131230159845 -0.0087681833354966501 -0.067427246780339054 0.010232959520056333 -0.04572256079627348 -0.044074261107634016 0.085079072233912215 -0.18506110403609438 -0.019165021783519611 0.087495870424116315 0.16248248344968047 0.055409186930433257 0.025275746382923084 0.032583634326660456 0.33740637782574751 0.11010169786467286 -0.10771585863564202 -0.036417649036506537 -0.056407570083919327 0.046301283726535879 0.10661203639532879 0.022025897358321112 0.029124896249416457 0.08313326645268683 -0.12122042715989179 -0.13530030778166943 0.22377540289698175 -0.053482250693136925 -0.37125424484713859 -0.11329928255321349 0.033996462396302475
leaf_weight=3.5229053469010969 43.465719404988704 1.1826145637824108 2.9042485505342546 6.4805034910095838 2.3402422862127423 3.23182856105268 1.1873916282784192 10.7905082431389 3.1240951925283289 1.8568409809377042 0.78763361729215642 6.4211154391523451 0.78469988166762039 0.48026694322470553 0.65489347977563739 2.4863888893341963 4.2181555288116241 2.6843382490333165 13.502803330364257 0.47377228972618457 12.051394290028837 6.9623980452379319 1.7749424618086771 2.4428060005593579 1.2480423388769848 0.48788257909472754 2.1993915884377198 0.39075142452202261 0.90341721012373533 8.3696921472874219
leaf_count=14447 22305 1752 84 120 54 40 20 374 69 52 170 302 981 17 39 514 162 91 2974 233 5222 3782 141 31 20 56 149 3 14 502
internal_value=-5.95971e-05 0.00564506 -0.0074663 0.0016838 -0.0259992 0.0308353 -0.0672995 0.0213094 0.00478239 0.0696108 0.0162125 0.0527439 -0.0752607 0.144473 0.20627 0.00788409 -0.00831715 0.0249138 0.0371427 -0.0319518 0.00687342 -0.00684438 -0.0109309 -0.0580743 -0.00704726 -0.00631444 -0.0139789 -0.101422 0.0298494 0.0444496
internal_weight=149.412 81.1666 36.2233 31.9157 13.24 5.57207 7.6679 18.6757 13.9146 4.76109 44.9434 8.34391 4.30761 1.92279 1.13516 36.5995 18.7559 17.8435 14.6854 3.15811 16.2695 68.245 61.2826 5.46579 3.02298 55.8169 46.0559 2.59014 9.76099 8.85757
internal_count=54720 27717 16241 813 234 94 140 579 443 136 11476 528 15428 226 56 10948 5898 5050 4726 324 5384 27003 23221 192 161 23029 22457 152 572 558
is_linear=0
shrinkage=0.1


Tree=95
num_leaves=31
num_cat=0
split_feature=1 9 1 9 1 1 10 1 2 2 7 1 2 9 9 8 8 8 8 8 8 8 8 7 2 10 8 7 4 11
split_gain=0.551846 0.555985 2.19601 1.95941 2.87907 4.89387 2.11944 1.73866 4.67588 4.58191 4.17893 3.00707 3.95913 2.51882 2.35104 1.72666 5.35042 1.69763 1.55524 1.38407 1.06503 0.831174 0.82566 2.1106 0.809408 0.596164 0.579214 0.36679 0.257759 0.738067
threshold=0.81666666666666676 2.5000000000000004 0.44949494949494956 1.5000000000000002 0.23611111111111113 1.0000000180025095e-35 2.5000000000000004 0.5634920634920636 0.57294832826747732 0.48610038610038614 3.5000000000000004 0.43650793650793657 0.43534002229654406 3.5000000000000004 3.5000000000000004 51.500000000000007 48.500000000000007 34.500000000000007 28.500000000000004 51.500000000000007 72.500000000000014 72.500000000000014 30.500000000000004 1.0000000180025095e-35 0.45080645161290328 1.5000000000000002 78.500000000000014 3.5000000000000004 0.14918826918041375 1.0000000180025095e-35
decision_type=2 2 2 2 2 2 2 2 2 2 2 2 2 2 2 2 2 2 2 2 2 2 2 2 2 2 2 2 2 2
left_child=1 2 3 4 5 -1 17 8 11 22 13 12 -3 -11 -12 16 18 -5 -4 -6 25 27 23 -9 -8 -10 -13 -17 29 -2
right_child=28 7 15 6 19 -7 24 9 20 10 14 26 -14 -15 -16 21 -18 -19 -20 -21 -22 -23 -24 -25 -26 -27 -28 -29 -30 -31
leaf_value=0.0043717951670370079 -0.054008441668352704 -0.10884945056495121 -0.0020790672504545911 0.035039291973167061 0.038298405897360693 -0.088470469207286975 -0.12529076556066301 -0.23054257001967782 0.13111786436218262 -0.07364142389098581 0.053061255833005111 -0.14390517092065444 0.2294140954666451 0.060607619139902195 -0.072450700626477973 0.16065774373612021 -0.24314326320041799 -0.041902037326495362 0.064506663132706282 0.14976896954691699 -0.12804144764043787 0.023226996977562267 0.118363829236054 0.077572235384067781 0.1061319350796395 -0.0092967373693671421 -0.063695652529295682 0.089724867812355072 0.10029367133267848 0.10069921383788885
leaf_weight=57.522247307326325 0.60384129081648896 0.79526906267710529 7.0816996436442423 4.1332998085908939 9.1958082705950783 6.2992998593708753 2.7423614125327727 0.25891206006054091 1.5227977374306649 11.003987323623734 8.1414950139660487 4.0940726728367736 0.61250188307894859 1.6008970896946255 1.8273937678241043 1.1752041267027373 0.7505305550585043 9.3648600260057702 6.9507309252367122 1.2673949839954719 0.22241649139323261 1.3752424778649581 3.1686084381944966 1.5731239428932893 0.1599463285456294 0.37728684906323895 1.1540870832686776 1.9199698682641608 0.71984776843601128 0.6302015227265656
leaf_count=15804 65 337 2273 4136 3473 18035 306 45 79 1161 1438 617 109 372 646 19 11 966 118 65 6 15 79 325 146 143 14 37 3706 174
internal_value=-5.51045e-05 -0.000760218 0.00278478 -0.00372741 0.00317932 -0.0047919 -0.035011 -0.011481 -0.0502409 0.000858345 -0.0183275 -0.0914548 0.0383244 -0.056591 0.0300537 0.0334578 0.0169897 -0.0183417 0.0309031 0.0518007 0.0790011 0.0879152 0.0874666 0.034028 -0.112537 0.103237 -0.126267 0.116657 0.0527381 0.0249977
internal_weight=148.245 146.291 109.939 90.6852 74.2848 63.8215 16.4005 36.3528 8.77843 27.5744 22.5738 6.65593 1.40777 12.6049 9.96889 19.2534 14.783 13.4982 14.0324 10.4632 2.1225 4.47042 5.00064 1.83204 2.90231 1.90008 5.24816 3.09517 1.95389 1.23404
internal_count=54720 50775 45404 42931 37377 33839 5554 5371 1305 4066 3617 1077 446 1533 2084 2473 2402 5102 2391 3538 228 71 449 370 452 222 631 56 3945 239
is_linear=0
shrinkage=0.1


Tree=96
num_leaves=31
num_cat=0
split_feature=4 7 7 7 5 7 2 1 3 2 1 8 2 8 4 3 8 2 7 3 4 4 8 2 3 10 2 3 2 5
split_gain=0.517162 0.641961 0.526929 1.73105 2.21883 2.00988 1.34658 3.14301 3.03083 1.97471 1.94391 1.52635 1.1427 0.991505 0.9734 0.197587 0.144679 0.106726 0.250683 0.0979958 0.0251715 0.0386766 0.000558899 0.000180141 0.000156532 6.21501e-06 2.47192e-06 3.66801e-07 1.56936e-07 1.6532e-07
threshold=0.73557158712541637 40.500000000000007 22.500000000000004 26.500000000000004 0.92857142857142871 29.500000000000004 0.20611577964519143 0.080128205128205135 0.19615384615384621 1.0000000180025095e-35 0.23611111111111113 62.500000000000007 1.0000000180025095e-35 66.500000000000014 0.38729838709677428 0.31698564593301443 44.500000000000007 0.090230664857530549 12.500000000000002 0.16064516129032261 0.45049019607843144 0.1937129690585912 42.500000000000007 0.13536417773705914 0.58578431372549034 5.5000000000000009 0.17694497153700192 0.62828947368421062 0.26365441906653431 0.41428571428571431
decision_type=2 2 2 2 2 2 2 2 2 2 2 2 2 2 2 2 2 2 2 2 2 2 2 2 2 2 2 2 2 2
left_child=1 2 6 12 5 -5 8 19 11 -10 -9 -1 13 -4 -6 -14 20 18 -2 -8 21 22 -3 -19 -20 -26 -25 -27 29 -28
right_child=17 16 3 4 14 -7 7 10 9 -11 -12 -13 15 -15 -16 -17 -18 23 24 -21 -22 -23 -24 26 25 27 28 -29 -30 -31
leaf_value=-0.084855249389391693 -0.034647165105024809 -0.10188466077957725 0.045548500818371966 -0.041318505579657966 -0.055528667795569343 0.037749754677168262 0.14978861319433998 -0.10506244712460884 0.013884464369726205 -0.053429941925169581 0.0030927183234032052 0.012905641673634342 -0.095983955651959746 0.14773856140570582 -0.19784426614129905 0.1023982394300218 -0.011959160858479329 0.10572233509216265 0.10636792544932153 0.10528001830629544 -0.12279211967021778 -0.02324523781222464 -0.11315503062261306 0.10082268573487828 0.10125410860378124 0.10080266308569104 0.10044873106104797 0.10010365151175489 0.1000105700032983 0.10003900650325492
leaf_weight=8.0906012981431541 0.25395639077760168 0.076905258860277992 6.9422203033991536 4.8991485967617363 2.2417714943730966 9.3514282851010631 0.71730630367528592 1.6974287594803161 19.97215380258422 5.5743321568988895 79.192493513615773 1.9898634921119072 0.5878210330083683 1.0998897937897707 0.61175422801170487 0.054894083012186456 0.20511864432046423 0.064971577972755767 0.056282903999090195 1.5938158977078272 0.42254511499777436 0.076013145851902664 0.10283818510288256 0.043369347200496122 0.072777492721797898 0.0078993756324052811 0.017539775348268449 0.15110172500135377 0.38514157911413349 0.02245603588380618
leaf_count=25414 44 60 637 505 165 788 24 4540 908 486 14379 587 607 28 62 14 19 26 1 376 4 7 2 30 21 1 5 520 4357 103
internal_value=-5.39687e-05 -0.000564656 -4.55013e-05 0.0129116 -0.0055499 0.0105672 -0.00285756 0.00410843 -0.0191255 -0.000803773 0.000823144 -0.0655574 0.0492703 0.0595247 -0.0860391 -0.0790402 -0.0855508 0.0690352 0.0377828 0.119094 -0.107805 -0.0830441 -0.108333 0.100788 0.101637 0.100489 0.100104 0.100138 0.10003 0.100219
internal_weight=146.576 145.5 144.617 25.7889 17.1041 14.2506 118.828 83.201 35.627 25.5465 80.8899 10.0805 8.68483 8.04211 2.85353 0.642715 0.88342 1.0755 0.542018 2.31112 0.678302 0.255757 0.179743 0.533478 0.288061 0.231779 0.468507 0.159001 0.425137 0.0399958
internal_count=54720 49612 49520 2806 1520 1293 46714 19319 27395 1394 18919 26001 1286 665 227 621 92 5108 587 400 73 69 62 4521 543 542 4495 521 4465 108
is_linear=0
shrinkage=0.1


Tree=97
num_leaves=31
num_cat=0
split_feature=5 4 3 7 7 1 8 5 10 1 5 4 12 2 1 3 10 4 7 8 8 8 8 4 8 8 2 2 2 4
split_gain=0.547679 1.15703 0.70352 0.614018 1.49778 3.80549 5.08237 1.76725 1.92503 1.7115 1.08457 0.909352 1.97983 1.77057 0.634206 0.517789 0.642164 0.459014 1.24331 2.05863 2.07309 1.06583 0.976663 1.25843 0.818685 1.1578 1.12701 0.509048 0.385652 0.373213
threshold=0.30952380952380959 0.10188133993866479 0.51470588235294124 9.5000000000000018 10.500000000000002 0.19090909090909094 69.500000000000014 0.41428571428571431 2.5000000000000004 0.5634920634920636 0.41428571428571431 0.25108695652173918 1.0000000180025095e-35 0.20864427860696519 0.31666666666666671 0.7947368421052633 5.5000000000000009 0.18225524475524477 29.500000000000004 39.500000000000007 27.500000000000004 70.500000000000014 57.500000000000007 0.13004065040650412 14.500000000000002 20.500000000000004 0.23582887700534763 0.77888888888888907 0.069971440228478191 0.43613053613053615
decision_type=2 2 2 2 2 2 2 2 2 2 2 2 2 2 2 2 2 2 2 2 2 2 2 2 2 2 2 2 2 2
left_child=1 -1 3 10 5 29 -7 8 -6 -9 14 13 -13 -12 -2 -4 28 18 22 20 -20 24 27 -24 26 -26 -19 -3 -17 -5
right_child=2 17 15 4 7 6 -8 9 -10 -11 11 12 -14 -15 -16 16 -18 21 19 -21 -22 -23 23 -25 25 -27 -28 -29 -30 -31
leaf_value=-0.095159598667163559 -0.12147061036590595 -0.10737753257860083 0.092426261816061089 -0.10989869610746512 0.20234824051292555 0.24531625052333339 -0.13070955194299458 -0.0054300994141223509 0.032078656652189647 0.10535461606249062 -0.054081385812745499 0.074670612590378424 -0.030559035228481371 1.737558921232787e-05 0.033102411001246744 -0.12039130832755723 0.10014144981292461 -0.0073300489519095074 -0.1033940288509045 -0.10496074634254865 0.20644265843401244 0.15605027407643121 0.10240711994373784 -0.074400701243146419 -0.091143306946286987 -0.0063045263311131477 0.063074022304589777 -0.011220887511695941 0.10021134798054941 0.1079666270842415
leaf_weight=1.5987079615006248 1.1875016608246358 2.6086360847730279 1.5009042208621388 0.82189124337310149 0.86806331559637273 1.5400266362557888 0.46888164622941975 32.749109203970875 2.8244817743106978 1.4565143075596996 6.7507260833735918 4.3508506091020527 3.0352404718287289 58.262876420034445 0.34185058715956973 0.40517530194483686 0.34309505359487957 6.8049272966382031 0.29407672756497027 0.60755027597770084 0.81285083165857941 0.42794520314782758 0.75172270112670936 0.86666438786778599 2.0494411524814478 7.4779334985068999 3.4145975470019039 0.69783301767893124 0.098512794287671568 0.086946523311780766
leaf_count=25298 601 3385 3747 448 487 152 10 4511 102 114 4703 1772 653 2728 218 23 2686 845 86 27 19 5 33 38 159 299 882 12 671 6
internal_value=-6.092e-05 -0.0125155 0.00296123 0.0018525 0.0116975 0.0807366 0.157551 0.00638227 0.0721065 -0.00071276 -0.0035829 -0.00182252 0.0314275 -0.0056 -0.0869195 0.0571514 -0.00537263 -0.00758816 -0.0303954 0.0429474 0.124129 -8.25164e-05 -0.0559281 0.00772455 -0.00346615 -0.0245543 0.0161937 -0.0870836 -0.0772452 -0.089056
internal_weight=145.506 28.4129 117.093 114.745 40.8159 2.91775 2.00891 37.8982 3.69255 34.2056 73.929 72.3997 7.38609 65.0136 1.52935 2.34769 0.846783 26.8142 6.63933 1.71448 1.10693 20.1748 4.92486 1.61839 19.7469 9.52737 10.2195 3.30647 0.503688 0.908838
internal_count=54720 31088 23632 16505 5830 616 162 5214 589 4625 10675 9856 2425 7431 819 7127 3380 5790 3600 132 105 2190 3468 71 2185 458 1727 3397 694 454
is_linear=0
shrinkage=0.1


Tree=98
num_leaves=9
num_cat=0
split_feature=8 8 8 8 7 2 2 7
split_gain=0.553327 0.964655 0.705701 1.3363 0.522836 1.64587 1.6418 0.0686004
threshold=110.50000000000001 104.50000000000001 101.50000000000001 97.500000000000014 1.5000000000000002 0.5480030721966207 0.55291153415453542 8.5000000000000018
decision_type=2 2 2 2 2 2 2 2
left_child=1 2 3 4 5 -1 -6 -2
right_child=7 -3 -4 -5 6 -7 -8 -9
leaf_value=0.032745417943148954 -0.081871555092800544 0.11926497089004234 -0.11169483974248512 0.11074270497966082 -0.0084641024533570648 -0.022340156854594655 0.023486298464295226 -0.037955105582870817
leaf_weight=15.215751609463043 0.78184784600671153 0.68096018546202586 0.56383133223789528 1.0891542790413939 97.559097760786244 8.4285097685715282 19.257770896345392 0.65256653907999862
leaf_count=5469 29 20 23 40 40109 4851 4163 16
internal_value=-9.31177e-05 0.000527672 -4.12745e-05 0.00040347 -0.000452115 0.013109 -0.00319694 -0.0618924
internal_weight=144.229 142.795 142.114 141.55 140.461 23.6443 116.817 1.43441
internal_count=54720 54675 54655 54632 54592 10320 44272 45
is_linear=0
shrinkage=0.1


Tree=99
num_leaves=31
num_cat=0
split_feature=3 1 9 4 2 4 8 4 3 10 7 3 10 3 8 8 7 1 11 3 3 2 7 9 4 2 5 8 2 2
split_gain=0.516951 1.44591 1.2632 1.15039 1.10699 0.922666 1.09932 1.54497 1.89479 2.18581 1.52679 1.24131 1.36726 2.26455 1.22613 0.812448 0.626417 0.835657 0.301396 0.144958 0.121434 0.277943 0.0865024 0.0530771 0.00253948 0.00244572 0.00237892 0.000556875 0.000339164 0.000173033
threshold=0.28991596638655465 0.41428571428571431 1.5000000000000002 0.21458087367178277 0.173494983277592 0.45049019607843144 21.500000000000004 0.10726270373921382 0.22474747474747478 2.5000000000000004 18.500000000000004 0.2752525252525253 3.5000000000000004 0.22902097902097904 49.500000000000007 54.500000000000007 9.5000000000000018 0.72077922077922085 1.0000000180025095e-35 0.29705882352941182 0.35504201680672276 0.21483516483516488 14.500000000000002 4.5000000000000009 0.30289129830414241 0.22128060263653485 0.15476190476190479 3.5000000000000004 0.1908263305322129 0.090230664857530549
decision_type=2 2 2 2 2 2 2 2 2 2 2 2 2 2 2 2 2 2 2 2 2 2 2 2 2 2 2 2 2 2
left_child=5 2 3 -2 15 6 7 18 9 -9 -10 12 13 -8 -14 -5 24 29 23 -6 -4 -22 -13 -1 26 -7 -3 -28 -26 -18
right_child=1 16 20 4 19 25 11 8 10 -11 -12 22 14 -15 -16 -17 17 -19 -20 -21 21 -23 -24 -25 28 -27 27 -29 -30 -31
leaf_value=-0.10107252096354498 0.11512820032496102 0.1161697329657323 -0.11332527714929684 -0.005416055580951748 -0.10342162560777408 0.11572397696332054 0.000430898438792101 0.025885608879231605 -0.082179401390304899 -0.082980972497079586 0.032727022003292347 0.0840072681872744 -0.092892707483183734 0.08751766128233493 -0.0070705599521681817 0.097043154519647873 0.10684437729429326 -0.13518464671900052 0.056832996570944927 0.10586005389567153 -0.11973631790614228 0.10075832091709643 0.14706495943650785 -0.013369556231451927 0.1050497153093236 0.10023491679960794 0.10849607054952029 0.10187058792309785 0.10020365806557388 0.10090239110486994
leaf_weight=2.6683327220507671 0.99020450538956595 0.2345861643552779 0.92805578099796437 18.189915975846823 0.03410141810309042 0.56008352804928918 84.007917875189378 11.347043312303869 5.2299238544219397 2.2021977312542722 1.484610740561038 0.38883146754233067 2.8570127869861599 3.0959498499141764 3.9889551622618455 0.80830599176988371 0.061101929226424434 0.28595358294114703 0.13034631370101113 1.1229231816178069 0.14623612319701351 0.093863320020318497 0.49384841055143625 0.070836579536262323 0.16185324305843085 0.1246266797388671 0.19441223796457052 0.36509232745447662 1.3409723093864157 0.24759710930084111
leaf_count=27819 35 3 17 1153 2 7 10675 3602 502 636 56 31 201 87 112 37 2 119 16 950 4 205 12 18 18 190 15 158 7451 587
internal_value=-7.99137e-05 0.0129263 0.00430432 0.00989666 0.00472675 -0.00284285 -0.00351469 -0.02306 -0.0133352 0.00819121 -0.0567731 0.00125318 0.000144219 0.00352624 -0.0428865 -0.00105678 0.0794603 -0.0120154 -0.0917347 0.0996918 -0.0969259 -0.0335372 0.119287 -0.0988045 0.103143 0.112905 0.107717 0.104173 0.100726 0.102079
internal_weight=143.856 25.2052 22.3136 21.1455 20.1552 118.651 117.966 23.1333 20.2638 13.5492 6.71453 94.8325 93.9498 87.1039 6.84597 18.9982 2.89157 0.594653 2.86952 1.15702 1.16816 0.240099 0.88268 2.73917 2.29692 0.68471 0.794091 0.559505 1.50283 0.308699
internal_count=54720 10756 2403 2177 2142 43964 43767 32649 4796 4238 558 11118 11075 10762 313 1190 8353 708 27853 952 226 209 43 27837 7645 197 176 173 7469 589
is_linear=0
shrinkage=0.1


end of trees

feature_importances:
Column_2=502
Column_4=443
Column_8=443
Column_3=357
Column_7=305
Column_5=271
Column_1=262
Column_10=149
Column_11=112
Column_12=58
Column_9=41

parameters:
[boosting: gbdt]
[objective: binary]
[metric: binary_logloss]
[tree_learner: serial]
[device_type: cpu]
[data_sample_strategy: bagging]
[data: ]
[valid: ]
[num_iterations: 100]
[learning_rate: 0.1]
[num_leaves: 31]
[num_threads: 4]
[seed: 42]
[deterministic: 0]
[force_col_wise: 0]
[force_row_wise: 0]
[histogram_pool_size: -1]
[max_depth: 6]
[min_data_in_leaf: 20]
[min_sum_hessian_in_leaf: 0.001]
[bagging_fraction: 1]
[pos_bagging_fraction: 1]
[neg_bagging_fraction: 1]
[bagging_freq: 0]
[bagging_seed: 400]
[bagging_by_query: 0]
[feature_fraction: 1]
[feature_fraction_bynode: 1]
[feature_fraction_seed: 30056]
[extra_trees: 0]
[extra_seed: 12879]
[early_stopping_round: 0]
[early_stopping_min_delta: 0]
[first_metric_only: 0]
[max_delta_step: 0]
[lambda_l1: 0]
[lambda_l2: 0]
[linear_lambda: 0]
[min_gain_to_split: 0]
[drop_rate: 0.1]
[max_drop: 50]
[skip_drop: 0.5]
[xgboost_dart_mode: 0]
[uniform_drop: 0]
[drop_seed: 17869]
[top_rate: 0.2]
[other_rate: 0.1]
[min_data_per_group: 100]
[max_cat_threshold: 32]
[cat_l2: 10]
[cat_smooth: 10]
[max_cat_to_onehot: 4]
[top_k: 20]
[monotone_constraints: ]
[monotone_constraints_method: basic]
[monotone_penalty: 0]
[feature_contri: ]
[forcedsplits_filename: ]
[refit_decay_rate: 0.9]
[cegb_tradeoff: 1]
[cegb_penalty_split: 0]
[cegb_penalty_feature_lazy: ]
[cegb_penalty_feature_coupled: ]
[path_smooth: 0]
[interaction_constraints: ]
[verbosity: -1]
[saved_feature_importance_type: 0]
[use_quantized_grad: 0]
[num_grad_quant_bins: 4]
[quant_train_renew_leaf: 0]
[stochastic_rounding: 1]
[linear_tree: 0]
[max_bin: 255]
[max_bin_by_feature: ]
[min_data_in_bin: 3]
[bin_construct_sample_cnt: 200000]
[data_random_seed: 175]
[is_enable_sparse: 1]
[enable_bundle: 1]
[use_missing: 1]
[zero_as_missing: 0]
[feature_pre_filter: 1]
[pre_partition: 0]
[two_round: 0]
[header: 0]
[label_column: ]
[weight_column: ]
[group_column: ]
[ignore_column: ]
[categorical_feature: ]
[forcedbins_filename: ]
[precise_float_parser: 0]
[parser_config_file: ]
[objective_seed: 16083]
[num_class: 1]
[is_unbalance: 0]
[scale_pos_weight: 1]
[sigmoid: 1]
[boost_from_average: 1]
[reg_sqrt: 0]
[alpha: 0.9]
[fair_c: 1]
[poisson_max_delta_step: 0.7]
[tweedie_variance_power: 1.5]
[lambdarank_truncation_level: 30]
[lambdarank_norm: 1]
[label_gain: ]
[lambdarank_position_bias_regularization: 0]
[eval_at: ]
[multi_error_top_k: 1]
[auc_mu_weights: ]
[num_machines: 1]
[local_listen_port: 12400]
[time_out: 120]
[machine_list_filename: ]
[machines: ]
[gpu_platform_id: -1]
[gpu_device_id: -1]
[gpu_device_id_list: ]
[gpu_use_dp: 0]
[num_gpu: 1]

end of parameters

pandas_categorical:null
